Ward,x,y,fill_ratio_0,distance_from_0_0_0,fill_per_m_0_0_0_0,distance_from_0_0_1,fill_per_m_0_0_0_1,distance_from_0_1_0,fill_per_m_0_0_1_0,distance_from_0_1_1,fill_per_m_0_0_1_1,distance_from_0_2_0,fill_per_m_0_0_2_0,fill_ratio_1,distance_from_250_0_0,fill_per_m_1_250_0_0,distance_from_221_0_1,fill_per_m_1_221_0_1,distance_from_113_1_0,fill_per_m_1_113_1_0,distance_from_239_1_1,fill_per_m_1_239_1_1,distance_from_211_2_0,fill_per_m_1_211_2_0,fill_ratio_2,distance_from_74_0_1,fill_per_m_2_74_0_1,distance_from_2_1_0,fill_per_m_2_2_1_0,distance_from_224_1_1,fill_per_m_2_224_1_1,distance_from_88_2_0,fill_per_m_2_88_2_0
0,76.782452,30.758257,1.0,0.9855464900521143,101.46654775738905,0.9855464900521143,101.46654775738905,0.9855464900521143,101.46654775738905,0.9855464900521143,101.46654775738905,0.9855464900521143,101.46654775738905,1.0,0.7844491596899774,127.47798727902399,0.8145902323392845,122.76110862860071,0.8399282651349024,119.05778642172355,0.6086365936592771,164.3016556049887,0.03803368342551736,2629.2483660130724,0.0,0.8906398430355921,112.27883053060738,0.7190266075978585,139.0769116793639,0.4638972984010582,215.5649544515043,0.04222413594112059,0.0
0,76.791314,30.765309,1.0,0.9452684370632245,105.79005505640455,0.9452684370632245,105.79005505640455,0.9452684370632245,105.79005505640455,0.9452684370632245,105.79005505640455,0.9452684370632245,105.79005505640455,1.0,0.7990216229548631,125.15305859957812,0.8392666282989394,119.15164576802508,0.8707884567951986,114.83845383990784,0.7236783688234811,138.18293361811385,0.20910137301652554,478.23693626390906,0.0,0.8987256433445696,111.26866217798595,0.752659705664721,132.86216765342013,0.5232015127846749,191.1309458333988,0.14788292362081723,0.0
0,76.794879,30.751573,1.0,0.9956059830860444,100.44134095099906,0.9956059830860444,100.44134095099906,0.9956059830860444,100.44134095099906,0.9956059830860444,100.44134095099906,0.9956059830860444,100.44134095099906,1.0,0.7736780329250309,129.25273271871473,0.8014867427092425,124.76812737035786,0.9258133445691756,108.01313308627527,0.5687643583029866,175.8197371902284,0.23108716806613094,432.73713913609726,0.0,0.8961186183926726,111.59236952287128,0.7605862702019442,131.47752453308007,0.4142313981601308,241.41096122641738,0.15838524894413178,0.0
0,76.77424,30.748268,1.0,1.0,100.0,1.0,100.0,1.0,100.0,1.0,100.0,1.0,100.0,1.0,0.7941286890274611,125.9241749878929,0.681335787343534,146.770508547468,0.7971321044968821,125.44972086291268,0.46891739691783646,213.2571763327475,0.22229852850955506,449.8455328088314,1.0,0.7648545449550861,130.74381352584132,0.43663983737604045,229.02170493865995,0.31962567187686,312.86598292557153,0.1725498814200295,579.5425599660368
0,76.771048,30.761639,1.0,0.986910614286325,101.3262990106901,0.986910614286325,101.3262990106901,0.986910614286325,101.3262990106901,0.986910614286325,101.3262990106901,0.986910614286325,101.3262990106901,1.0,0.8491685546958492,117.76225043544798,0.7655366990125252,130.6273103941211,0.8721754370965673,114.655831552532,0.5685375967169666,175.88986300545875,0.16925576027016628,590.8218416931859,1.0,0.8955157525755567,111.66749408080655,0.7315607232932929,136.69405261374126,0.4336168939426324,230.61832091170788,0.1917667678365323,521.4667855550601
0,76.769145,30.746104,1.0,1.0,100.0,1.0,100.0,1.0,100.0,1.0,100.0,1.0,100.0,1.0,0.7868339810772197,127.09161323090598,0.6637659729646022,150.65550822583802,0.6934089978119911,144.2150308339577,0.43199688283661863,231.48315178426884,0.27078358693588833,369.29860163081577,1.0,0.7559620745121939,132.28176832088812,0.5573528089438611,179.41956763345644,0.2691051143459452,371.602004826434,0.23152930832942023,431.9107620609303
0,76.76597,30.7442,1.0,1.0,100.0,1.0,100.0,1.0,100.0,1.0,100.0,1.0,100.0,1.0,0.8823351747386472,113.335615379519,0.6038153138670486,165.61355385235984,0.7010200800865168,142.64926617745164,0.37931975175128363,263.6298255978219,0.35447539434328085,282.10702800758594,1.0,0.7620202846871073,131.2301024126424,0.5683317257572658,175.95357687758215,0.30546868149533807,327.36580231556786,0.250606494607313,399.03195707954285
0,76.779187,30.743609,1.0,1.0,100.0,1.0,100.0,1.0,100.0,1.0,100.0,1.0,100.0,1.0,0.7700955083884343,129.85402318378442,0.6525668508398499,153.24100491972672,0.691162706440023,144.68373230822993,0.5186236325392752,192.8180548009004,0.22577820717973493,442.91254346081837,1.0,0.7541640248382195,132.59714956763102,0.5540996145446494,180.47296438236737,0.2656723327596792,376.40351541783457,0.2565441864677999,389.79639872896314
0,76.782044,30.751951,1.0,1.0,100.0,1.0,100.0,1.0,100.0,1.0,100.0,1.0,100.0,1.0,0.7310880574266189,136.78242857911442,0.7583362013864988,131.8676331383965,0.8802104331579723,113.6091964295689,0.530222724814396,188.5999888726099,0.3102905747578544,322.2785612422754,1.0,0.851103790746841,117.4944831490532,0.7048035793303505,141.8835019183816,0.37876001769998524,264.0194194921855,0.25686611927823394,389.3078631038971
0,76.801987,30.752503,1.0,0.9591201326270673,104.26222596964587,0.9591201326270673,104.26222596964587,0.9591201326270673,104.26222596964587,0.9591201326270673,104.26222596964587,0.9591201326270673,104.26222596964587,1.0,0.771946140471473,129.54271646325495,0.8088229347782135,123.63645453182023,0.9374671464963001,106.67040479630788,0.5979944199587562,167.22564067888294,0.33837087056730425,295.53371373943173,1.0,0.8953236828272209,111.69144960426335,0.7222918604180988,138.44818899400997,0.48080344506894185,207.98519857872714,0.2651025029315434,377.21258341277405
0,76.77055,30.741327,1.0,1.0,100.0,1.0,100.0,1.0,100.0,1.0,100.0,1.0,100.0,1.0,0.7880376262164523,126.89749407033102,0.6629081083277463,150.8504704404058,0.7226691859165804,138.37590137895165,0.42725665874321933,234.05135520684738,0.34678287722719975,288.3648719901576,1.0,0.755561650515024,132.35187351268505,0.5499380345787367,181.83866856308995,0.26163629345198186,382.2099704923125,0.2900489628410638,344.7693762476797
0,76.775422,30.74005,1.0,1.0,100.0,1.0,100.0,1.0,100.0,1.0,100.0,1.0,100.0,1.0,0.7699328178476359,129.88146196904842,0.6633969402381115,150.7393144805691,0.7007810290862642,142.6979268123,0.5336252035453455,187.3974455022201,0.264721081934924,377.75608678036025,1.0,0.7618300067279659,131.26287901089196,0.5679963337461119,176.0574744214791,0.28855173220745534,346.5583077079039,0.2945288961260567,339.5252598821426
0,76.766896,30.748096,1.0,0.9822726145747908,101.80473171726193,0.9822726145747908,101.80473171726193,0.9822726145747908,101.80473171726193,0.9822726145747908,101.80473171726193,0.9822726145747908,101.80473171726193,1.0,0.8823164800793393,113.33801675222914,0.6664505178036733,150.04864926739927,0.7853832510060458,127.32637202525498,0.44672248393187497,223.8526234897323,0.23210573493792078,430.8381265406738,1.0,0.765376766540156,130.65460616481025,0.5597715179371769,178.64431611045808,0.38815249938016133,257.6306996855346,0.31034844468178435,322.2184667383623
0,76.805606,30.74516,1.0,0.9545060804805886,104.7662262661025,0.9545060804805886,104.7662262661025,0.9545060804805886,104.7662262661025,0.9545060804805886,104.7662262661025,0.9545060804805886,104.7662262661025,1.0,0.7462060276068444,134.01124662676577,0.7872338031971741,127.02706564920403,0.8515822749209706,117.42846574546223,0.5526093755273311,180.95965147998862,0.42891856318412436,233.1444907808115,1.0,0.8908213429931039,112.25595433536232,0.6909585897334938,144.72647346141324,0.5014230912015839,199.4323790720632,0.34892171310931364,286.5972401341243
0,76.778147,30.738008,1.0,1.0,100.0,1.0,100.0,1.0,100.0,1.0,100.0,1.0,100.0,1.0,0.749162166675945,133.48244805754538,0.6120135834771475,163.39506622034637,0.7499972165005846,133.3338281795104,0.3537271057173078,282.7038086244885,0.416522852530201,240.0828655439722,0.0,0.713566776150977,140.14105384699403,0.5066970995936091,197.35656683293413,0.22507376273450982,0.0,0.3560318432333129,280.8737530099759
0,76.786322,30.7382,1.0,1.0,100.0,1.0,100.0,1.0,100.0,1.0,100.0,1.0,100.0,1.0,0.7077452781413972,141.29377205116648,0.6273004279098419,159.41325009644726,0.7636265634109584,130.95406156815858,0.37211655868084964,268.73300224665957,0.4042592979638531,247.36598639455784,1.0,0.7313078200798618,136.74132458898032,0.5126227903241775,195.07521297826227,0.24500863519860958,408.148879809635,0.36722144609326013,272.31525027708716
0,76.80233,30.744275,1.0,0.9822090113324663,101.81132411353042,0.9822090113324663,101.81132411353042,0.9822090113324663,101.81132411353042,0.9822090113324663,101.81132411353042,0.9822090113324663,101.81132411353042,1.0,0.7328619668440665,136.45134353285022,0.7669249347044488,130.39085766397358,0.8747090386527806,114.3237300417281,0.6128383620925174,163.17516360848091,0.39525937906389674,252.9984240648069,1.0,0.8653873474160446,115.55519074618951,0.6513600052455003,153.5249312126703,0.406537204804004,245.97994677562434,0.37236495568645017,268.5537359863826
0,76.795277,30.745213,1.0,1.0,100.0,1.0,100.0,1.0,100.0,1.0,100.0,1.0,100.0,1.0,0.742984509082804,134.5923081538369,0.7786693413574055,128.42421640188923,0.9167948289312381,109.07565885441993,0.5201381923548423,192.2565992458005,0.4491920205059623,222.62194214260907,1.0,0.8803298785244622,113.59378164877457,0.662598907834615,150.92086451938442,0.39136297782235596,255.5172708374861,0.3886437089044913,257.3050784274367
0,76.804139,30.741704,1.0,1.0,100.0,1.0,100.0,1.0,100.0,1.0,100.0,1.0,100.0,1.0,0.7290095235901747,137.1724192401864,0.76615958635144,130.52111045978566,0.9127215357508895,109.56244164626915,0.4990153966627129,200.3946184201417,0.47904695003282005,208.7478064376548,1.0,0.8695602105093451,115.0006621639518,0.6513582919723159,153.52533503058592,0.5560302635973144,179.84632590506175,0.39558022501928897,252.79322290471896
0,76.799059,30.741536,1.0,0.982006476784155,101.83232225461177,0.982006476784155,101.83232225461177,0.982006476784155,101.83232225461177,0.982006476784155,101.83232225461177,0.982006476784155,101.83232225461177,1.0,0.7298208384451296,137.01992973103953,0.7642715828332062,130.84354075980855,0.8818815831647822,113.39390901115429,0.6084308719343037,164.35720903195337,0.3969627640173745,251.91279652522556,1.0,0.8638549023508736,115.7601811691552,0.6473910496590293,154.46614538873905,0.4083689777512517,244.87658330626826,0.3966643456348022,252.10231547270755
0,76.80957,30.744244,1.0,0.9656761427167689,103.55438596491227,0.9656761427167689,103.55438596491227,0.9656761427167689,103.55438596491227,0.9656761427167689,103.55438596491227,0.9656761427167689,103.55438596491227,1.0,0.7451970318164877,134.19269767653344,0.786387919447927,127.16370321431648,0.9301324839901061,107.5115660631671,0.5508420018297022,181.5402595804884,0.5107466766057897,195.79177815616634,1.0,0.8830345949242707,113.24584628371896,0.7010808796123743,142.6368952684742,0.5888252634432284,169.82966969731845,0.4288957408599601,233.1568968241428
0,76.811201,30.741305,1.0,0.9255968347639484,108.03839884078972,0.9255968347639484,108.03839884078972,0.9255968347639484,108.03839884078972,0.9255968347639484,108.03839884078972,0.9255968347639484,108.03839884078972,1.0,0.7267860336194563,137.5920771371892,0.7675026824034334,130.29270423765837,0.872775840486409,114.5769570618141,0.6245305793991416,160.12026199935576,0.5411860693848355,184.77933128188184,1.0,0.862325643776824,115.96547165409442,0.6639172031473533,150.62119120568335,0.5756996602288983,173.70168320099404,0.4568580114449213,218.88638810059695
0,76.79506,30.736182,1.0,1.0,100.0,1.0,100.0,1.0,100.0,1.0,100.0,1.0,100.0,1.0,0.6434737886190809,155.40648549897236,0.6829776030760564,146.41768565998495,0.8388254166513599,119.2143180391527,0.3989077060602721,250.68455304518665,0.5261379082326145,190.0642368384304,1.0,0.7929294784663802,126.11462017203836,0.6292690692235162,158.9145325756986,0.45953491789427275,217.61131984970822,0.4596083905808016,217.5765326512669
0,76.810006,30.737167,1.0,0.9209729691228319,108.58081979891726,0.9209729691228319,108.58081979891726,0.9209729691228319,108.58081979891726,0.9209729691228319,108.58081979891726,0.9209729691228319,108.58081979891726,1.0,0.7013901254793024,142.57400605927256,0.7446846397663733,134.285031085605,0.7609957619573345,131.40677648820667,0.5827368021178342,171.60405801825294,0.5670073720574095,176.36454996545442,1.0,0.8537697211439153,117.12760188545448,0.5870223298550518,170.35127100649154,0.641511449837957,155.88186309887308,0.4823652314303691,207.31179090886718
0,76.790582,30.732536,1.0,1.0,100.0,1.0,100.0,1.0,100.0,1.0,100.0,1.0,100.0,1.0,0.6025049133048808,165.97375024126615,0.6067960600527962,164.8000153318385,0.648812084985638,154.12783194723258,0.44376737100394226,225.34329140461216,0.4551639125024712,219.70107307102708,1.0,0.7159470177111558,139.67514009583368,0.48476003302671206,206.28763344128586,0.34344291844495356,291.16920055531097,0.4907141445034945,203.78462923904544
0,76.806562,30.739112,1.0,0.951190204395525,105.13144430829092,0.951190204395525,105.13144430829092,0.951190204395525,105.13144430829092,0.951190204395525,105.13144430829092,0.951190204395525,105.13144430829092,1.0,0.7289145768495933,137.1902870048301,0.7727376503526754,129.4100267462835,0.9256678001946623,108.03011618095671,0.5160235998125472,193.78958643815204,0.5850085915814518,170.93766047037076,1.0,0.8755722714218767,114.211017484149,0.6777015416781821,147.55758080817037,0.5755157952920537,173.75717715836728,0.4979272058735175,200.83256913943723
0,76.770598,30.733668,1.0,1.0,100.0,1.0,100.0,1.0,100.0,1.0,100.0,1.0,100.0,1.0,0.9259983110145977,107.99155766324456,0.5811195560381228,172.08162926363428,0.7325612257208348,136.5073614176081,0.3031366871757751,329.8841883233176,0.5653396067076849,176.88482960244124,0.0,0.7062733743515502,141.58823428932578,0.4837374834117505,206.72369503952916,0.09845578477500302,0.0,0.4979611533357462,200.81887779823626
0,76.774891,30.736846,1.0,1.0,100.0,1.0,100.0,1.0,100.0,1.0,100.0,1.0,100.0,1.0,0.7711035676550592,129.68426576484651,0.596014207674842,167.7812352663838,0.6614099768450868,151.19215539656375,0.3370163882831644,296.72147550278487,0.48526403345098124,206.07338089502457,0.0,0.7254344356270934,137.848432730597,0.5019895240878538,199.20734437975815,0.14631432232538272,0.0,0.5299665040577298,188.69117054444425
0,76.812959,30.734825,1.0,0.9281492009936105,107.74129837416992,0.9281492009936105,107.74129837416992,0.9281492009936105,107.74129837416992,0.9281492009936105,107.74129837416992,0.9281492009936105,107.74129837416992,1.0,0.6824431131361166,146.53236009732362,0.7308882719411272,136.81981752753447,0.8999481940994407,111.11750726948,0.6922729506781259,144.4516933704308,0.6746722280522309,148.2201220712739,1.0,0.8445690147580398,118.40358603334383,0.6533653910017136,153.0537144715976,0.7580398772598663,131.91918129884695,0.5784062379617699,172.88886847484096
0,76.801385,30.731702,1.0,1.0,100.0,1.0,100.0,1.0,100.0,1.0,100.0,1.0,100.0,1.0,0.6830838675731435,146.3949080737032,0.7283061713352071,137.30489172797962,0.9045291535702912,110.55475614609803,0.5142687030088201,194.45087638997336,0.6581326760914415,151.94504639077655,1.0,0.8520651887955026,117.3619123454182,0.5808005981639689,172.17613121632576,0.5828221708367372,171.5789223605436,0.5829052491657551,171.55446814575512
0,76.807766,30.733979,1.0,1.0,100.0,1.0,100.0,1.0,100.0,1.0,100.0,1.0,100.0,1.0,0.6882023218128204,145.3061066934301,0.7315835613527083,136.68978539525764,0.9006322556650639,111.03310965268048,0.642669287782589,155.60102513227514,0.7247296974205031,137.9824786481434,1.0,0.8503041734186967,117.60497375656087,0.5994872884732885,166.80920833979573,0.708431846558457,141.15683884878598,0.6284568180006906,159.11992222175257
0,76.807241,30.730795,1.0,0.9783040366752402,102.2177117247204,0.9783040366752402,102.2177117247204,0.9783040366752402,102.2177117247204,0.9783040366752402,102.2177117247204,0.9783040366752402,102.2177117247204,1.0,0.6742273811586283,148.31791587602785,0.7173794261497661,139.39624744566225,0.7717526020496556,129.57520290105336,0.5294854538427709,188.86260099166898,0.6186814504844277,161.63406858521455,1.0,0.8358409851140104,119.63998150480715,0.5764489518504204,173.47589874003006,0.6344470061436358,157.6175772470435,0.6594213521329478,151.648107354338
0,76.789598,30.725341,1.0,1.0,100.0,1.0,100.0,1.0,100.0,1.0,100.0,1.0,100.0,1.0,0.6223231904889517,160.68821076944155,0.47226350281384755,211.74619551199382,0.632141203985675,158.19250409480682,0.39072282992666946,255.93590223219852,0.6803176846054523,146.9901521933751,1.0,0.7024508490267255,142.35871468951046,0.4603016054766488,217.24886207261562,0.4510317440982289,221.71388446268938,0.6662606280605161,150.09141436302468
0,76.800424,30.724398,1.0,1.0,100.0,1.0,100.0,1.0,100.0,1.0,100.0,1.0,100.0,1.0,0.5077902496230524,196.93170570768723,0.5256324342435919,190.24701195219126,0.7033003853241749,142.18675559790375,0.5367733288658066,186.29837702871413,0.7745015915563747,129.1152930997188,1.0,0.658988105210253,151.747807296301,0.49310325571005753,202.797281993205,0.6058943429943597,165.04527754095716,0.6986513653878371,143.13290570109706
0,76.811415,30.726194,1.0,0.7809637241361834,128.04692063080017,0.7809637241361834,128.04692063080017,0.7809637241361834,128.04692063080017,0.7809637241361834,128.04692063080017,0.7809637241361834,128.04692063080017,1.0,0.5527286088972796,180.9206152717603,0.5989001938598381,166.9727293883682,0.8110056637482103,123.30370115768588,0.6246974899585672,160.07748007220655,0.7095143367586128,140.941479007804,1.0,0.7063847040786589,141.5659192825112,0.669361276180581,149.396153554933,0.7244909595428455,138.02794732331802,0.7111995235862802,140.60751826117942
0,76.796545,30.723682,1.0,1.0,100.0,1.0,100.0,1.0,100.0,1.0,100.0,1.0,100.0,1.0,0.5072812141878861,197.12931841974765,0.5251278754507086,190.42980705256153,0.6634290186432625,150.7320258684249,0.5023339016686699,199.07077676385487,0.8112055231014339,123.27332242225859,1.0,0.6586214607149845,151.83228298003266,0.4586186656231657,218.04607508532422,0.5715263996422283,174.97004523780413,0.7416496631914359,134.83455189568102
0,76.813526,30.722955,1.0,0.7093455926241063,140.97500716127183,0.7093455926241063,140.97500716127183,0.7093455926241063,140.97500716127183,0.7093455926241063,140.97500716127183,0.7093455926241063,140.97500716127183,1.0,0.41204932501936675,242.68939160451214,0.570704697560418,175.22196755602042,0.8105609387501111,123.37135336696643,0.6969381405331266,143.48475737531663,0.7088503105037908,141.0735080710178,1.0,0.5793911839782584,172.59496306687416,0.6686054633427734,149.56503570885883,0.7598135707300966,131.61123182349993,0.7476728090115946,133.74834392091586
0,76.798519,30.718065,1.0,0.8450888288888067,118.33075598867914,0.8450888288888067,118.33075598867914,0.8450888288888067,118.33075598867914,0.8450888288888067,118.33075598867914,0.8450888288888067,118.33075598867914,1.0,0.48104449458149945,207.88097801014916,0.333962101317947,299.435174246899,0.6395556706242063,156.35855421686747,0.4501115754953089,222.16713687036074,0.9150300205890692,109.28603187862947,1.0,0.5439336218268791,183.84596205716363,0.5023116470022562,199.07959649510346,0.5111513851388837,195.63675832127353,0.7481969153382402,133.6546542093035
0,76.814484,30.719424,1.0,0.6401701253941483,156.20847651775486,0.6401701253941483,156.20847651775486,0.6401701253941483,156.20847651775486,0.6401701253941483,156.20847651775486,0.6401701253941483,156.20847651775486,1.0,0.3452250006110826,289.6661592381492,0.49789787587690354,200.84439971526055,0.7317714062232652,136.65469728601252,0.6950453423284692,143.87550553894846,0.8247170687590135,121.25370480142264,1.0,0.5151059617217864,194.13481386575555,0.6671677543936838,149.887339940281,0.7555547407787637,132.3530839035279,0.7571679988267215,132.07108614594935
0,76.813366,30.729052,1.0,0.8434704597462035,118.55779754289149,0.8434704597462035,118.55779754289149,0.8434704597462035,118.55779754289149,0.8434704597462035,118.55779754289149,0.8434704597462035,118.55779754289149,1.0,0.5978130850842521,167.2763652972009,0.6452309132515083,154.98327489622375,0.8107057416267943,123.34931759498339,0.7664993759101311,130.46325038590064,0.8623621801539423,115.96055845369838,1.0,0.7565009361348034,132.18754296713874,0.7263755980861244,137.66982297241663,0.8308716455169544,120.35553329994994,0.7681246099438319,130.18721012898203
0,76.801226,30.728631,1.0,0.8373997456329327,119.41728012398295,0.8373997456329327,119.41728012398295,0.8373997456329327,119.41728012398295,0.8373997456329327,119.41728012398295,0.8373997456329327,119.41728012398295,1.0,0.5677446985231137,176.13550643472695,0.5784255197653594,172.88310522773165,0.8058244867235964,124.09650196482639,0.4915384016404081,203.44290429042903,0.728956316349573,137.18243159037903,1.0,0.6986658706880889,143.1299340577691,0.661341396942404,151.20783374869993,0.5557920419446103,179.92341101200205,0.7686297920938563,130.10164454800255
0,76.781129,30.727619,1.0,1.0,100.0,1.0,100.0,1.0,100.0,1.0,100.0,1.0,100.0,1.0,0.9435429160674067,105.9835205130786,0.5345580852622724,187.07040966546523,0.5835798214431088,171.35616470205295,0.3715638652953787,269.1327368997626,0.7319475726574585,136.62180699217734,0.0,0.6685842989335432,149.56977027356115,0.4193916040270278,238.44063409899707,0.18513744538818486,0.0,0.7734254158638844,129.29494938862865
0,76.767487,30.724379,1.0,0.9633280591455816,103.80679670920667,0.9633280591455816,103.80679670920667,0.9633280591455816,103.80679670920667,0.9633280591455816,103.80679670920667,0.9633280591455816,103.80679670920667,1.0,0.9572510746740972,104.46580071382598,0.5569682288530742,179.54345476028863,0.6436982791212177,155.352287311566,0.23432796112970303,426.75231550642366,0.8653681896467228,115.55774894016375,0.0,0.6213086520016242,160.95059947714776,0.36414299116456866,274.6173959855418,0.17077166500973157,0.0,0.7922063374266631,126.2297400003535
0,76.803858,30.724407,1.0,0.9664167510976022,103.47502760731908,0.9664167510976022,103.47502760731908,0.9664167510976022,103.47502760731908,0.9664167510976022,103.47502760731908,0.9664167510976022,103.47502760731908,1.0,0.5163120567375886,193.6813186813187,0.5335629854778791,187.41929766817734,0.7412225599459642,134.912245530263,0.608402566700439,164.3648555632036,0.750354609929078,133.2703213610586,1.0,0.6364471462343803,157.1222380234755,0.5908274231678488,169.2541613316261,0.6752853765619723,148.08554052972713,0.7947180006754474,125.83079773581058
0,76.788215,30.721767,1.0,0.9100764003322939,109.8808846856014,0.9100764003322939,109.8808846856014,0.9100764003322939,109.8808846856014,0.9100764003322939,109.8808846856014,0.9100764003322939,109.8808846856014,1.0,0.6262375900529763,159.68380306193458,0.4356589358427869,229.53735542356986,0.6089828269484808,164.20824295010846,0.2920372060085253,342.42212273829506,0.8739734982091545,114.41994546162834,0.0,0.5769382668972749,173.32876971013124,0.2988873605796075,0.0,0.42782824224761334,233.7386598758555,0.7979000122567378,125.32898666985271
0,76.779344,30.723923,1.0,0.9272729752212632,107.84310841814224,0.9272729752212632,107.84310841814224,0.9272729752212632,107.84310841814224,0.9272729752212632,107.84310841814224,0.9272729752212632,107.84310841814224,1.0,0.6428561687736094,155.55579126007635,0.452003982053485,221.23698898778093,0.6255642378867843,159.8556853854203,0.1676689986226459,596.4131760878405,0.8737879965634333,114.44423635171832,1.0,0.5941578365994354,168.30544653308544,0.315236809447831,317.2218376881814,0.25416956456517886,393.438137139178,0.7985244582634429,125.23097942105711
0,76.790682,30.718419,1.0,0.7998076306508496,125.03006494027099,0.7998076306508496,125.03006494027099,0.7998076306508496,125.03006494027099,0.7998076306508496,125.03006494027099,0.7998076306508496,125.03006494027099,1.0,0.5451106123757614,183.44900599929423,0.35706316126963766,280.06249551038,0.576530939403655,173.4512290067846,0.3291311317730042,303.8302680798005,0.890926579031741,112.24269468835467,1.0,0.48654055787111256,205.53271126574938,0.30030137864700224,332.9988042364196,0.4104777172170567,243.61858343487364,0.8104648925937801,123.38597379580986
0,76.788734,30.715511,1.0,0.7087351887572334,141.0964230171073,0.7087351887572334,141.0964230171073,0.7087351887572334,141.0964230171073,0.7087351887572334,141.0964230171073,0.7087351887572334,141.0964230171073,1.0,0.40006230007068655,249.9610685194059,0.24004696466867143,416.58514673587547,0.41767405082248066,239.42114623372157,0.2855379970527274,350.21608693827886,0.8981034420789054,111.34574851257972,0.0,0.41609258748966654,240.3311258278146,0.24210765931445957,0.0,0.3615321025075778,276.6006097560976,0.8136748655157128,122.89921225060738
0,76.788779,30.711419,1.0,0.5706042707860064,175.25280675212994,0.5706042707860064,175.25280675212994,0.5706042707860064,175.25280675212994,0.5706042707860064,175.25280675212994,0.5706042707860064,175.25280675212994,1.0,0.35801908223534756,279.31472081218277,0.236676510676965,422.5176368959064,0.42681735574738755,234.29225324001385,0.2597796456156293,384.9416291373355,0.8035779191276692,124.44343929777942,1.0,0.29315084052703316,341.1213142702158,0.2998182644252612,333.53538414911355,0.3557587460245343,281.08936496280455,0.8383007723761926,119.28892742940762
0,76.801829,30.716223,1.0,0.7981855617037704,125.28415045061021,0.7981855617037704,125.28415045061021,0.7981855617037704,125.28415045061021,0.7981855617037704,125.28415045061021,0.7981855617037704,125.28415045061021,1.0,0.3518723459014284,284.1939730836746,0.4897696564148758,204.17761429322124,0.7360056620769527,135.86851997552233,0.6173208081328014,161.99032769115317,0.9087118774932441,110.04588195309844,1.0,0.48607643803886247,205.72895983903845,0.5972204349504568,167.4423615600086,0.68103204220821,146.83596923832738,0.8387980954832068,119.21820106469478
0,76.773296,30.7083,1.0,0.603833663031175,165.6085212242252,0.603833663031175,165.6085212242252,0.603833663031175,165.6085212242252,0.603833663031175,165.6085212242252,0.603833663031175,165.6085212242252,1.0,0.5541356803588241,180.46121833419238,0.13381853571844157,747.2806324110671,0.21670139954089135,461.4644862094215,0.24679734690207444,405.1907415345049,0.8982979128539844,111.32164348716982,0.0,0.22783002401328661,0.0,0.20436682146597412,489.316217195507,0.37352826057060645,267.71736052109884,0.8430144608646899,118.621927193786
0,76.790718,30.708712,1.0,0.5105915113208171,195.85127794490018,0.5105915113208171,195.85127794490018,0.5105915113208171,195.85127794490018,0.5105915113208171,195.85127794490018,0.5105915113208171,195.85127794490018,1.0,0.3037890758809684,329.1757602211553,0.24589765406588063,406.67325753830943,0.510248958529012,195.98276160776163,0.4012619202846503,249.21378018891306,0.9238427793186513,108.24352610489805,1.0,0.24068201155839417,415.485974014049,0.33963556802987943,294.4332378969287,0.4315833674044443,231.7049440561231,0.8615423715703282,116.07090179178371
0,76.793766,30.712887,1.0,0.5957418783154316,167.85793250386925,0.5957418783154316,167.85793250386925,0.5957418783154316,167.85793250386925,0.5957418783154316,167.85793250386925,0.5957418783154316,167.85793250386925,1.0,0.3716276897654201,269.0865152247463,0.2766701392630911,361.4412464834451,0.477134748715738,209.5843999397681,0.3010262121157692,332.1969847647082,0.829950545437128,120.48910691097967,1.0,0.30324148914514254,329.77017848681095,0.34323622037815377,291.3445436784817,0.4022224617116308,248.61863649895804,0.8665565015387194,115.39928420412619
0,76.798588,30.701914,1.0,0.36708039920968644,272.41988462281597,0.36708039920968644,272.41988462281597,0.36708039920968644,272.41988462281597,0.36708039920968644,272.41988462281597,0.36708039920968644,272.41988462281597,1.0,0.2130807031764527,469.30575368521164,0.25115760676832666,398.1563659835404,0.5103602006180658,195.94004367679173,0.44279852069507064,225.83634616264703,0.9281219919955419,107.74445693824302,1.0,0.26317442626272863,379.9761299761299,0.3892395764729723,256.91118284048315,0.564182582704291,177.24758449768328,0.8742692132326866,114.38124377071598
0,76.792508,30.72101,1.0,0.892940177365688,111.98958511981789,0.892940177365688,111.98958511981789,0.892940177365688,111.98958511981789,0.892940177365688,111.98958511981789,0.892940177365688,111.98958511981789,1.0,0.5974606356763982,167.3750436910171,0.43137173008116503,231.81862191382925,0.6608612120452741,151.31770207925175,0.4392237118712498,227.67441123331957,0.9642345013852345,103.70921166618538,1.0,0.5528825404780799,180.87024400070504,0.40912444834259143,244.42440534930412,0.508151303790948,196.7917808219178,0.8742847596374723,114.37920986002962
0,76.787096,30.696067,1.0,0.42927435925164914,232.9512533064618,0.42927435925164914,232.9512533064618,0.42927435925164914,232.9512533064618,0.42927435925164914,232.9512533064618,0.42927435925164914,232.9512533064618,1.0,0.39781370534587795,251.37394377364473,0.09294906456147942,1075.8580570098893,0.2389243358206265,418.5425467712734,0.38218701560866586,261.65200782852696,0.9360783677589128,106.82866247557065,0.0,0.06386756065030101,0.0,0.3477974838686421,287.52364418417847,0.49014995854511373,204.0191950578242,0.8871165423020079,112.72476076311993
0,76.779421,30.710251,1.0,0.5791049359023567,172.68027571580063,0.5791049359023567,172.68027571580063,0.5791049359023567,172.68027571580063,0.5791049359023567,172.68027571580063,0.5791049359023567,172.68027571580063,1.0,0.6013773591112963,166.28494319735955,0.1341499522968779,745.4344805035561,0.27128272050356955,368.619128466327,0.21920407066641812,456.19590774926206,0.8945706170700414,111.78547349065278,0.0,0.21025562293697705,0.0,0.26287161828729344,380.41383338200325,0.35056859928280826,285.25087587587586,0.9340929278750727,107.05572969863464
0,76.805002,30.713908,1.0,0.681907299416851,146.6474989863246,0.681907299416851,146.6474989863246,0.681907299416851,146.6474989863246,0.681907299416851,146.6474989863246,0.681907299416851,146.6474989863246,1.0,0.2933088678865876,340.93752678035816,0.4257490448421476,234.88015113944977,0.6815051276895234,146.73403902187144,0.6284687311482003,159.11690597128344,0.9097501508143977,109.92028955475432,1.0,0.3749120249346471,266.7292413931816,0.5312814196661975,188.2241619946538,0.6906922380856625,144.78228433138636,0.9661170319726523,103.50712873347904
0,76.80172,30.703948,1.0,0.34862034476672354,286.8449919837988,0.34862034476672354,286.8449919837988,0.34862034476672354,286.8449919837988,0.34862034476672354,286.8449919837988,0.34862034476672354,286.8449919837988,0.0,0.15576278166735305,0.0,0.2752936792767351,363.2484416740873,0.46292482987193817,216.0177928404999,0.46076758643682214,217.02915513939138,0.9304485105214645,107.47504979502366,0.0,0.2790198270282991,0.0,0.4010217489360867,0.0,0.5782294914788884,0.0,0.8704183091133729,0.0
0,76.783378,30.716465,1.0,0.7479769647023781,133.6939567915574,0.7479769647023781,133.6939567915574,0.7479769647023781,133.6939567915574,0.7479769647023781,133.6939567915574,0.7479769647023781,133.6939567915574,0.0,0.48528024623938837,206.06649616368287,0.3195030531698357,312.986054461407,0.4774611527577819,209.44112295295034,0.2870227870724321,0.0,0.894442237998312,111.80151803183149,0.0,0.4166956262721541,0.0,0.23197885121382117,0.0,0.33859157027255127,0.0,0.8251253537208956,0.0
0,76.784379,30.732329,1.0,1.0,100.0,1.0,100.0,1.0,100.0,1.0,100.0,1.0,100.0,0.0,0.6613554658026719,151.20461713978926,0.5246660157116861,190.59744104895844,0.6658825618037371,150.1766313403986,0.2672651014158271,0.0,0.5032954595890107,198.6904473202672,0.0,0.6258821179707958,0.0,0.5083884425902091,0.0,0.3222005237228707,0.0,0.4430118503395322,0.0
0,76.811364,30.712464,1.0,0.5006646308604276,199.7345005740528,0.5006646308604276,199.7345005740528,0.5006646308604276,199.7345005740528,0.5006646308604276,199.7345005740528,0.5006646308604276,199.7345005740528,0.0,0.18942578288725226,0.0,0.4453386024788935,224.54824136818328,0.7394287767199569,135.23952968613352,0.5540746063109994,180.4811100544653,0.781426261900485,127.97112776424072,0.0,0.4472786060714927,0.0,0.5962756721154422,0.0,0.6626070295191905,0.0,0.8180348482126819,0.0
0,76.769624,30.713988,1.0,0.7142473479253391,140.0075202105659,0.7142473479253391,140.0075202105659,0.7142473479253391,140.0075202105659,0.7142473479253391,140.0075202105659,0.7142473479253391,140.0075202105659,0.0,0.6647643346313953,150.42924957075041,0.22050266326484938,453.50926160872876,0.22847007743610404,0.0,0.20325858287453563,491.98414446157227,0.7750995926771408,129.01567868795655,0.0,0.3174320755561524,0.0,0.23539680408218075,0.0,0.2999865717738687,0.0,0.8093079987466989,0.0
0,76.770453,30.710377,1.0,0.7032455988205707,142.19783268848363,0.7032455988205707,142.19783268848363,0.7032455988205707,142.19783268848363,0.7032455988205707,142.19783268848363,0.7032455988205707,142.19783268848363,0.0,0.6581280894978754,151.94610531864075,0.22493712600815197,444.5686746987951,0.21618896886653372,0.0,0.20115341254010927,497.1330028023281,0.8697315930968694,114.97800102204882,0.0,0.42942936432226175,0.0,0.2393656231029399,0.0,0.4050277512791606,0.0,0.9028705229381667,0.0
0,76.780351,30.73344,1.0,1.0,100.0,1.0,100.0,1.0,100.0,1.0,100.0,1.0,100.0,0.0,0.6409783989834815,156.0114976707305,0.5105463786531131,195.8685913389746,0.6453091910207539,154.96447500123065,0.26490893689114786,0.0,0.6396230410842864,156.3420852233222,0.0,0.7413490046590427,0.0,0.5308555696738669,0.0,0.31733375688267684,0.0,0.5820944515036002,0.0
0,76.778731,30.756758,0.0,0.8862341250529818,112.83700003542708,0.8862341250529818,112.83700003542708,0.8862341250529818,112.83700003542708,0.8862341250529818,112.83700003542708,0.8862341250529818,0.0,0.0,0.6363400888526083,0.0,0.662988022166057,0.0,0.7578844916092369,0.0,0.4809029685562236,0.0,0.0,,0.0,0.8023264940895747,0.0,0.651802954427717,0.0,0.35293009528892794,0.0,0.06648247280262476,0.0
0,76.808811,30.708145,1.0,0.44747940910194983,223.47396989884035,0.44747940910194983,223.47396989884035,0.44747940910194983,223.47396989884035,0.44747940910194983,223.47396989884035,0.44747940910194983,223.47396989884035,0.0,0.10760262326937091,0.0,0.4710071322896196,212.31101005602304,0.6822818910504118,146.56698545236824,0.6798418972332017,147.09302325581393,0.8980722944774439,111.34961028742839,0.0,0.4752578002517279,0.0,0.6150550930730674,0.0,0.7180427054121492,0.0,0.8322366241967893,0.0
0,76.773727,30.699978,1.0,0.4963299451290816,201.4788770683437,0.4963299451290816,201.4788770683437,0.4963299451290816,201.4788770683437,0.4963299451290816,201.4788770683437,0.4963299451290816,201.4788770683437,0.0,0.4586938922371143,218.01031514129392,0.14651434739588018,0.0,0.17299631195466403,578.0470049916805,0.3601511199064496,277.6612218392527,0.9158226140145723,109.1914509095195,0.0,0.15804623549518754,0.0,0.31907888818925967,0.0,0.4672933345326976,0.0,0.8666816587208779,0.0
0,76.777493,30.713325,1.0,0.5687695797774658,175.81812311257144,0.5687695797774658,175.81812311257144,0.5687695797774658,175.81812311257144,0.5687695797774658,175.81812311257144,0.5687695797774658,175.81812311257144,0.0,0.5238090093982931,190.90927839303762,0.15755644377228042,634.6931779225232,0.2681754348060927,0.0,0.24588959706168304,406.6865829013268,0.9094307010910663,109.95890052977929,0.0,0.30489359403694505,0.0,0.2839688884087717,0.0,0.44905476936372474,0.0,0.9424651614994058,0.0
0,76.771895,30.70311,1.0,0.6911546201734095,144.68542505714595,0.6911546201734095,144.68542505714595,0.6911546201734095,144.68542505714595,0.6911546201734095,144.68542505714595,0.6911546201734095,144.68542505714595,0.0,0.5116233143373018,195.456299972429,0.13147698847072542,0.0,0.09941883428313492,1005.8456299659478,0.33043690872500897,302.6296317377198,0.9095901747258741,109.9396220172863,0.0,0.337508698677801,0.0,0.2701668265342587,0.0,0.4430871372416258,0.0,0.8604449961443699,0.0
0,76.770601,30.750721,1.0,1.0,100.0,1.0,100.0,1.0,100.0,1.0,100.0,1.0,100.0,0.0,0.7736404328058365,129.25901460103415,0.6650953371162724,150.35438443093147,0.7296108976844182,137.05935631906286,0.46070207591724527,217.06001606548597,0.1686286258062242,0.0,0.0,0.7847777816938639,0.0,0.6096112501321679,0.0,0.3170443731716773,0.0,0.18662108342438233,0.0
0,76.781403,30.706507,1.0,0.4967193572460046,201.32092406150005,0.4967193572460046,201.32092406150005,0.4967193572460046,201.32092406150005,0.4967193572460046,201.32092406150005,0.4967193572460046,201.32092406150005,0.0,0.4585243407216445,218.09093022764262,0.04829377501671819,0.0,0.2671325147071651,374.3460436091862,0.23398687742898402,427.37439423435364,0.8292902763105611,120.58503862470344,0.0,0.13224333937449723,0.0,0.2681501439218461,0.0,0.41625880733856035,0.0,0.8589178240179878,0.0
0,76.786779,30.705302,1.0,0.4186600414758844,238.85728298185387,0.4186600414758844,238.85728298185387,0.4186600414758844,238.85728298185387,0.4186600414758844,238.85728298185387,0.4186600414758844,238.85728298185387,0.0,0.4725889575590826,211.60037364499382,0.15565776235550172,0.0,0.28631706465720796,349.2631503460146,0.2834732973328131,352.76691293640454,0.915734143687247,109.20200004484407,0.0,0.28560868940311684,0.0,0.3258423505738866,0.0,0.4064534012278504,0.0,0.8620824179208674,0.0
0,76.774077,30.720803,1.0,0.7962882048369125,125.58267144052569,0.7962882048369125,125.58267144052569,0.7962882048369125,125.58267144052569,0.7962882048369125,125.58267144052569,0.7962882048369125,125.58267144052569,0.0,0.6024730736460359,165.98252166660623,0.2901929084831669,344.59835880448696,0.42921591331134074,0.0,0.03850523234221047,2597.0496453900714,0.9070958862211347,110.24192868582989,0.0,0.4035239114761977,0.0,0.0,,0.3754396696742621,0.0,0.8460773818626701,0.0
0,76.764835,30.753958,1.0,1.0,100.0,1.0,100.0,1.0,100.0,1.0,100.0,1.0,100.0,0.0,0.8169456875595907,122.40715817807126,0.7053058349582113,141.78246519954695,0.8124447040431545,123.08529983929628,0.5073914051830027,197.0865075334349,0.1595014559479123,0.0,0.0,0.7894845343114097,0.0,0.6194263822915503,0.0,0.3718293405715562,0.0,0.22998823216141695,0.0
0,76.769154,30.698312,1.0,0.5040780997719593,198.38195717139698,0.5040780997719593,198.38195717139698,0.5040780997719593,198.38195717139698,0.5040780997719593,198.38195717139698,0.5040780997719593,198.38195717139698,0.0,0.4692644439635801,213.0994608399546,0.18041846297251862,554.2669988006273,0.0898097441616592,0.0,0.37967941142200845,263.3800964489259,1.0,100.0,0.0,0.19109642625297535,0.0,0.34344258201974137,0.0,0.47881052649100325,0.0,0.8501007040964096,0.0
0,76.781181,30.69936,0.0,0.44935471255377396,222.5413402959095,0.44935471255377396,0.0,0.44935471255377396,222.5413402959095,0.44935471255377396,222.5413402959095,0.44935471255377396,222.5413402959095,0.0,0.4126580628340503,0.0,0.049490660558317974,0.0,0.2394826526621599,0.0,0.3370206901689108,0.0,0.9104791701584819,0.0,0.0,0.09917686276700746,0.0,0.2968601597854629,0.0,0.4485632344451273,0.0,0.8644617017710486,0.0
0,76.805758,30.701109,0.0,0.3365490967186924,0.0,0.3365490967186924,297.1334672265839,0.3365490967186924,297.1334672265839,0.3365490967186924,297.1334672265839,0.3365490967186924,297.1334672265839,0.0,0.09883863831879071,0.0,0.3583835156282004,0.0,0.5543504977264347,0.0,0.5520871738150834,0.0,0.9273585678587523,0.0,0.0,0.3554340256441768,0.0,0.4920015566752694,0.0,0.6747777641227316,0.0,0.8717176682643071,0.0
0,76.786832,30.700819,1.0,0.42064000292740045,237.7329766642744,0.42064000292740045,237.7329766642744,0.42064000292740045,237.7329766642744,0.42064000292740045,237.7329766642744,0.42064000292740045,237.7329766642744,0.0,0.38871304156908665,257.25918429785133,0.07924107142857142,0.0,0.25429047131147536,393.2510702593806,0.3728501902810304,268.2042348553623,0.9351031908665104,106.94006926373048,0.0,0.0,,0.33794093969555034,0.0,0.48243559718969553,0.0,0.8854014197892272,0.0
0,76.781066,30.702775,0.0,0.4532523510971787,220.62764761822424,0.4532523510971787,0.0,0.4532523510971787,220.62764761822424,0.4532523510971787,220.62764761822424,0.4532523510971787,220.62764761822424,0.0,0.4146551724137931,0.0,0.0,,0.2592280564263323,0.0,0.3024980407523511,0.0,0.8274490595611286,0.0,0.0,0.0848550156739812,0.0,0.2602468652037617,0.0,0.4198471786833856,0.0,0.857396159874608,0.0
0,76.767338,30.709891,1.0,0.7488116061323181,133.5449386481993,0.7488116061323181,133.5449386481993,0.7488116061323181,133.5449386481993,0.7488116061323181,133.5449386481993,0.7488116061323181,133.5449386481993,0.0,0.7037143739067805,142.10310845980644,0.2925712521864389,341.7970810620714,0.1594814281304661,0.0,0.2454573515793806,407.4027498323273,0.8143224611585553,122.80147579096332,0.0,0.3618685049902253,0.0,0.256096306204342,0.0,0.374873958226155,0.0,0.8457763144356416,0.0
0,76.770566,30.75625,1.0,1.0,100.0,1.0,100.0,1.0,100.0,1.0,100.0,1.0,100.0,0.0,0.8042318969804009,124.34224553323952,0.6928102333716285,144.33966933966934,0.7997393645295702,125.04073756432246,0.4952588350280355,201.91462105736937,0.13446732625730895,0.0,0.0,0.7905742553884669,0.0,0.6201409489188773,0.0,0.3599513023199986,0.0,0.21187777568202476,0.0
0,76.775071,30.752306,1.0,1.0,100.0,1.0,100.0,1.0,100.0,1.0,100.0,1.0,100.0,0.0,0.7824421018864226,127.80498360058309,0.6923803498391596,144.42928662436773,0.7265533803231068,137.63613618524332,0.48610356165848356,205.71748056899838,0.08507168762196698,0.0,0.0,0.782335171934452,0.0,0.6051967956657727,0.0,0.34982133787191577,0.0,0.17742352280726767,0.0
0,76.775276,30.693654,1.0,0.4186982935903675,238.8354610726806,0.4186982935903675,238.8354610726806,0.4186982935903675,238.8354610726806,0.4186982935903675,238.8354610726806,0.4186982935903675,238.8354610726806,0.0,0.430205177312758,232.44722582057693,0.1577918713991931,633.746207033776,0.20584449223717052,0.0,0.41659471593852526,240.0414507772021,1.0,100.0,0.0,0.1235223936829877,0.0,0.3477417936924067,0.0,0.510619927473666,0.0,0.8139197186857349,0.0
0,76.805815,30.70505,0.0,0.37867966514782236,0.0,0.37867966514782236,264.0754421311843,0.37867966514782236,264.0754421311843,0.37867966514782236,264.0754421311843,0.37867966514782236,264.0754421311843,0.0,0.05248489986224436,0.0,0.4012715905478436,0.0,0.6638444420896471,0.0,0.6016954540637914,0.0,0.9021828971071315,0.0,0.0,0.40534068030094306,0.0,0.5395252728621384,0.0,0.728642577090177,0.0,0.8389848468793049,0.0
0,76.797529,30.689395,0.0,0.19744299239898655,0.0,0.19744299239898655,506.4753060363022,0.19744299239898655,506.4753060363022,0.19744299239898655,506.4753060363022,0.19744299239898655,506.4753060363022,0.0,0.2185374716628884,0.0,0.28926356847579676,0.0,0.49394085878117083,0.0,0.42863215095346047,0.0,0.8637068275770103,0.0,0.0,0.29062208294439257,0.0,0.3961611548206428,0.0,0.5235281370849447,0.0,0.8891852246966262,0.0
0,76.768841,30.702185,0.0,0.6175198746152539,161.9381077609932,0.6175198746152539,161.9381077609932,0.6175198746152539,0.0,0.6175198746152539,161.9381077609932,0.6175198746152539,161.9381077609932,0.0,0.631512359083785,0.0,0.24984421322960138,0.0,0.0,,0.3256604414902657,0.0,0.9116452971278585,0.0,0.0,0.2624487791982174,0.0,0.3709896708650415,0.0,0.4408576769832128,0.0,0.9457673206563816,0.0
0,76.778559,30.751855,1.0,1.0,100.0,1.0,100.0,1.0,100.0,1.0,100.0,1.0,100.0,0.0,0.7102336578831441,140.79873417721518,0.7407557245731855,134.99726925177498,0.8544560419307567,117.03352202184297,0.5321987575406136,187.89972464820855,0.14351215038972948,0.0,0.0,0.8199602628763564,0.0,0.6016757918206255,0.0,0.38562091503267976,0.0,0.0946678533861963,0.0
0,76.775578,30.718136,0.0,0.7405391895115938,135.03674270898856,0.7405391895115938,135.03674270898856,0.7405391895115938,135.03674270898856,0.7405391895115938,0.0,0.7405391895115938,135.03674270898856,0.0,0.5865532088933322,0.0,0.35081401029299825,0.0,0.39186103316254073,0.0,0.0,,0.6960611672214585,0.0,0.0,0.46303722975199096,0.0,0.0400472614489724,0.0,0.21366492087115574,0.0,0.7307915156610354,0.0
0,76.804076,30.697282,0.0,0.28439924350611756,0.0,0.28439924350611756,351.6183755174052,0.28439924350611756,351.6183755174052,0.28439924350611756,351.6183755174052,0.28439924350611756,351.6183755174052,0.0,0.15094175769037785,0.0,0.30496159635647846,0.0,0.4896078582731869,0.0,0.48747539465050754,0.0,0.9315585317843219,0.0,0.0,0.3086765216720059,0.0,0.43085414334787137,0.0,0.6030722914817245,0.0,0.8791346636303987,0.0
0,76.794488,30.691011,0.0,0.2393984095494854,0.0,0.2393984095494854,417.71371910191937,0.2393984095494854,417.71371910191937,0.2393984095494854,417.71371910191937,0.2393984095494854,417.71371910191937,0.0,0.2050884243009987,0.0,0.2584397307424929,0.0,0.4852315309357885,0.0,0.41879885379046067,0.0,0.9398663885921631,0.0,0.0,0.2784136188683724,0.0,0.38576902860437123,0.0,0.5203638706614443,0.0,0.8872780914593824,0.0
0,76.801279,30.691834,0.0,0.15152485256950293,0.0,0.15152485256950293,659.9577449127099,0.15152485256950293,659.9577449127099,0.15152485256950293,659.9577449127099,0.15152485256950293,659.9577449127099,0.0,0.202636899747262,0.0,0.27510530749789386,0.0,0.4819966301600674,0.0,0.35345408593091826,0.0,0.8557540016849199,0.0,0.0,0.27647009267059813,0.0,0.383150800336984,0.0,0.5119039595619208,0.0,0.8815164279696714,0.0
0,76.808706,30.702568,0.0,0.40247475408515654,0.0,0.40247475408515654,248.46278924327703,0.40247475408515654,248.46278924327703,0.40247475408515654,248.46278924327703,0.40247475408515654,248.46278924327703,0.0,0.0,,0.4261651379841528,0.0,0.6734190469478369,0.0,0.5198091076588505,0.0,0.8162359171591677,0.0,0.0,0.42780624830099784,0.0,0.5552993767808061,0.0,0.7091610201061185,0.0,0.8470142867211018,0.0
0,76.772117,30.729533,1.0,1.0,100.0,1.0,100.0,1.0,100.0,1.0,100.0,1.0,100.0,0.0,0.912820911576792,109.55051394173434,0.5554216399051359,180.04339913201736,0.6051216256495989,165.25603409504635,0.2437308036234983,0.0,0.5827145134326036,171.610621830798,0.0,0.6834363619869627,0.0,0.44542073273460075,0.0,0.0,,0.6223319466583725,0.0
0,76.785954,30.75735,1.0,1.0,100.0,1.0,100.0,1.0,100.0,1.0,100.0,1.0,100.0,0.0,0.7827680856013025,127.75175922403957,0.8143568271691091,122.79629354569657,0.9320307048150732,107.29260257562144,0.598511281693417,167.0812281383599,0.07880902535473366,0.0,0.0,0.9005350081414283,0.0,0.7206792277273785,0.0,0.44681088625261695,0.0,0.0,
