0,1,2,3,4,5,6,7,8,9,10,11,12,13,14,15,16,17,18,19,20,21,22,23,24,25,26,27,28,29,30,31,32,33,34,35,36,37,38,39,40,41,42,43,44,45,46,47,48,49,50,51,52,53,54,55,56,57,58,59,60,61,62,63,64,65,66,67,68,69,70,71,72,73,74,75,76,77,78,79,80,81,82,83,84,85,86,87,88,89,90,91,92,93,94,95,96,97,98,99,100
0.0,0.12116566602612018,0.04935822812296538,0.05625969967883156,0.10860018278042675,0.020700925605440307,0.09189422037633535,0.09169369979842319,0.10709523709445537,0.07001201701688871,0.07042067586798027,0.10351330509367673,0.11760935667527514,0.07352295488707665,0.13724092304668176,0.12593719920234903,0.02582475153227451,0.0566087150375355,0.1297843788242196,0.1037139627455342,0.06785226531906555,0.1150178743043191,0.08086667897549918,0.043116154490331085,0.06104733475613392,0.05480698408073114,0.10284384380817134,0.09337481671058244,0.065246212757281,0.0932214445152221,0.018326894834700225,0.028272534946824086,0.14022098830946755,0.08841257551562906,0.07727458256471187,0.07520554690078708,0.10284081765672545,0.06271850337765521,0.11695585593274345,0.14798682305586472,0.03935474764640141,0.1293613340750094,0.09937719986872509,0.10693838688282457,0.05145901617081403,0.07830480172772268,0.1398509366669969,0.07418236681848953,0.051713582165627776,0.14498494910222368,0.1201411676625286,0.04595808648213417,0.10027320403377649,0.03686578841664766,0.11214803395234993,0.09179576443766425,0.08082756265592063,0.08917025712555955,0.11831289804454344,0.09558281667684522,0.08989328573234949,0.06586283437480951,0.09864309204174992,0.05551265689663776,0.1094263752767568,0.11861535207793607,0.0818292913844478,0.1690361396275782,0.11028677290712559,0.03764732326957836,0.02885042277116819,0.09832149681355866,0.07744956549080702,0.057079687013663005,0.07762776938489055,0.041874064621975016,0.1205740776689598,0.1173705765201099,0.13305385126449112,0.090343094783087,0.1130171711635808,0.04807847144842463,0.10090496912691839,0.09555616752627892,0.10855070333237343,0.08319393545019609,0.12554153132839463,0.0820759260677643,0.06305587722867904,0.08250057550627463,0.15019053424149204,0.11759270770380685,0.09615863498559364,0.06576103241626861,0.07665063428115013,0.07685227386127699,0.0717139880115158,0.10254370914153352,0.0691117959486757,0.07239745947306056,0.09923746005371958
0.12116566602612018,0.0,,,0.046029832915235255,,,0.04632993950884943,0.033248925128924564,,,0.0661659174370068,0.01654631362466956,,0.027807402303469408,0.06065267126408537,,,0.06708741555362877,,,,,,,,,0.06070083371785411,,0.055365635829025726,,,0.03719573344808991,,,0.05538485613612232,,,0.02545478035013991,0.05475008375922589,,0.07789805923174513,,,,,0.06810656226474393,0.05000180317401008,,0.06881592654935743,0.0471538060194191,,0.04402024672420459,,0.04599494072033606,,0.0513657960648233,,0.03661917681655981,0.027869110538721223,,,,,0.06878017577297352,0.05952269048090488,,0.07579940033093942,0.023021476410329908,,,0.05742101718388213,,,,,0.08031470615032382,0.012722515867005707,0.03177884447757466,,0.07322145161832139,,,0.06766180907239665,0.014926777794508789,0.05035711064588994,0.0336443029773517,0.04644387165502033,,,0.056953794944853336,0.08871277574862407,,,,,,0.05551140874685022,,0.04876820655405164,0.06865116280819228
0.04935822812296538,,0.0,0.04458835759264182,,0.04464734268038194,,,,0.035327638590210354,,,,,,,0.027529112528671656,0.02189492909660424,,,,,,0.016445461554024935,0.024372685656072323,,,,,,0.037809327750922564,0.027840626949080353,,,0.03500507734439024,,,0.023218734521811706,,,0.03434294988404961,,,,0.01973724646846925,,,,0.03127657630592152,,,0.025080530844115174,,0.01583183003662959,,,,,,,0.04890561996434729,0.02359332915448786,,0.013243151676316133,,,,,,0.04476972392002404,0.029474522492825523,,,,0.03941608079879298,0.018017187347114442,,,,,,0.014385265221773118,,,,,,,,,,,,0.027399116786571292,,,,,,,
0.05625969967883156,,0.04458835759264182,0.0,,0.03986743034222252,,,,0.07126472127063921,,,,,,,0.03987573783537831,0.05783201177703307,,,,,,0.03543164671226507,0.061198397502256426,,,,,,0.04759267258864038,0.029769772014355204,,,0.06617001681505073,,,0.05092115725652431,,,0.01690495203245317,,,,0.04286566620890857,,,,0.0230795130625866,,,0.03167252844016529,,0.04072017153681847,,,,,,,0.08254524046421291,0.05700758374710212,,0.049981447061500185,,,,,,0.062174263803120584,0.057362293700146325,,,,0.07504237640673099,0.03153126358411943,,,,,,0.05011644791580152,,,,,,,,,,,,0.06428256008022631,,,,,,,
0.10860018278042675,0.046029832915235255,,,0.0,,,0.022020217990092652,0.041953036964804326,,,0.07540759512550303,0.0474139788532166,,0.06683358148831231,0.0726382792529445,,,0.07917758320686694,,,,,,,,,0.06755253661842789,,0.035232912103324805,,,0.07334734894469368,,,0.03411965225843186,,,0.02369001434943724,0.08111318369109088,,0.08734929442364851,,,,,0.08042405115249238,0.04810178161320447,,0.08120111807052235,0.058461523595567715,,0.047409425855010956,,0.056498033188731145,,0.0297283709329422,,0.051439258679769555,0.033572600567251094,,,,,0.07815041870460672,0.07149747321435586,,0.10216250026280439,0.04044506006572441,,,0.0645792674229197,,,,,0.08968494908195701,0.04146161151349252,0.06264650970612169,,0.08259169454995452,,,0.0733348231624918,0.03761024902974634,0.05431242408588578,0.05866789196362075,0.04297709497433616,,,0.08331689487671826,0.09808301868025725,,,,,,0.06463932747489667,,0.040855499405042454,0.07702149533961596
0.020700925605440307,,0.04464734268038194,0.03986743034222252,,0.0,,,,0.06601519646219974,,,,,,,0.021113866089691083,0.052611894482846526,,,,,,0.038309549402621025,0.05705051420144495,,,,,,0.014330074280011248,0.019437012565737006,,,0.07257691824501308,,,0.05800761793507176,,,0.02296247830979239,,,,0.046748130728230586,,,,0.038892772613306446,,,0.04073117104090235,,0.03215490297406423,,,,,,,0.08589646517766053,0.061866013820120525,,0.05151583634194877,,,,,,0.03365050271488938,0.024853602216479215,,,,0.07363094883020155,0.03706745953426494,,,,,,0.04408165089373564,,,,,,,,,,,,0.06176421186157964,,,,,,,
0.09189422037633535,,,,,,0.0,,,,0.044154659746650504,,,0.02596802344158131,,,,,,0.04152461980275682,0.025294916858023143,0.027109508399520935,0.024929142077389728,,,0.039373294832190535,0.012031323634361445,,0.03468811451924012,,,,,0.03706118942647786,,,0.0402401300612587,,,,,,0.03756528536066682,0.016882535990530807,,0.01646480240567636,,,,,,,,,,0.01434675570181088,,0.030413986215195223,,,,,0.04848788243819679,,,,0.011605794128074306,,,,,,0.021154188240632775,0.04573389931686939,,,,,,0.035265737002775153,,,0.02036282498262858,,,,,,0.06015967725368124,0.022194097043399513,,,0.03802877781582203,,0.03574010419108455,0.04253242129924831,0.04940848193542153,,0.02641654798055747,,
0.09169369979842319,0.04632993950884943,,,0.022020217990092652,,,0.0,0.036708716400043265,,,0.05954717815330515,0.04277363015800447,,0.062405196529411046,0.06713282944124839,,,0.0719055084048041,,,,,,,,,0.05169211964623,,0.018326429121321264,,,0.06830979810292744,,,0.017213169276428308,,,0.031113503854809002,0.07607563284932461,,0.0725414812777457,,,,,0.07523271399509476,0.03119529863120092,,0.07615057921206948,0.05327018643817011,,0.03441854750801971,,0.05125371262397009,,0.012821887950938658,,0.046401707838003306,0.02407653706877877,,,,,0.062395984372506284,0.06052598260071188,,0.09712494942103814,0.03545104638985489,,,0.04881394456698701,,,,,0.0748771359360542,0.04246724587770164,0.058218124747220434,,0.06683726021785415,,,0.057161359648200134,0.033714976815102736,0.03740594110388223,0.053630341121854504,0.026070611992332612,,,0.07827934403495199,0.08327520553435445,,,,,,0.04983151432899383,,0.023949016423038916,0.061161078367418076
0.10709523709445537,0.033248925128924564,,,0.041953036964804326,,,0.036708716400043265,0.0,,,0.034274731130186295,0.017627557680793278,,0.033280905927255106,0.032791348443804456,,,0.039330652397726894,,,,,,,,,0.028553421125502132,,0.044142300593125676,,,0.03484871998173412,,,0.041480522353244675,,,0.04252879524125252,0.0426145547281313,,0.04600687292492465,,,,,0.04177163587390145,0.03344922342690451,,0.04268950109087613,0.019809108316976794,,0.031564380961066105,,0.015423616295829298,,0.03840316777760919,,0.012940629716809994,0.015427575625389827,,,,,0.036888989466153016,0.030905697919635208,,0.06366387129984483,0.01083768755074005,,,0.025354483296510893,,,,,0.0484235198435033,0.04133668842058024,0.03025809052552091,,0.04133026531150087,,,0.03997797756181642,0.025860031662978476,0.027408504679821664,0.02016926300066119,0.03000710800210972,,,0.044818265913758745,0.05682158944180358,,,,,,0.023620222440029752,,0.0348031668290939,0.03675997650137181
0.07001201701688871,,0.035327638590210354,0.07126472127063921,,0.06601519646219974,,,,0.0,,,,,,,0.05184862456688041,0.013432709493588975,,,,,,0.044844522949136593,0.02144850652851153,,,,,,0.05824917212687343,0.05398415494949737,,,0.042451369551498745,,,0.04842840822166923,,,0.060811318151021615,,,,0.045973498878285744,,,,0.05814508421554342,,,0.051949038753737097,,0.04147900776232992,,,,,,,0.034773371022435495,0.03945338051678644,,0.029718251216829996,,,,,,0.0652579363548763,0.044099859288692665,,,,0.021996642696290244,0.04494916551004297,,,,,,0.029558548371671968,,,,,,,,,,,,0.01661595399503188,,,,,,,
0.07042067586798027,,,,,,0.044154659746650504,,,,0.0,,,0.03524342628769294,,,,,,0.07787132478118136,0.04098238857053165,0.04835280080288647,0.020987555735516434,,,0.02747591007746848,0.05456227402604464,,0.010991400893361215,,,,,0.06274395423765307,,,0.07685889328886726,,,,,,0.07353456190437227,0.048168389416813374,,0.04409298231186649,,,,,,,,,,0.03302576697165304,,0.021474124320276365,,,,,0.07707278123680314,,,,0.04286146478778463,,,,,,0.050346904783404985,0.03500551162259489,,,,,,0.06461820611142989,,,0.03423989562548582,,,,,,0.023245895468031533,0.027955092474642285,,,0.07379678936196574,,0.050017404047288626,0.05201116883132981,0.012097189204048779,,0.023325427295195503,,
0.10351330509367673,0.0661659174370068,,,0.07540759512550303,,,0.05954717815330515,0.034274731130186295,,,0.0,0.049808712727722415,,0.05245391015059319,0.025031418792794087,,,0.0281943781585274,,,,,,,,,0.017656101086447572,,0.05957700908661974,,,0.05007812382752042,,,0.04708790957290136,,,0.07602161447168673,0.04994343774553198,,0.02777133340931722,,,,,0.038451338530371464,0.03905661064656121,,0.04390507849623957,0.024718126616131833,,0.05449131589535803,,0.021922299615561653,,0.05104237977497019,,0.03517172765819478,0.04240452369530375,,,,,0.007836374611064626,0.017437633382370116,,0.07095976548741734,0.04384927961775191,,,0.020927384166923368,,,,,0.020307638483985126,0.0742536807286624,0.049431094748859,,0.012089824424634979,,,0.03236579255387061,0.05903788791745328,0.03049640260665914,0.03927974209991928,0.04007916560352813,,,0.052147148931159425,0.028714503156982832,,,,,,0.010862333427847256,,0.040410554048750574,0.007091848342035698
0.11760935667527514,0.01654631362466956,,,0.0474139788532166,,,0.04277363015800447,0.017627557680793278,,,0.049808712727722415,0.0,,0.021250051280020294,0.04499341296028129,,,0.051428157249824684,,,,,,,,,0.04434362900856978,,0.05180932647818077,,,0.029266673629187948,,,0.05182854678527736,,,0.026838926288121234,0.03997503769505934,,0.06154085452246077,,,,,0.052447303960939856,0.04416096535967184,,0.05315666824555335,0.030945600161048352,,0.03981078242803671,,0.029637736011051706,,0.04780948671397834,,0.02092215638672497,0.023666553535626862,,,,,0.05242297106368916,0.04386343217710079,,0.06102435426677287,0.0076350029493927815,,,0.04106381247459779,,,,,0.06395750144103945,0.02463407691632523,0.017062979497829693,,0.05686424690903702,,,0.05212001171306977,0.013422783972006412,0.03817184621063857,0.018687342489958448,0.040718849934877024,,,0.04217874888068679,0.07235557103933973,,,,,,0.03915420403756588,,0.04521189720320668,0.05229395809890794
0.07352295488707665,,,,,,0.02596802344158131,,,,0.03524342628769294,,,0.0,,,,,,0.04570555135478327,0.01387130682003675,0.048249052022734676,0.018639422387131274,,,0.020557051355628003,0.036405660344608085,,0.025713937836418177,,,,,0.03212442794452884,,,0.04469311986246913,,,,,,0.04136878847797417,0.040113173476404404,,0.01564819717110935,,,,,,,,,,0.0250269421560799,,0.02865754139151837,,,,,0.0464562650827457,,,,0.014983906389328165,,,,,,0.0181811313570069,0.027421727729462542,,,,,,0.03335720205557258,,,0.034136146845334024,,,,,,0.051063527680900986,0.01921095438792064,,,0.04170710243462624,,0.023333424435839092,0.02615834177037296,0.04076550108225732,,0.01689691854037384,,
0.13724092304668176,0.027807402303469408,,,0.06683358148831231,,,0.062405196529411046,0.033280905927255106,,,0.05245391015059319,0.021250051280020294,,0.0,0.04435195249327159,,,0.050786696782814986,,,,,,,,,0.05423129422592396,,0.07144089284958736,,,0.013126228175526174,,,0.07146011315668395,,,0.04625852892321694,0.029256054947686242,,0.06181308217547917,,,,,0.051805843493930165,0.06379253173107842,,0.05251520777854366,0.0315809968371993,,0.05944234879944331,,0.033709545692142774,,0.06744105308538494,,0.024698046802081246,0.04329811990703343,,,,,0.052981640266988796,0.0432219717100911,,0.05558433255424527,0.02726656932079937,,,0.04972159454477062,,,,,0.06424287647422106,0.030715403500349733,0.00990438195540131,,0.05742291611233666,,,0.06605114087918364,0.033061514886598926,0.057771767490336086,0.014599832661196558,0.060350416306283614,,,0.03356882833743949,0.07264094607252133,,,,,,0.04260908581964276,,0.06484346357461328,0.05574883988098482
0.12593719920234903,0.06065267126408537,,,0.0726382792529445,,,0.06713282944124839,0.032791348443804456,,,0.025031418792794087,0.04499341296028129,,0.04435195249327159,0.0,,,0.010697280306028248,,,,,,,,,0.037762238345461184,,0.0671626603745629,,,0.04035754558796641,,,0.06326790114137391,,,0.07094528392753705,0.029211175433187245,,0.02172366569869243,,,,,0.01807171381675367,0.055236602215033744,,0.023205726251980405,0.01713258046749931,,0.0610243633570061,,0.01857468343238695,,0.06019054656573838,,0.02834662714403384,0.046384120611193506,,,,,0.022733717789375524,0.00913725615222103,,0.05022750317507259,0.0390339798503108,,,0.03212788509198811,,,,,0.024199355648108975,0.06874043455574104,0.041329137091537425,,0.020821563482789848,,,0.05388047568513348,0.05422258815001217,0.048066575051689105,0.03031407614270431,0.051794486790238924,,,0.031414886618814676,0.03259742524640925,,,,,,0.023847704627520117,,0.05659054561722312,0.0285696839532816
0.02582475153227451,,0.027529112528671656,0.03987573783537831,,0.021113866089691083,,,,0.05184862456688041,,,,,,,0.0,0.038445322587527184,,,,,,0.02175231150539106,0.04263357200642563,,,,,,0.01629420642688233,0.01010596582107561,,,0.05546356863663222,,,0.04117133427115279,,,0.023101080878879257,,,,0.029911847064311603,,,,0.03316105012578305,,,0.02740555444228941,,0.015307934486974574,,,,,,,0.07033927775598448,0.04527033517412391,,0.03519550883815096,,,,,,0.0232546025959838,0.01795441948724922,,,,0.05946437693488221,0.023138185742608543,,,,,,0.028395789590871863,,,,,,,,,,,,0.047597639966260305,,,,,,,
0.0566087150375355,,0.02189492909660424,0.05783201177703307,,0.052611894482846526,,,,0.013432709493588975,,,,,,,0.038445322587527184,0.0,,,,,,0.03141181345553047,0.010327269500371276,,,,,,0.04484587014752023,0.04058085297014416,,,0.03464411527941338,,,0.04012671677425151,,,0.04740310621939711,,,,0.03714253576858927,,,,0.049306896283710266,,,0.04311085082190394,,0.028070795830705438,,,,,,,0.03382519018773603,0.031151689069368726,,0.020887288107133545,,,,,,0.051854634375523075,0.030696557309339477,,,,0.02104846186159078,0.0360475073249032,,,,,,0.016150336440047486,,,,,,,,,,,,0.010213286284336022,,,,,,,
0.1297843788242196,0.06708741555362877,,,0.07917758320686694,,,0.0719055084048041,0.039330652397726894,,,0.0281943781585274,0.051428157249824684,,0.050786696782814986,0.010697280306028248,,,0.0,,,,,,,,,0.0421039256726995,,0.07193533933811859,,,0.046459236867198904,,,0.06804058010492961,,,0.07738002821708041,0.03287085069997208,,0.01103812913427491,,,,,0.010628028233896377,0.060009281178589446,,0.01608176819976449,0.023671884421421756,,0.06579704232056183,,0.025113987386309395,,0.06496322552929408,,0.034781371433577235,0.05292342456511596,,,,,0.023158228596314792,0.015676560106143468,,0.052256439243301624,0.04546872413985418,,,0.03689832953559116,,,,,0.014150437108332418,0.07517517884528442,0.04776388138108079,,0.021246074289729116,,,0.05865092012873651,0.060657332439555546,0.052839254015244835,0.03659541580358407,0.05656716575379463,,,0.03507456188559951,0.022392938076859097,,,,,,0.027773085021919136,,0.06136322458077883,0.03172348874623559
0.1037139627455342,,,,,,0.04152461980275682,,,,0.07787132478118136,,,0.04570555135478327,,,,,,0.0,0.038139807368412854,0.061930104657604464,0.05924321368724048,,,0.055128709163627505,0.044519773427934776,,0.06797599938236035,,,,,0.01771772555047834,,,0.009448015473320366,,,,,,0.007718825310152096,0.05133387945637148,,0.03559352283907114,,,,,,,,,,0.049899268418597466,,0.06596649893198178,,,,,0.022700966166102374,,,,0.03676183713111104,,,,,,0.030125867228289284,0.05115974010860377,,,,,,0.01748035439082499,,,0.05591533769941515,,,,,,0.09316245025828834,0.05650816865325026,,,0.011276215986918789,,0.027971670026581026,0.030135022896928487,0.08339339957574574,,0.05914522703527822,,
0.06785226531906555,,,,,,0.025294916858023143,,,,0.04098238857053165,,,0.01387130682003675,,,,,,0.038139807368412854,0.0,0.05029867753964733,0.024434897145247405,,,0.018227657249956605,0.036163470909947204,,0.031074947468689485,,,,,0.023903024839725485,,,0.03712737587609872,,,,,,0.03380304449160375,0.041287663342487985,,0.011705498209410416,,,,,,,,,,0.02707656767299255,,0.0344530161496345,,,,,0.038231851838875536,,,,0.015391955253975019,,,,,,0.010615387370636475,0.021457069657741263,,,,,,0.025777276713502315,,,0.036185772362246675,,,,,,0.0562613983446174,0.025006429146036787,,,0.03414135844825584,,0.011176474649361052,0.019818600119985316,0.04650446336509604,,0.02221907123420773,,
0.1150178743043191,,,,,,0.027109508399520935,,,,0.04835280080288647,,,0.048249052022734676,,,,,,0.061930104657604464,0.05029867753964733,0.0,0.035919744857319934,,,0.061599120275620804,0.02319256899282383,,0.050987956622569205,,,,,0.06414552883558346,,,0.060645614916106365,,,,,,0.05997959737313278,0.01672731619164013,,0.04326330069949357,,,,,,,,,,0.025122959581087942,,0.03206296650374069,,,,,0.07557222184730238,,,,0.038404292421891535,,,,,,0.0482385276497384,0.0701250366224799,,,,,,0.06235007641188078,,,0.01867952532648129,,,,,,0.0626173211205744,0.035085498887995094,,,0.06503863346021499,,0.060846325162294365,0.06918364605404285,0.05143077066894575,,0.04864237342398771,,
0.08086667897549918,,,,,,0.024929142077389728,,,,0.020987555735516434,,,0.018639422387131274,,,,,,0.05924321368724048,0.024434897145247405,0.035919744857319934,0.0,,,0.02759895641023019,0.03533675635678387,,0.016011263614062916,,,,,0.04566209027698607,,,0.05798264430439329,,,,,,0.054906450810431405,0.028747743447396865,,0.024933863533741437,,,,,,,,,,0.01360512100223652,,0.011846760103500536,,,,,0.05999392741520292,,,,0.023635947118523844,,,,,,0.03141571565510879,0.03644359394403078,,,,,,0.04689486438802982,,,0.021806839679919254,,,,,,0.0363825819424633,0.008534446505225763,,,0.05524476476708349,,0.033897014761049754,0.03672193209558362,0.02523387567848056,,0.015059507950532186,,
0.043116154490331085,,0.016445461554024935,0.03543164671226507,,0.038309549402621025,,,,0.044844522949136593,,,,,,,0.02175231150539106,0.03141181345553047,,,,,,0.0,0.03445273274497845,,,,,,0.032032526727641966,0.020962046294137247,,,0.042398398507552525,,,0.027554103278894092,,,0.025207107954232925,,,,0.0162946160720529,,,,0.021117324486606606,,,0.015361828803112971,,0.01580334404765846,,,,,,,0.058773622156714674,0.032252968124430424,,0.02319591072930529,,,,,,0.03899292289674344,0.03364094918241983,,,,0.0494961278876991,0.01039192404202066,,,,,,0.023854525429587964,,,,,,,,,,,,0.037479163875477416,,,,,,,
0.06104733475613392,,0.024372685656072323,0.061198397502256426,,0.05705051420144495,,,,0.02144850652851153,,,,,,,0.04263357200642563,0.010327269500371276,,,,,,0.03445273274497845,0.0,,,,,,0.04928448986611863,0.044119835216518,,,0.027849857405448257,,,0.03339119702430703,,,0.05078851064129075,,,,0.030872450953518343,,,,0.043036811468639344,,,0.03684076600683301,,0.031456200252599084,,,,,,,0.03205571937289247,0.024416169319424252,,0.014617203292062625,,,,,,0.05629325409412148,0.03513517702793789,,,,0.02132217101954796,0.029777422509832285,,,,,,0.019678521830943027,,,,,,,,,,,,0.009305207007326264,,,,,,,
0.05480698408073114,,,,,,0.039373294832190535,,,,0.02747591007746848,,,0.020557051355628003,,,,,,0.055128709163627505,0.018227657249956605,0.061599120275620804,0.02759895641023019,,,0.0,0.04981093173521734,,0.018997174739456116,,,,,0.03988358932740343,,,0.05425556407481876,,,,,,0.05079194628681841,0.05351844486701367,,0.02838923624536753,,,,,,,,,,0.038377010408965975,,0.03752232181883015,,,,,0.054212416326553485,,,,0.029855393988732274,,,,,,0.027814762165397546,0.014410361432076038,,,,,,0.04175784120118027,,,0.0474862150982201,,,,,,0.03837506514918748,0.02908182147757636,,,0.05093642445171608,,0.027157039137038992,0.029192467319442895,0.029192546233887867,,0.014575588370512952,,
0.10284384380817134,,,,,,0.012031323634361445,,,,0.05456227402604464,,,0.036405660344608085,,,,,,0.044519773427934776,0.036163470909947204,0.02319256899282383,0.03533675635678387,,,0.04981093173521734,0.0,,0.04509572879863425,,,,,0.04688208323566101,,,0.04323528368643666,,,,,,0.042569266143463076,0.00914581408579007,,0.028130144343692046,,,,,,,,,,0.02475436998120501,,0.04082160049458937,,,,,0.058308478080069094,,,,0.023271136066089985,,,,,,0.031853867588359425,0.05660245336879347,,,,,,0.04542228170696535,,,0.03006999518732764,,,,,,0.07058319274626527,0.03260171132279366,,,0.04762830223054529,,0.04589664889527474,0.052688966003438475,0.05981609621481567,,0.03685418488358426,,
0.09337481671058244,0.06070083371785411,,,0.06755253661842789,,,0.05169211964623,0.028553421125502132,,,0.017656101086447572,0.04434362900856978,,0.05423129422592396,0.037762238345461184,,,0.0421039256726995,,,,,,,,,0.0,,0.051721950579544575,,,0.05579910828040297,,,0.0392328510658262,,,0.06939521538415847,0.0628154374265426,,0.04219944530421974,,,,,0.05167597581010905,0.029946650323573812,,0.05680998824533577,0.03196620680564073,,0.04663625738828285,,0.023436090488462614,,0.043187321267895026,,0.03389101801547884,0.03454946518822859,,,,,0.02224460842673593,0.030832114175131712,,0.08383176516842794,0.03838419589859928,,,0.013088066293889684,,,,,0.03490306167139495,0.06878859700950976,0.05120847882418977,,0.026685884272083776,,,0.02218223568257304,0.05287518632574632,0.02031284573536156,0.04111965129933004,0.03222410709645297,,,0.06501914861217005,0.03562685506373413,,,,,,0.014760471238729186,,0.03255549554167542,0.013493785650940018
0.065246212757281,,,,,,0.03468811451924012,,,,0.010991400893361215,,,0.025713937836418177,,,,,,0.06797599938236035,0.031074947468689485,0.050987956622569205,0.016011263614062916,,,0.018997174739456116,0.04509572879863425,,0.0,,,,,0.0527308795461363,,,0.06710285429355162,,,,,,0.06363923650555127,0.04319209729535986,,0.03456349386059174,,,,,,,,,,0.02804947485019952,,0.025442522889648985,,,,,0.06705970654528637,,,,0.033394919560374256,,,,,,0.04066205238413044,0.027909584413596786,,,,,,0.054605131419913126,,,0.036875051445168526,,,,,,0.027321351513535656,0.022978800353188764,,,0.06378371467044897,,0.04000432935577186,0.041998094139813036,0.01685071708628115,,0.013795938843920733,,
0.0932214445152221,0.055365635829025726,,,0.035232912103324805,,,0.018326429121321264,0.044142300593125676,,,0.05957700908661974,0.05180932647818077,,0.07144089284958736,0.0671626603745629,,,0.07193533933811859,,,,,,,,,0.051721950579544575,,0.0,,,0.07688490307025152,,,0.018740913993227182,,,0.044380699177848947,0.08465073781664868,,0.07257131221106024,,,,,0.08107639783921079,0.031225129564515453,,0.08472568417939356,0.06033824377903208,,0.038156333777013426,,0.05225494195754948,,0.014552344425710531,,0.05497681280532735,0.02978278647975082,,,,,0.062425815305820795,0.06055581353402641,,0.10570005438836219,0.04448674271003121,,,0.04884377550030153,,,,,0.07490696686936874,0.05151322407227878,0.06725382106739675,,0.06686709115116866,,,0.057191190581514666,0.04275067313527904,0.03743577203719675,0.06220544608917856,0.02610044292564714,,,0.08685444900227605,0.08330503646766897,,,,,,0.049861345262308364,,0.02397884735635344,0.0611909093007326
0.018326894834700225,,0.037809327750922564,0.04759267258864038,,0.014330074280011248,,,,0.05824917212687343,,,,,,,0.01629420642688233,0.04484587014752023,,,,,,0.032032526727641966,0.04928448986611863,,,,,,0.0,0.01960550785663294,,,0.06551173767469663,,,0.05145154949340367,,,0.030687720556210264,,,,0.0401920622865625,,,,0.04293574798855568,,,0.03718025230506206,,0.025588149709225468,,,,,,,0.07813044084233421,0.05409998948479425,,0.043749812006622486,,,,,,0.02588447837956308,0.017087577881152918,,,,0.06586492449487524,0.032912883605381194,,,,,,0.03631562655840934,,,,,,,,,,,,0.053998187526253336,,,,,,,
0.028272534946824086,,0.027840626949080353,0.029769772014355204,,0.019437012565737006,,,,0.05398415494949737,,,,,,,0.01010596582107561,0.04058085297014416,,,,,,0.020962046294137247,0.044119835216518,,,,,,0.01960550785663294,0.0,,,0.055770202513711536,,,0.04120090220377021,,,0.012995115057856148,,,,0.029941414996929018,,,,0.025556586187928883,,,0.023383667932418566,,0.015348187242762658,,,,,,,0.07132221776048636,0.04557696905120324,,0.03565974947245524,,,,,,0.033223144665201765,0.027871170950878158,,,,0.06159990731749916,0.019719956425781168,,,,,,0.030341959184380363,,,,,,,,,,,,0.04961988426152169,,,,,,,
0.14022098830946755,0.03719573344808991,,,0.07334734894469368,,,0.06830979810292744,0.03484871998173412,,,0.05007812382752042,0.029266673629187948,,0.013126228175526174,0.04035754558796641,,,0.046459236867198904,,,,,,,,,0.05579910828040297,,0.07688490307025152,,,0.0,,,0.07526746415590382,,,0.05427515127238456,0.02371729464371672,,0.0574856222598631,,,,,0.04746305428164973,0.06723616522956366,,0.04814425947542976,0.032947625983863284,,0.06430698343819194,,0.035214834622541796,,0.0721901095802683,,0.026265860856560266,0.04817017810251565,,,,,0.04899508575439841,0.03923338710040794,,0.05004557225027574,0.03528319166996701,,,0.05122688347516965,,,,,0.05996131220927965,0.04010373464497024,0.01819262503378065,,0.053436361599746275,,,0.06761895493366267,0.04107813723576657,0.06119544648248079,0.015983578036534548,0.06379404980476884,,,0.02803006803346996,0.06835938180757993,,,,,,0.04411437475004179,,0.06859010863175304,0.0536193165698767
0.08841257551562906,,,,,,0.03706118942647786,,,,0.06274395423765307,,,0.03212442794452884,,,,,,0.01771772555047834,0.023903024839725485,0.06414552883558346,0.04566209027698607,,,0.03988358932740343,0.04688208323566101,,0.0527308795461363,,,,,0.0,,,0.02054272247858512,,,,,,0.013380962673669236,0.05369618926409768,,0.02780084220656484,,,,,,,,,,0.043763699338711784,,0.05567650488645064,,,,,0.015280894827391945,,,,0.031927838588810036,,,,,,0.019186822854095485,0.03589225896826713,,,,,,0.006874067305839366,,,0.05136614472329174,,,,,,0.07791733042206427,0.04292704524299584,,,0.012062422201772756,,0.012726550190356949,0.012537624048730236,0.06823570072079048,,0.04431224729998449,,
0.07727458256471187,,0.03500507734439024,0.06617001681505073,,0.07257691824501308,,,,0.042451369551498745,,,,,,,0.05546356863663222,0.03464411527941338,,,,,,0.042398398507552525,0.027849857405448257,,,,,,0.06551173767469663,0.055770202513711536,,,0.0,,,0.020746461765821168,,,0.06100717530879395,,,,0.02948408752247157,,,,0.04579997894830128,,,0.03635351806860408,,0.04376628614459014,,,,,,,0.016509140422458195,0.012926907359350454,,0.022039838899218702,,,,,,0.07252050190269949,0.051362424836515874,,,,0.02400204021925321,0.03758649362697939,,,,,,0.036273167565463456,,,,,,,,,,,,0.027384724260869242,,,,,,,
0.07520554690078708,0.05538485613612232,,,0.03411965225843186,,,0.017213169276428308,0.041480522353244675,,,0.04708790957290136,0.05182854678527736,,0.07146011315668395,0.06326790114137391,,,0.06804058010492961,,,,,,,,,0.0392328510658262,,0.018740913993227182,,,0.07526746415590382,,,0.0,,,0.04326743933295601,0.08303329890230095,,0.06867655297787122,,,,,0.0771816386060218,0.01780916927823007,,0.08231565104124855,0.05644348454584309,,0.03455310008585877,,0.04836018272436049,,0.0063470321339257575,,0.05335937389097965,0.029802006786847395,,,,,0.04993671579210245,0.056661054300837406,,0.10408261547401447,0.044505963017127774,,,0.036354675986583165,,,,,0.06259516903676147,0.051534577344808256,0.06727304137449333,,0.054377991637450315,,,0.04414108246164212,0.04276989344237562,0.0249466725234784,0.06058800717483085,0.016355822119846593,,,0.08523701008792833,0.07100203370975917,,,,,,0.042374258358631046,,0.010525578683171895,0.04870180978701426
0.10284081765672545,,,,,,0.0402401300612587,,,,0.07685889328886726,,,0.04469311986246913,,,,,,0.009448015473320366,0.03712737587609872,0.060645614916106365,0.05798264430439329,,,0.05425556407481876,0.04323528368643666,,0.06710285429355162,,,,,0.02054272247858512,,,0.0,,,,,,0.014319398397078438,0.05004938971487337,,0.03430903309757303,,,,,,,,,,0.04861477867709933,,0.06468200919048366,,,,,0.03068150750151873,,,,0.035477347389612925,,,,,,0.029113435735975156,0.05028659501979501,,,,,,0.020305351318931762,,,0.05463084795791703,,,,,,0.09228930516947959,0.05524759927040304,,,0.01925675732233515,,0.027098524937772272,0.03296001982503526,0.08238096808343158,,0.05813279554296409,,
0.06271850337765521,,0.023218734521811706,0.05092115725652431,,0.05800761793507176,,,,0.04842840822166923,,,,,,,0.04117133427115279,0.04012671677425151,,,,,,0.027554103278894092,0.03339119702430703,,,,,,0.05145154949340367,0.04120090220377021,,,0.020746461765821168,,,0.0,,,0.04547747693429278,,,,0.013954389147970429,,,,0.03055111938977489,,,0.020823819694102942,,0.031637001974097904,,,,,,,0.03712168541498333,0.017652337453476104,,0.01954534044296378,,,,,,0.05841194566250515,0.0488802977569178,,,,0.03572563863164419,0.022742198398320968,,,,,,0.03379104048586539,,,,,,,,,,,,0.03402317446898058,,,,,,,
0.11695585593274345,0.02545478035013991,,,0.02369001434943724,,,0.031113503854809002,0.04252879524125252,,,0.07602161447168673,0.026838926288121234,,0.04625852892321694,0.07094528392753705,,,0.07738002821708041,,,,,,,,,0.06939521538415847,,0.044380699177848947,,,0.05427515127238456,,,0.04326743933295601,,,0.0,0.06504269642267757,,0.08775375626642509,,,,,0.07839917492819562,0.051656520807447225,,0.07910853921280916,0.05715850190501268,,0.050495784179981545,,0.05585063775501603,,0.03887615800746636,,0.04691178948001149,0.034845750196071425,,,,,0.07863587280765348,0.06981530314435656,,0.08609201299439109,0.032172334853940165,,,0.06642194618865022,,,,,0.09017040318500376,0.02088655894839716,0.04207145714102632,,0.08307714865300128,,,0.0751775019282223,0.01703519646465097,0.057467324871669584,0.04393691564080339,0.04618234576123782,,,0.06724640760830501,0.09856847278330401,,,,,,0.0653671057815302,,0.044631238177097535,0.07850685984287224
0.14798682305586472,0.05475008375922589,,,0.08111318369109088,,,0.07607563284932461,0.0426145547281313,,,0.04994343774553198,0.03997503769505934,,0.029256054947686242,0.029211175433187245,,,0.03287085069997208,,,,,,,,,0.0628154374265426,,0.08465073781664868,,,0.02371729464371672,,,0.08303329890230095,,,0.06504269642267757,0.0,,0.041528031536106576,,,,,0.03150398801118707,0.07500199997596081,,0.032153537430842385,0.033030611112950185,,0.07207281818458912,,0.04217165883324792,,0.0799559443266654,,0.034031695602957435,0.05593601284891282,,,,,0.04490728818331938,0.03419045523330246,,0.03271581091344659,0.044802414289187825,,,0.05718108417306954,,,,,0.04464033951016408,0.05956441207219646,0.032688446499049964,,0.042995133876733725,,,0.0753847896800598,0.05180846852978943,0.06896128122887794,0.022445291727477317,0.07155988455116599,,,0.005928193714487209,0.05288284047869076,,,,,,0.048900903708601534,,0.07635594337815019,0.05347254833324019
0.03935474764640141,,0.03434294988404961,0.01690495203245317,,0.02296247830979239,,,,0.060811318151021615,,,,,,,0.023101080878879257,0.04740310621939711,,,,,,0.025207107954232925,0.05078851064129075,,,,,,0.030687720556210264,0.012995115057856148,,,0.06100717530879395,,,0.04547747693429278,,,0.0,,,,0.035365345483326295,,,,0.01883967601891137,,,0.024653657240199287,,0.027954321503950087,,,,,,,0.07738239895795605,0.051323697535703816,,0.04216207240742449,,,,,,0.0462182597230054,0.04086628600868181,,,,0.0683055236985161,0.02392954371992609,,,,,,0.03954818964298921,,,,,,,,,,,,0.056288559686294426,,,,,,,
0.1293613340750094,0.07789805923174513,,,0.08734929442364851,,,0.0725414812777457,0.04600687292492465,,,0.02777133340931722,0.06154085452246077,,0.06181308217547917,0.02172366569869243,,,0.01103812913427491,,,,,,,,,0.04219944530421974,,0.07257131221106024,,,0.0574856222598631,,,0.06867655297787122,,,0.08775375626642509,0.041528031536106576,,0.0,,,,,0.016368167818265812,0.06064525405153104,,0.023789902641953728,0.032695793233632316,,0.06643301519350342,,0.03365444141030001,,0.06559919840223567,,0.045654138227644185,0.054346222993449135,,,,,0.022752419940910682,0.0221515116135247,,0.05996457368549088,0.055581421412490284,,,0.037534302408532755,,,,,0.010763298136625125,0.08598582252340077,0.05879026677374499,,0.02082302954051894,,,0.05832735113965289,0.07077002971219165,0.05347522688818643,0.047621801196248245,0.057203138626736226,,,0.04373174272173403,0.017186721176367874,,,,,,0.02837741704812294,,0.061999197453720414,0.031300443997025404
0.09937719986872509,,,,,,0.03756528536066682,,,,0.07353456190437227,,,0.04136878847797417,,,,,,0.007718825310152096,0.03380304449160375,0.05997959737313278,0.054906450810431405,,,0.05079194628681841,0.042569266143463076,,0.06363923650555127,,,,,0.013380962673669236,,,0.014319398397078438,,,,,,0.0,0.049383372171899774,,0.031582570197853856,,,,,,,,,,0.04593993397650745,,0.06200716448989176,,,,,0.019865848699608796,,,,0.03275088448989376,,,,,,0.025789104351480192,0.046822977231794675,,,,,,0.01314359151401589,,,0.051956003257325134,,,,,,0.08882568738147927,0.052171405776441165,,,0.008441098520425204,,0.023634907149771924,0.02579826002011939,0.0790566366989366,,0.05480846415846913,,
0.10693838688282457,,,,,,0.016882535990530807,,,,0.048168389416813374,,,0.040113173476404404,,,,,,0.05133387945637148,0.041287663342487985,0.01672731619164013,0.028747743447396865,,,0.05351844486701367,0.00914581408579007,,0.04319209729535986,,,,,0.05369618926409768,,,0.05004938971487337,,,,,,0.049383372171899774,0.0,,0.03303632829050346,,,,,,,,,,0.017730319620814294,,0.03271900636741445,,,,,0.06512258410850583,,,,0.0281773200129014,,,,,,0.038011555240748264,0.0616237723153467,,,,,,0.05212310400289066,,,0.021657168334005487,,,,,,0.06303042320623835,0.027289639560785752,,,0.05444240825898202,,0.051835310965135,0.05938978829936378,0.05188171694225558,,0.040561698015380586,,
0.05145901617081403,,0.01973724646846925,0.04286566620890857,,0.046748130728230586,,,,0.045973498878285744,,,,,,,0.029911847064311603,0.03714253576858927,,,,,,0.0162946160720529,0.030872450953518343,,,,,,0.0401920622865625,0.029941414996929018,,,0.02948408752247157,,,0.013954389147970429,,,0.035365345483326295,,,,0.0,,,,0.022936561140025777,,,0.012990558491618204,,0.02396287960657899,,,,,,,0.045859311171633714,0.019822112685812604,,0.019447925722267438,,,,,,0.047152458455663966,0.041800484741340356,,,,0.037856905345441436,0.011482711191479776,,,,,,0.03072971624163295,,,,,,,,,,,,0.033749038740993546,,,,,,,
0.07830480172772268,,,,,,0.01646480240567636,,,,0.04409298231186649,,,0.01564819717110935,,,,,,0.03559352283907114,0.011705498209410416,0.04326330069949357,0.024933863533741437,,,0.02838923624536753,0.028130144343692046,,0.03456349386059174,,,,,0.02780084220656484,,,0.03430903309757303,,,,,,0.031582570197853856,0.03303632829050346,,0.0,,,,,,,,,,0.020369168475231948,,0.03460979489103104,,,,,0.04213267934478169,,,,0.007225308445660729,,,,,,0.013554467584687558,0.03214448066825667,,,,,,0.029033616317608573,,,0.030235582807107822,,,,,,0.05993303310001132,0.02219881849975123,,,0.03197351746762357,,0.022253145832057394,0.030435713648709596,0.049413099919784514,,0.02618990382688756,,
0.1398509366669969,0.06810656226474393,,,0.08042405115249238,,,0.07523271399509476,0.04177163587390145,,,0.038451338530371464,0.052447303960939856,,0.051805843493930165,0.01807171381675367,,,0.010628028233896377,,,,,,,,,0.05167597581010905,,0.08107639783921079,,,0.04746305428164973,,,0.0771816386060218,,,0.07839917492819562,0.03150398801118707,,0.016368167818265812,,,,,0.0,0.06915033967968161,,0.01376585911703423,0.02683637604985277,,0.07122989933035927,,0.032488420897034825,,0.07410428403038624,,0.03580051814469239,0.05509309399468298,,,,,0.033432425061964914,0.023050993616868902,,0.04994053016057137,0.04648787085096932,,,0.04604162255663599,,,,,0.021448470650143128,0.07619432555639957,0.04878302809219596,,0.03150303466157317,,,0.06779421314978135,0.0616764791506707,0.061980312516337004,0.03759923321803487,0.0657082242548868,,,0.03370769919681451,0.029690971618669813,,,,,,0.037761442092167995,,0.07050428308187098,0.04198044911807963
0.07418236681848953,0.05000180317401008,,,0.04810178161320447,,,0.03119529863120092,0.03344922342690451,,,0.03905661064656121,0.04416096535967184,,0.06379253173107842,0.055236602215033744,,,0.060009281178589446,,,,,,,,,0.029946650323573812,,0.031225129564515453,,,0.06723616522956366,,,0.01780916927823007,,,0.051656520807447225,0.07500199997596081,,0.06064525405153104,,,,,0.06915033967968161,0.0,,0.07428435211490836,0.04841218561950292,,0.03245032984819825,,0.04032888379802031,,0.021763639480298875,,0.04532807496463951,0.022138216963260057,,,,,0.04190541686576233,0.048629755374497236,,0.09605131654767433,0.037222673630366396,,,0.02832337706024301,,,,,0.054563870110421346,0.0520712413948137,0.05960545994888781,,0.046346692711110186,,,0.029518988408866183,0.0404639381007778,0.014555893128246386,0.05255670824849071,0.012847716816147743,,,0.0772057111615882,0.05810096117215795,,,,,,0.03434295943229089,,0.01113181375407929,0.03596789175936383
0.051713582165627776,,0.03127657630592152,0.0230795130625866,,0.038892772613306446,,,,0.05814508421554342,,,,,,,0.03316105012578305,0.049306896283710266,,,,,,0.021117324486606606,0.043036811468639344,,,,,,0.04293574798855568,0.025556586187928883,,,0.04579997894830128,,,0.03055111938977489,,,0.01883967601891137,,,,0.022936561140025777,,,,0.0,,,0.00996152283173787,,0.03350171046877773,,,,,,,0.06217520259746346,0.03663754588035267,,0.03161951105952515,,,,,,0.05549580634642918,0.05014383263210556,,,,0.054672338539981546,0.013376034659089018,,,,,,0.04234241338656329,,,,,,,,,,,,0.04592062407825128,,,,,,,
0.14498494910222368,0.06881592654935743,,,0.08120111807052235,,,0.07615057921206948,0.04268950109087613,,,0.04390507849623957,0.05315666824555335,,0.05251520777854366,0.023205726251980405,,,0.01608176819976449,,,,,,,,,0.05680998824533577,,0.08472568417939356,,,0.04814425947542976,,,0.08231565104124855,,,0.07910853921280916,0.032153537430842385,,0.023789902641953728,,,,,0.01376585911703423,0.07428435211490836,,0.0,0.027842158352002756,,0.07214776454733397,,0.03703336896677639,,0.07923829646561291,,0.0365098824293059,0.05601095921165768,,,,,0.03888616502783303,0.028185006052095618,,0.05059007958022667,0.047197235135582834,,,0.051175634991862694,,,,,0.02690221061601123,0.07690368984101309,0.04949239237680946,,0.03695677462744128,,,0.07292822558500806,0.0623858434352842,0.0671143249515637,0.038280438411814915,0.0708422366901135,,,0.03435724861646981,0.03514471158453791,,,,,,0.04289545452739469,,0.07563829551709769,0.047434189083947746
0.1201411676625286,0.0471538060194191,,,0.058461523595567715,,,0.05327018643817011,0.019809108316976794,,,0.024718126616131833,0.030945600161048352,,0.0315809968371993,0.01713258046749931,,,0.023671884421421756,,,,,,,,,0.03196620680564073,,0.06033824377903208,,,0.032947625983863284,,,0.05644348454584309,,,0.05715850190501268,0.033030611112950185,,0.032695793233632316,,,,,0.02683637604985277,0.04841218561950292,,0.027842158352002756,0.0,,0.04926737177343462,,0.010357032771504465,,0.05336612997020755,,0.014298814344800919,0.03313056643775832,,,,,0.023851762645691808,0.015246929943330058,,0.05404693885483554,0.024986167051077875,,,0.02633185355216766,,,,,0.03511299885292407,0.05524156931107477,0.02855818143546512,,0.028293038491039653,,,0.047639826767953884,0.04017477535077924,0.041362590127297094,0.01840682878652541,0.0449700701947081,,,0.03523432229857762,0.04351106845122434,,,,,,0.01805167308769967,,0.049766129021692286,0.02836066200676373
0.04595808648213417,,0.025080530844115174,0.03167252844016529,,0.04073117104090235,,,,0.051949038753737097,,,,,,,0.02740555444228941,0.04311085082190394,,,,,,0.015361828803112971,0.03684076600683301,,,,,,0.03718025230506206,0.023383667932418566,,,0.03635351806860408,,,0.020823819694102942,,,0.024653657240199287,,,,0.012990558491618204,,,,0.00996152283173787,,,0.0,,0.027746214785284086,,,,,,,0.05272874171776626,0.02669154323194511,,0.0254234655977188,,,,,,0.04974031066293554,0.04438833694861193,,,,0.04472633589157394,0.007296321474266884,,,,,,0.036146367924756936,,,,,,,,,,,,0.03972457861644494,,,,,,,
0.10027320403377649,0.04402024672420459,,,0.047409425855010956,,,0.03441854750801971,0.031564380961066105,,,0.05449131589535803,0.03981078242803671,,0.05944234879944331,0.0610243633570061,,,0.06579704232056183,,,,,,,,,0.04663625738828285,,0.038156333777013426,,,0.06430698343819194,,,0.03455310008585877,,,0.050495784179981545,0.07207281818458912,,0.06643301519350342,,,,,0.07122989933035927,0.03245032984819825,,0.07214776454733397,0.04926737177343462,,0.0,,0.04422462745504009,,0.031184219968188927,,0.04239889317326779,0.016151136185624904,,,,,0.057234139474461654,0.05441751651646962,,0.09312213475630259,0.032488198659887134,,,0.043662988192774616,,,,,0.06876866985181194,0.050910504767348,0.055255277017252684,,0.061675415319809516,,,0.044944684844002054,0.034476857323142644,0.03470836687579394,0.049627526457118994,0.025456964810254647,,,0.0742765293702165,0.07578257112712813,,,,,,0.04372304824475159,,0.02787574456170799,0.05364950171433403
0.03686578841664766,,0.01583183003662959,0.04072017153681847,,0.03215490297406423,,,,0.04147900776232992,,,,,,,0.015307934486974574,0.028070795830705438,,,,,,0.01580334404765846,0.031456200252599084,,,,,,0.025588149709225468,0.015348187242762658,,,0.04376628614459014,,,0.031637001974097904,,,0.027954321503950087,,,,0.02396287960657899,,,,0.03350171046877773,,,0.027746214785284086,,0.0,,,,,,,0.05904044324167194,0.033573052682081814,,0.02365583310333384,,,,,,0.03254854587832695,0.027196572164003344,,,,0.04897321330982448,0.021137002876374697,,,,,,0.01775447848485204,,,,,,,,,,,,0.03695624929760279,,,,,,,
0.11214803395234993,0.04599494072033606,,,0.056498033188731145,,,0.05125371262397009,0.015423616295829298,,,0.021922299615561653,0.029637736011051706,,0.033709545692142774,0.01857468343238695,,,0.025113987386309395,,,,,,,,,0.023436090488462614,,0.05225494195754948,,,0.035214834622541796,,,0.04836018272436049,,,0.05585063775501603,0.04217165883324792,,0.03365444141030001,,,,,0.032488420897034825,0.04032888379802031,,0.03703336896677639,0.010357032771504465,,0.04422462745504009,,0.0,,0.04528282814872496,,0.015220749523307002,0.029016388463218357,,,,,0.024536557951528398,0.016689032908217705,,0.06322097540496145,0.02367830290108121,,,0.01780173723498954,,,,,0.036071088328878675,0.05408270401199171,0.030686730290408575,,0.028977833796876244,,,0.03955432782813488,0.03886691120078259,0.033279288305814496,0.020535377641468865,0.03688676837322549,,,0.04437537001887538,0.044469157927178954,,,,,,0.01183661789406019,,0.04168282720020968,0.024976371955402258
0.09179576443766425,,,,,,0.01434675570181088,,,,0.03302576697165304,,,0.0250269421560799,,,,,,0.049899268418597466,0.02707656767299255,0.025122959581087942,0.01360512100223652,,,0.038377010408965975,0.02475436998120501,,0.02804947485019952,,,,,0.043763699338711784,,,0.04861477867709933,,,,,,0.04593993397650745,0.017730319620814294,,0.020369168475231948,,,,,,,,,,0.0,,0.017471465041184835,,,,,0.05677676845419294,,,,0.015966808273999655,,,,,,0.029308451372554938,0.04690292675582509,,,,,,0.04353891963095181,,,0.011010054403687271,,,,,,0.04778288188000872,0.012147017115625413,,,0.046403426431662655,,0.03762421529563953,0.045961536187388075,0.03663417561602596,,0.025420263557332883,,
0.08082756265592063,0.0513657960648233,,,0.0297283709329422,,,0.012821887950938658,0.03840316777760919,,,0.05104237977497019,0.04780948671397834,,0.06744105308538494,0.06019054656573838,,,0.06496322552929408,,,,,,,,,0.043187321267895026,,0.014552344425710531,,,0.0721901095802683,,,0.0063470321339257575,,,0.03887615800746636,0.0799559443266654,,0.06559919840223567,,,,,0.07410428403038624,0.021763639480298875,,0.07923829646561291,0.05336612997020755,,0.031184219968188927,,0.04528282814872496,,0.0,,0.05028201931534414,0.02578294671554837,,,,,0.053891185994171274,0.053583699725201876,,0.10100526089837897,0.04048690294582876,,,0.04030914618865199,,,,,0.0665496392388303,0.04751338430807631,0.0632539813031943,,0.05833246183951914,,,0.0486565612698651,0.038750833371076605,0.028901142725547203,0.05751065259919534,0.019128329116822627,,,0.08215965551229282,0.074956503911828,,,,,,0.04288923145348385,,0.014480048885240702,0.05265627998908308
0.08917025712555955,,,,,,0.030413986215195223,,,,0.021474124320276365,,,0.02865754139151837,,,,,,0.06596649893198178,0.0344530161496345,0.03206296650374069,0.011846760103500536,,,0.03752232181883015,0.04082160049458937,,0.025442522889648985,,,,,0.05567650488645064,,,0.06468200919048366,,,,,,0.06200716448989176,0.03271900636741445,,0.03460979489103104,,,,,,,,,,0.017471465041184835,,0.0,,,,,0.07000834202466748,,,,0.030207434689798755,,,,,,0.041430130264573345,0.046366959352630716,,,,,,0.05690927899749437,,,0.017950061326340014,,,,,,0.033759173044317865,0.020170140635052788,,,0.06247065694504696,,0.04391513376543683,0.046740051099970724,0.02327242051489927,,0.02502172338808501,,
0.11831289804454344,0.03661917681655981,,,0.051439258679769555,,,0.046401707838003306,0.012940629716809994,,,0.03517172765819478,0.02092215638672497,,0.024698046802081246,0.02834662714403384,,,0.034781371433577235,,,,,,,,,0.03389101801547884,,0.05497681280532735,,,0.026265860856560266,,,0.05335937389097965,,,0.04691178948001149,0.034031695602957435,,0.045654138227644185,,,,,0.03580051814469239,0.04532807496463951,,0.0365098824293059,0.014298814344800919,,0.04239889317326779,,0.015220749523307002,,0.05028201931534414,,0.0,0.02626208783759151,,,,,0.036810107639703694,0.027216646360853344,,0.05508101217467096,0.015951673515051338,,,0.029625500028490754,,,,,0.048071343846935954,0.04470694010821548,0.02167523140034705,,0.04125138348505154,,,0.04571086466873852,0.03106468782589694,0.03928735621755666,0.011586403875487336,0.04188595953984472,,,0.03623540678858486,0.05646941344523623,,,,,,0.025326903327244406,,0.04668201836682891,0.03846665738858648
0.09558281667684522,0.027869110538721223,,,0.033572600567251094,,,0.02407653706877877,0.015427575625389827,,,0.04240452369530375,0.023666553535626862,,0.04329811990703343,0.046384120611193506,,,0.05292342456511596,,,,,,,,,0.03454946518822859,,0.02978278647975082,,,0.04817017810251565,,,0.029802006786847395,,,0.034845750196071425,0.05593601284891282,,0.054346222993449135,,,,,0.05509309399468298,0.022138216963260057,,0.05601095921165768,0.03313056643775832,,0.016151136185624904,,0.029016388463218357,,0.02578294671554837,,0.02626208783759151,0.0,,,,,0.04514734727440738,0.042330724316415345,,0.0769853294206263,0.016343969767477276,,,0.03157619599272034,,,,,0.05668187765175767,0.0352604707834379,0.03911104812484285,,0.049588623119755246,,,0.040331751732292434,0.01832572113765927,0.02262157467573969,0.03349072112144271,0.018580285444270303,,,0.05813972403454024,0.06507994725005795,,,,,,0.03163625604469733,,0.023185357204776727,0.04401842390941664
0.08989328573234949,,0.04890561996434729,0.08254524046421291,,0.08589646517766053,,,,0.034773371022435495,,,,,,,0.07033927775598448,0.03382519018773603,,,,,,0.058773622156714674,0.03205571937289247,,,,,,0.07813044084233421,0.07132221776048636,,,0.016509140422458195,,,0.03712168541498333,,,0.07738239895795605,,,,0.045859311171633714,,,,0.06217520259746346,,,0.05272874171776626,,0.05904044324167194,,,,,,,0.0,0.028058722088584204,,0.03640836799333954,,,,,,0.0851392050703371,0.06398112800415348,,,,0.014867073833756619,0.05396171727614154,,,,,,0.048524472807158645,,,,,,,,,,,,0.02623534069197604,,,,,,,
0.06586283437480951,,0.02359332915448786,0.05700758374710212,,0.061866013820120525,,,,0.03945338051678644,,,,,,,0.04527033517412391,0.031151689069368726,,,,,,0.032252968124430424,0.024416169319424252,,,,,,0.05409998948479425,0.04557696905120324,,,0.012926907359350454,,,0.017652337453476104,,,0.051323697535703816,,,,0.019822112685812604,,,,0.03663754588035267,,,0.02669154323194511,,0.033573052682081814,,,,,,,0.028058722088584204,0.0,,0.010628090709316317,,,,,,0.06110875371279708,0.039950676646613476,,,,0.026674692335204604,0.02744106324385731,,,,,,0.024861419375561068,,,,,,,,,,,,0.025048146764097824,,,,,,,
0.09864309204174992,,,,,,0.04848788243819679,,,,0.07707278123680314,,,0.0464562650827457,,,,,,0.022700966166102374,0.038231851838875536,0.07557222184730238,0.05999392741520292,,,0.054212416326553485,0.058308478080069094,,0.06705970654528637,,,,,0.015280894827391945,,,0.03068150750151873,,,,,,0.019865848699608796,0.06512258410850583,,0.04213267934478169,,,,,,,,,,0.05677676845419294,,0.07000834202466748,,,,,0.0,,,,0.04350601134765983,,,,,,0.033518659992312336,0.04975321871687115,,,,,,0.01979219338961563,,,0.06279283773501065,,,,,,0.09224615742121432,0.057258882381212683,,,0.011424750179176836,,0.027055377189507006,0.025722429088613972,0.0825645277199405,,0.058641074299134566,,
0.05551265689663776,,0.013243151676316133,0.049981447061500185,,0.05151583634194877,,,,0.029718251216829996,,,,,,,0.03519550883815096,0.020887288107133545,,,,,,0.02319591072930529,0.014617203292062625,,,,,,0.043749812006622486,0.03565974947245524,,,0.022039838899218702,,,0.01954534044296378,,,0.04216207240742449,,,,0.019447925722267438,,,,0.03161951105952515,,,0.0254234655977188,,0.02365583310333384,,,,,,,0.03640836799333954,0.010628090709316317,,0.0,,,,,,0.05075857623462533,0.02960049916844173,,,,0.027089795587248288,0.018497092905460356,,,,,,0.014511241897389325,,,,,,,,,,,,0.01749379107953783,,,,,,,
0.1094263752767568,0.06878017577297352,,,0.07815041870460672,,,0.062395984372506284,0.036888989466153016,,,0.007836374611064626,0.05242297106368916,,0.052981640266988796,0.022733717789375524,,,0.023158228596314792,,,,,,,,,0.02224460842673593,,0.062425815305820795,,,0.04899508575439841,,,0.04993671579210245,,,0.07863587280765348,0.04490728818331938,,0.022752419940910682,,,,,0.033432425061964914,0.04190541686576233,,0.03888616502783303,0.023851762645691808,,0.057234139474461654,,0.024536557951528398,,0.053891185994171274,,0.036810107639703694,0.04514734727440738,,,,,0.0,0.015800558976322668,,0.06592361592520471,0.046463537953718645,,,0.0237761903861245,,,,,0.01617268387467775,0.07686793906462913,0.0499588248652546,,0.007955506475366579,,,0.03839239234140029,0.06165214625342002,0.03410861711161887,0.038943763916421494,0.042927971822729255,,,0.04711099936894681,0.02457954854767546,,,,,,0.013700614430281265,,0.04325936026795172,0.011365485198772814
0.11861535207793607,0.05952269048090488,,,0.07149747321435586,,,0.06052598260071188,0.030905697919635208,,,0.017437633382370116,0.04386343217710079,,0.0432219717100911,0.00913725615222103,,,0.015676560106143468,,,,,,,,,0.030832114175131712,,0.06055581353402641,,,0.03923338710040794,,,0.056661054300837406,,,0.06981530314435656,0.03419045523330246,,0.0221515116135247,,,,,0.023050993616868902,0.048629755374497236,,0.028185006052095618,0.015246929943330058,,0.05441751651646962,,0.016689032908217705,,0.053583699725201876,,0.027216646360853344,0.042330724316415345,,,,,0.015800558976322668,0.0,,0.055206782975187815,0.0379039990671303,,,0.025518803731498927,,,,,0.024568717232816437,0.06761045377256056,0.040199156308356916,,0.01871032420765351,,,0.04727139432464426,0.05309260736683167,0.0414597282111526,0.02918409535952381,0.04518763994970243,,,0.03639416641892989,0.032966786831116715,,,,,,0.0163935592178269,,0.049983698776686604,0.020975898542857627
0.0818292913844478,,,,,,0.011605794128074306,,,,0.04286146478778463,,,0.014983906389328165,,,,,,0.03676183713111104,0.015391955253975019,0.038404292421891535,0.023635947118523844,,,0.029855393988732274,0.023271136066089985,,0.033394919560374256,,,,,0.031927838588810036,,,0.035477347389612925,,,,,,0.03275088448989376,0.0281773200129014,,0.007225308445660729,,,,,,,,,,0.015966808273999655,,0.030207434689798755,,,,,0.04350601134765983,,,,0.0,,,,,,0.016037694266021803,0.0357280642268337,,,,,,0.030268162524418652,,,0.025385438258226856,,,,,,0.058865266727967595,0.020900902084533633,,,0.03314183175966347,,0.025939602876622,0.03443541514685329,0.04811528697655564,,0.02512213745484383,,
0.1690361396275782,0.07579940033093942,,,0.10216250026280439,,,0.09712494942103814,0.06366387129984483,,,0.07095976548741734,0.06102435426677287,,0.05558433255424527,0.05022750317507259,,,0.052256439243301624,,,,,,,,,0.08383176516842794,,0.10570005438836219,,,0.05004557225027574,,,0.10408261547401447,,,0.08609201299439109,0.03271581091344659,,0.05996457368549088,,,,,0.04994053016057137,0.09605131654767433,,0.05059007958022667,0.05404693885483554,,0.09312213475630259,,0.06322097540496145,,0.10100526089837897,,0.05508101217467096,0.0769853294206263,,,,,0.06592361592520471,0.055206782975187815,,0.0,0.06585173086090133,,,0.07819741191495494,,,,,0.06307688165954839,0.0838871636225951,0.053737763070763486,,0.06401146161861906,,,0.09643410625177334,0.07285778510150295,0.09001059780059142,0.04349460829919083,0.09260920112287947,,,0.035851538343414736,0.07131938262807508,,,,,,0.06991723145048691,,0.09740525994986367,0.07448887607512551
0.11028677290712559,0.023021476410329908,,,0.04044506006572441,,,0.03545104638985489,0.01083768755074005,,,0.04384927961775191,0.0076350029493927815,,0.02726656932079937,0.0390339798503108,,,0.04546872413985418,,,,,,,,,0.03838419589859928,,0.04448674271003121,,,0.03528319166996701,,,0.044505963017127774,,,0.032172334853940165,0.044802414289187825,,0.055581421412490284,,,,,0.04648787085096932,0.037222673630366396,,0.047197235135582834,0.024986167051077875,,0.032488198659887134,,0.02367830290108121,,0.04048690294582876,,0.015951673515051338,0.016343969767477276,,,,,0.046463537953718645,0.0379039990671303,,0.06585173086090133,0.0,,,0.03510437936462729,,,,,0.05799806833106894,0.031109239701985585,0.023079497538608763,,0.050904813799066514,,,0.045250571494212084,0.015188608299706705,0.031302405991780906,0.022357122561717728,0.03378055820557159,,,0.04700612547481527,0.06639613792936923,,,,,,0.03319477092759539,,0.037889313435057095,0.04633452498893745
0.03764732326957836,,0.04476972392002404,0.062174263803120584,,0.03365050271488938,,,,0.0652579363548763,,,,,,,0.0232546025959838,0.051854634375523075,,,,,,0.03899292289674344,0.05629325409412148,,,,,,0.02588447837956308,0.033223144665201765,,,0.07252050190269949,,,0.05841194566250515,,,0.0462182597230054,,,,0.047152458455663966,,,,0.05549580634642918,,,0.04974031066293554,,0.03254854587832695,,,,,,,0.0851392050703371,0.06110875371279708,,0.05075857623462533,,,,,,0.0,0.02755135146244476,,,,0.07287368872287811,0.04432658172545966,,,,,,0.0433243907864122,,,,,,,,,,,,0.061006951754256196,,,,,,,
0.02885042277116819,,0.029474522492825523,0.057362293700146325,,0.024853602216479215,,,,0.044099859288692665,,,,,,,0.01795441948724922,0.030696557309339477,,,,,,0.03364094918241983,0.03513517702793789,,,,,,0.017087577881152918,0.027871170950878158,,,0.051362424836515874,,,0.0488802977569178,,,0.04086628600868181,,,,0.041800484741340356,,,,0.05014383263210556,,,0.04438833694861193,,0.027196572164003344,,,,,,,0.06398112800415348,0.039950676646613476,,0.02960049916844173,,,,,,0.02755135146244476,0.0,,,,0.051715611656694506,0.03897460801113606,,,,,,0.022166313720228592,,,,,,,,,,,,0.03984887468807262,,,,,,,
0.09832149681355866,0.05742101718388213,,,0.0645792674229197,,,0.04881394456698701,0.025354483296510893,,,0.020927384166923368,0.04106381247459779,,0.04972159454477062,0.03212788509198811,,,0.03689832953559116,,,,,,,,,0.013088066293889684,,0.04884377550030153,,,0.05122688347516965,,,0.036354675986583165,,,0.06642194618865022,0.05718108417306954,,0.037534302408532755,,,,,0.04604162255663599,0.02832337706024301,,0.051175634991862694,0.02633185355216766,,0.043662988192774616,,0.01780173723498954,,0.04030914618865199,,0.029625500028490754,0.03157619599272034,,,,,0.0237761903861245,0.025518803731498927,,0.07819741191495494,0.03510437936462729,,,0.0,,,,,0.03643464363078352,0.06550878047553779,0.04669877914303644,,0.02821746623147234,,,0.02571946343775371,0.049901917130238095,0.020526577306099542,0.036547426494096716,0.02934593201720995,,,0.059384795358696986,0.04484150830378122,,,,,,0.014757031712518466,,0.029677320462432395,0.02255391724765774
0.07744956549080702,,,,,,0.021154188240632775,,,,0.050346904783404985,,,0.0181811313570069,,,,,,0.030125867228289284,0.010615387370636475,0.0482385276497384,0.03141571565510879,,,0.027814762165397546,0.031853867588359425,,0.04066205238413044,,,,,0.019186822854095485,,,0.029113435735975156,,,,,,0.025789104351480192,0.038011555240748264,,0.013554467584687558,,,,,,,,,,0.029308451372554938,,0.041430130264573345,,,,,0.033518659992312336,,,,0.016037694266021803,,,,,,0.0,0.030825841600698404,,,,,,0.02041959696513923,,,0.03532452065337264,,,,,,0.06584850326005834,0.028680670621118568,,,0.026127418308132283,,0.015029377188076499,0.021821694296240243,0.05586897957796937,,0.031620807037501836,,
0.057079687013663005,,,,,,0.04573389931686939,,,,0.03500551162259489,,,0.027421727729462542,,,,,,0.05115974010860377,0.021457069657741263,0.0701250366224799,0.03644359394403078,,,0.014410361432076038,0.05660245336879347,,0.027909584413596786,,,,,0.03589225896826713,,,0.05028659501979501,,,,,,0.046822977231794675,0.0616237723153467,,0.03214448066825667,,,,,,,,,,0.04690292675582509,,0.046366959352630716,,,,,0.04975321871687115,,,,0.0357280642268337,,,,,,0.030825841600698404,0.0,,,,,,0.037788872146156546,,,0.056012131445079216,,,,,,0.045680610524001374,0.037725905965936835,,,0.04694509409257979,,0.02434858300002108,0.02454644765811261,0.036722147779014294,,0.02332306154817039,,
0.07762776938489055,,0.03941608079879298,0.07504237640673099,,0.07363094883020155,,,,0.021996642696290244,,,,,,,0.05946437693488221,0.02104846186159078,,,,,,0.0494961278876991,0.02132217101954796,,,,,,0.06586492449487524,0.06159990731749916,,,0.02400204021925321,,,0.03572563863164419,,,0.0683055236985161,,,,0.037856905345441436,,,,0.054672338539981546,,,0.04472633589157394,,0.04897321330982448,,,,,,,0.014867073833756619,0.026674692335204604,,0.027089795587248288,,,,,,0.07287368872287811,0.051715611656694506,,,,0.0,0.04481516993640817,,,,,,0.037052753919166535,,,,,,,,,,,,0.013566272716624063,,,,,,,
0.041874064621975016,,0.018017187347114442,0.03153126358411943,,0.03706745953426494,,,,0.04494916551004297,,,,,,,0.023138185742608543,0.0360475073249032,,,,,,0.01039192404202066,0.029777422509832285,,,,,,0.032912883605381194,0.019719956425781168,,,0.03758649362697939,,,0.022742198398320968,,,0.02392954371992609,,,,0.011482711191479776,,,,0.013376034659089018,,,0.007296321474266884,,0.021137002876374697,,,,,,,0.05396171727614154,0.02744106324385731,,0.018497092905460356,,,,,,0.04432658172545966,0.03897460801113606,,,,0.04481516993640817,0.0,,,,,,0.029083024427756198,,,,,,,,,,,,0.03279820592418647,,,,,,,
0.1205740776689598,0.08031470615032382,,,0.08968494908195701,,,0.0748771359360542,0.0484235198435033,,,0.020307638483985126,0.06395750144103945,,0.06424287647422106,0.024199355648108975,,,0.014150437108332418,,,,,,,,,0.03490306167139495,,0.07490696686936874,,,0.05996131220927965,,,0.06259516903676147,,,0.09017040318500376,0.04464033951016408,,0.010763298136625125,,,,,0.021448470650143128,0.054563870110421346,,0.02690221061601123,0.03511299885292407,,0.06876866985181194,,0.036071088328878675,,0.0665496392388303,,0.048071343846935954,0.05668187765175767,,,,,0.01617268387467775,0.024568717232816437,,0.06307688165954839,0.05799806833106894,,,0.03643464363078352,,,,,0.0,0.08840246944197941,0.06122006107248684,,0.013359334615186846,,,0.04970460038854591,0.07318667663077029,0.04676707035627786,0.05009749114566478,0.05558642506738827,,,0.04684405069579153,0.009062286751335658,,,,,,0.02635906767494029,,0.055917813512610735,0.023836749071693312
0.1173705765201099,0.012722515867005707,,,0.04146161151349252,,,0.04246724587770164,0.04133668842058024,,,0.0742536807286624,0.02463407691632523,,0.030715403500349733,0.06874043455574104,,,0.07517517884528442,,,,,,,,,0.06878859700950976,,0.05151322407227878,,,0.04010373464497024,,,0.051534577344808256,,,0.02088655894839716,0.05956441207219646,,0.08598582252340077,,,,,0.07619432555639957,0.0520712413948137,,0.07690368984101309,0.05524156931107477,,0.050910504767348,,0.05408270401199171,,0.04751338430807631,,0.04470694010821548,0.0352604707834379,,,,,0.07686793906462913,0.06761045377256056,,0.0838871636225951,0.031109239701985585,,,0.06550878047553779,,,,,0.08840246944197941,0.0,0.038920883030463024,,0.08130921490997699,,,0.07559222251558874,0.017449917052017427,0.05788204545903604,0.04173206626900738,0.046597066348604284,,,0.06387718546194973,0.0968005390402797,,,,,,0.06359917203850589,,0.045045958764463996,0.07673892609984793
0.13305385126449112,0.03177884447757466,,,0.06264650970612169,,,0.058218124747220434,0.03025809052552091,,,0.049431094748859,0.017062979497829693,,0.00990438195540131,0.041329137091537425,,,0.04776388138108079,,,,,,,,,0.05120847882418977,,0.06725382106739675,,,0.01819262503378065,,,0.06727304137449333,,,0.04207145714102632,0.032688446499049964,,0.05879026677374499,,,,,0.04878302809219596,0.05960545994888781,,0.04949239237680946,0.02855818143546512,,0.055255277017252684,,0.030686730290408575,,0.0632539813031943,,0.02167523140034705,0.03911104812484285,,,,,0.0499588248652546,0.040199156308356916,,0.053737763070763486,0.023079497538608763,,,0.04669877914303644,,,,,0.06122006107248684,0.038920883030463024,0.0,,0.054400100710602466,,,0.06302832547744945,0.028874443104408322,0.053584695708145474,0.0116009223580835,0.056163344524093016,,,0.03489215768467739,0.06961813067078713,,,,,,0.039586270417908576,,0.06065639179242267,0.05272602447925064
0.090343094783087,,,,,,0.035265737002775153,,,,0.06461820611142989,,,0.03335720205557258,,,,,,0.01748035439082499,0.025777276713502315,0.06235007641188078,0.04689486438802982,,,0.04175784120118027,0.04542228170696535,,0.054605131419913126,,,,,0.006874067305839366,,,0.020305351318931762,,,,,,0.01314359151401589,0.05212310400289066,,0.029033616317608573,,,,,,,,,,0.04353891963095181,,0.05690927899749437,,,,,0.01979219338961563,,,,0.030268162524418652,,,,,,0.02041959696513923,0.037788872146156546,,,,,,0.0,,,0.049554988911769515,,,,,,0.07979158229584112,0.0441598193540396,,,0.011981218016965847,,0.01460080206413378,0.01929136465228952,0.0701099525945673,,0.046186499173761324,,
0.1130171711635808,0.07322145161832139,,,0.08259169454995452,,,0.06683726021785415,0.04133026531150087,,,0.012089824424634979,0.05686424690903702,,0.05742291611233666,0.020821563482789848,,,0.021246074289729116,,,,,,,,,0.026685884272083776,,0.06686709115116866,,,0.053436361599746275,,,0.054377991637450315,,,0.08307714865300128,0.042995133876733725,,0.02082302954051894,,,,,0.03150303466157317,0.046346692711110186,,0.03695677462744128,0.028293038491039653,,0.061675415319809516,,0.028977833796876244,,0.05833246183951914,,0.04125138348505154,0.049588623119755246,,,,,0.007955506475366579,0.01871032420765351,,0.06401146161861906,0.050904813799066514,,,0.02821746623147234,,,,,0.013359334615186846,0.08130921490997699,0.054400100710602466,,0.0,,,0.04214769388316688,0.06609342209876785,0.03854989295696668,0.043385039761769335,0.04736924766807709,,,0.045198845062361145,0.021766199288184556,,,,,,0.018141890275629104,,0.04770063611329956,0.01561893501234316
0.04807847144842463,,0.014385265221773118,0.05011644791580152,,0.04408165089373564,,,,0.029558548371671968,,,,,,,0.028395789590871863,0.016150336440047486,,,,,,0.023854525429587964,0.019678521830943027,,,,,,0.03631562655840934,0.030341959184380363,,,0.036273167565463456,,,0.03379104048586539,,,0.03954818964298921,,,,0.03072971624163295,,,,0.04234241338656329,,,0.036146367924756936,,0.01775447848485204,,,,,,,0.048524472807158645,0.024861419375561068,,0.014511241897389325,,,,,,0.0433243907864122,0.022166313720228592,,,,0.037052753919166535,0.029083024427756198,,,,,,0.0,,,,,,,,,,,,0.02503578990694483,,,,,,,
0.10090496912691839,,,,,,0.02036282498262858,,,,0.03423989562548582,,,0.034136146845334024,,,,,,0.05591533769941515,0.036185772362246675,0.01867952532648129,0.021806839679919254,,,0.0474862150982201,0.03006999518732764,,0.036875051445168526,,,,,0.05136614472329174,,,0.05463084795791703,,,,,,0.051956003257325134,0.021657168334005487,,0.030235582807107822,,,,,,,,,,0.011010054403687271,,0.017950061326340014,,,,,0.06279283773501065,,,,0.025385438258226856,,,,,,0.03532452065337264,0.056012131445079216,,,,,,0.049554988911769515,,,0.0,,,,,,0.04850441594317373,0.020972593710594428,,,0.05241949571248034,,0.046733419984893665,0.05507074087664219,0.037317865491545074,,0.034529468246587,,
0.09555616752627892,0.06766180907239665,,,0.0733348231624918,,,0.057161359648200134,0.03997797756181642,,,0.03236579255387061,0.05212001171306977,,0.06605114087918364,0.05388047568513348,,,0.05865092012873651,,,,,,,,,0.02218223568257304,,0.057191190581514666,,,0.06761895493366267,,,0.04414108246164212,,,0.0751775019282223,0.0753847896800598,,0.05832735113965289,,,,,0.06779421314978135,0.029518988408866183,,0.07292822558500806,0.047639826767953884,,0.044944684844002054,,0.03955432782813488,,0.0486565612698651,,0.04571086466873852,0.040331751732292434,,,,,0.03839239234140029,0.04727139432464426,,0.09643410625177334,0.045250571494212084,,,0.02571946343775371,,,,,0.04970460038854591,0.07559222251558874,0.06302832547744945,,0.04214769388316688,,,0.0,0.05865747286981017,0.019885183820653934,0.052939497952589724,0.03769334709842305,,,0.07758850086568722,0.050336546531157184,,,,,,0.03135112811352408,,0.03604617278321401,0.028203477118363074
0.10855070333237343,0.014926777794508789,,,0.03761024902974634,,,0.033714976815102736,0.025860031662978476,,,0.05903788791745328,0.013422783972006412,,0.033061514886598926,0.05422258815001217,,,0.060657332439555546,,,,,,,,,0.05287518632574632,,0.04275067313527904,,,0.04107813723576657,,,0.04276989344237562,,,0.01703519646465097,0.05180846852978943,,0.07077002971219165,,,,,0.0616764791506707,0.0404639381007778,,0.0623858434352842,0.04017477535077924,,0.034476857323142644,,0.03886691120078259,,0.038750833371076605,,0.03106468782589694,0.01832572113765927,,,,,0.06165214625342002,0.05309260736683167,,0.07285778510150295,0.015188608299706705,,,0.049901917130238095,,,,,0.07318667663077029,0.017449917052017427,0.028874443104408322,,0.06609342209876785,,,0.05865747286981017,0.0,0.04094729581325741,0.030520773324688562,0.036906006581788046,,,0.0540121797154169,0.08158474622907061,,,,,,0.04838337922729674,,0.03615324386030496,0.06152313328863881
0.08319393545019609,0.05035711064588994,,,0.05431242408588578,,,0.03740594110388223,0.027408504679821664,,,0.03049640260665914,0.03817184621063857,,0.057771767490336086,0.048066575051689105,,,0.052839254015244835,,,,,,,,,0.02031284573536156,,0.03743577203719675,,,0.06119544648248079,,,0.0249466725234784,,,0.057467324871669584,0.06896128122887794,,0.05347522688818643,,,,,0.061980312516337004,0.014555893128246386,,0.0671143249515637,0.041362590127297094,,0.03470836687579394,,0.033279288305814496,,0.028901142725547203,,0.03928735621755666,0.02262157467573969,,,,,0.03410861711161887,0.0414597282111526,,0.09001059780059142,0.031302405991780906,,,0.020526577306099542,,,,,0.04676707035627786,0.05788204545903604,0.053584695708145474,,0.03854989295696668,,,0.019885183820653934,0.04094729581325741,0.0,0.04651598950140785,0.017937928554105163,,,0.07116499241450538,0.04846715658394571,,,,,,0.026546159678147416,,0.01826931699932762,0.026334087171151585
0.12554153132839463,0.0336443029773517,,,0.05866789196362075,,,0.053630341121854504,0.02016926300066119,,,0.03927974209991928,0.018687342489958448,,0.014599832661196558,0.03031407614270431,,,0.03659541580358407,,,,,,,,,0.04111965129933004,,0.06220544608917856,,,0.015983578036534548,,,0.06058800717483085,,,0.04393691564080339,0.022445291727477317,,0.047621801196248245,,,,,0.03759923321803487,0.05255670824849071,,0.038280438411814915,0.01840682878652541,,0.049627526457118994,,0.020535377641468865,,0.05751065259919534,,0.011586403875487336,0.03349072112144271,,,,,0.038943763916421494,0.02918409535952381,,0.04349460829919083,0.022357122561717728,,,0.036547426494096716,,,,,0.05009749114566478,0.04173206626900738,0.0116009223580835,,0.043385039761769335,,,0.052939497952589724,0.030520773324688562,0.04651598950140785,0.0,0.049114592823695916,,,0.024649002913104737,0.05849556074396509,,,,,,0.02943491776896889,,0.05391065165068011,0.04257467183031095
0.0820759260677643,0.04644387165502033,,,0.04297709497433616,,,0.026070611992332612,0.03000710800210972,,,0.04007916560352813,0.040718849934877024,,0.060350416306283614,0.051794486790238924,,,0.05656716575379463,,,,,,,,,0.03222410709645297,,0.02610044292564714,,,0.06379404980476884,,,0.016355822119846593,,,0.04618234576123782,0.07155988455116599,,0.057203138626736226,,,,,0.0657082242548868,0.012847716816147743,,0.0708422366901135,0.0449700701947081,,0.025456964810254647,,0.03688676837322549,,0.019128329116822627,,0.04188595953984472,0.018580285444270303,,,,,0.042927971822729255,0.04518763994970243,,0.09260920112287947,0.03378055820557159,,,0.02934593201720995,,,,,0.05558642506738827,0.046597066348604284,0.056163344524093016,,0.04736924766807709,,,0.03769334709842305,0.036906006581788046,0.017937928554105163,0.049114592823695916,0.0,,,0.07376359573679342,0.06399328974038598,,,,,,0.03449317167798442,,0.009678466595695816,0.04169306581764103
0.06305587722867904,,,,,,0.06015967725368124,,,,0.023245895468031533,,,0.051063527680900986,,,,,,0.09316245025828834,0.0562613983446174,0.0626173211205744,0.0363825819424633,,,0.03837506514918748,0.07058319274626527,,0.027321351513535656,,,,,0.07791733042206427,,,0.09228930516947959,,,,,,0.08882568738147927,0.06303042320623835,,0.05993303310001132,,,,,,,,,,0.04778288188000872,,0.033759173044317865,,,,,0.09224615742121432,,,,0.058865266727967595,,,,,,0.06584850326005834,0.045680610524001374,,,,,,0.07979158229584112,,,0.04850441594317373,,,,,,0.0,0.044357620927396056,,,0.0889701655463769,,0.06519078023169973,0.06705948100462913,0.01410130367056477,,0.03914552868840355,,
0.08250057550627463,,,,,,0.022194097043399513,,,,0.027955092474642285,,,0.01921095438792064,,,,,,0.05650816865325026,0.025006429146036787,0.035085498887995094,0.008534446505225763,,,0.02908182147757636,0.03260171132279366,,0.022978800353188764,,,,,0.04292704524299584,,,0.05524759927040304,,,,,,0.052171405776441165,0.027289639560785752,,0.02219881849975123,,,,,,,,,,0.012147017115625413,,0.020170140635052788,,,,,0.057258882381212683,,,,0.020900902084533633,,,,,,0.028680670621118568,0.037725905965936835,,,,,,0.0441598193540396,,,0.020972593710594428,,,,,,0.044357620927396056,0.0,,,0.05250971973309327,,0.03446854676183912,0.03729346409637299,0.033208914663413316,,0.016125074625943283,,
0.15019053424149204,0.056953794944853336,,,0.08331689487671826,,,0.07827934403495199,0.044818265913758745,,,0.052147148931159425,0.04217874888068679,,0.03356882833743949,0.031414886618814676,,,0.03507456188559951,,,,,,,,,0.06501914861217005,,0.08685444900227605,,,0.02803006803346996,,,0.08523701008792833,,,0.06724640760830501,0.005928193714487209,,0.04373174272173403,,,,,0.03370769919681451,0.0772057111615882,,0.03435724861646981,0.03523432229857762,,0.0742765293702165,,0.04437537001887538,,0.08215965551229282,,0.03623540678858486,0.05813972403454024,,,,,0.04711099936894681,0.03639416641892989,,0.035851538343414736,0.04700612547481527,,,0.059384795358696986,,,,,0.04684405069579153,0.06387718546194973,0.03489215768467739,,0.045198845062361145,,,0.07758850086568722,0.0540121797154169,0.07116499241450538,0.024649002913104737,0.07376359573679342,,,0.0,0.05508655166431819,,,,,,0.05110461489422897,,0.0785596545637776,0.05567625951886761
0.11759270770380685,0.08871277574862407,,,0.09808301868025725,,,0.08327520553435445,0.05682158944180358,,,0.028714503156982832,0.07235557103933973,,0.07264094607252133,0.03259742524640925,,,0.022392938076859097,,,,,,,,,0.03562685506373413,,0.08330503646766897,,,0.06835938180757993,,,0.07100203370975917,,,0.09856847278330401,0.05288284047869076,,0.017186721176367874,,,,,0.029690971618669813,0.05810096117215795,,0.03514471158453791,0.04351106845122434,,0.07578257112712813,,0.044469157927178954,,0.074956503911828,,0.05646941344523623,0.06507994725005795,,,,,0.02457954854767546,0.032966786831116715,,0.07131938262807508,0.06639613792936923,,,0.04484150830378122,,,,,0.009062286751335658,0.0968005390402797,0.06961813067078713,,0.021766199288184556,,,0.050336546531157184,0.08158474622907061,0.04846715658394571,0.05849556074396509,0.06399328974038598,,,0.05508655166431819,0.0,,,,,,0.034765932347938,,0.06432467818560841,0.026651822889064772
0.09615863498559364,,,,,,0.03802877781582203,,,,0.07379678936196574,,,0.04170710243462624,,,,,,0.011276215986918789,0.03414135844825584,0.06503863346021499,0.05524476476708349,,,0.05093642445171608,0.04762830223054529,,0.06378371467044897,,,,,0.012062422201772756,,,0.01925675732233515,,,,,,0.008441098520425204,0.05444240825898202,,0.03197351746762357,,,,,,,,,,0.046403426431662655,,0.06247065694504696,,,,,0.011424750179176836,,,,0.03314183175966347,,,,,,0.026127418308132283,0.04694509409257979,,,,,,0.011981218016965847,,,0.05241949571248034,,,,,,0.0889701655463769,0.05250971973309327,,,0.0,,0.023779385314669624,0.022966034919268814,0.07928853584510313,,0.05514677811512122,,
0.06576103241626861,,0.027399116786571292,0.06428256008022631,,0.06176421186157964,,,,0.01661595399503188,,,,,,,0.047597639966260305,0.010213286284336022,,,,,,0.037479163875477416,0.009305207007326264,,,,,,0.053998187526253336,0.04961988426152169,,,0.027384724260869242,,,0.03402317446898058,,,0.056288559686294426,,,,0.033749038740993546,,,,0.04592062407825128,,,0.03972457861644494,,0.03695624929760279,,,,,,,0.02623534069197604,0.025048146764097824,,0.01749379107953783,,,,,,0.061006951754256196,0.03984887468807262,,,,0.013566272716624063,0.03279820592418647,,,,,,0.02503578990694483,,,,,,,,,,,,0.0,,,,,,,
0.07665063428115013,,,,,,0.03574010419108455,,,,0.050017404047288626,,,0.023333424435839092,,,,,,0.027971670026581026,0.011176474649361052,0.060846325162294365,0.033897014761049754,,,0.027157039137038992,0.04589664889527474,,0.04000432935577186,,,,,0.012726550190356949,,,0.027098524937772272,,,,,,0.023634907149771924,0.051835310965135,,0.022253145832057394,,,,,,,,,,0.03762421529563953,,0.04391513376543683,,,,,0.027055377189507006,,,,0.025939602876622,,,,,,0.015029377188076499,0.02434858300002108,,,,,,0.01460080206413378,,,0.046733419984893665,,,,,,0.06519078023169973,0.03446854676183912,,,0.023779385314669624,,0.0,0.0095359537834432,0.055509150530426044,,0.03158569710962004,,
0.07685227386127699,,,,,,0.04253242129924831,,,,0.05201116883132981,,,0.02615834177037296,,,,,,0.030135022896928487,0.019818600119985316,0.06918364605404285,0.03672193209558362,,,0.029192467319442895,0.052688966003438475,,0.041998094139813036,,,,,0.012537624048730236,,,0.03296001982503526,,,,,,0.02579826002011939,0.05938978829936378,,0.030435713648709596,,,,,,,,,,0.045961536187388075,,0.046740051099970724,,,,,0.025722429088613972,,,,0.03443541514685329,,,,,,0.021821694296240243,0.02454644765811261,,,,,,0.01929136465228952,,,0.05507074087664219,,,,,,0.06705948100462913,0.03729346409637299,,,0.022966034919268814,,0.0095359537834432,0.0,0.057502915314467225,,0.0343973573243558,,
0.0717139880115158,,,,,,0.04940848193542153,,,,0.012097189204048779,,,0.04076550108225732,,,,,,0.08339339957574574,0.04650446336509604,0.05143077066894575,0.02523387567848056,,,0.029192546233887867,0.05981609621481567,,0.01685071708628115,,,,,0.06823570072079048,,,0.08238096808343158,,,,,,0.0790566366989366,0.05188171694225558,,0.049413099919784514,,,,,,,,,,0.03663417561602596,,0.02327242051489927,,,,,0.0825645277199405,,,,0.04811528697655564,,,,,,0.05586897957796937,0.036722147779014294,,,,,,0.0701099525945673,,,0.037317865491545074,,,,,,0.01410130367056477,0.033208914663413316,,,0.07928853584510313,,0.055509150530426044,0.057502915314467225,0.0,,0.028847502089759895,,
0.10254370914153352,0.05551140874685022,,,0.06463932747489667,,,0.04983151432899383,0.023620222440029752,,,0.010862333427847256,0.03915420403756588,,0.04260908581964276,0.023847704627520117,,,0.027773085021919136,,,,,,,,,0.014760471238729186,,0.049861345262308364,,,0.04411437475004179,,,0.042374258358631046,,,0.0653671057815302,0.048900903708601534,,0.02837741704812294,,,,,0.037761442092167995,0.03434295943229089,,0.04289545452739469,0.01805167308769967,,0.04372304824475159,,0.01183661789406019,,0.04288923145348385,,0.025326903327244406,0.03163625604469733,,,,,0.013700614430281265,0.0163935592178269,,0.06991723145048691,0.03319477092759539,,,0.014757031712518466,,,,,0.02635906767494029,0.06359917203850589,0.039586270417908576,,0.018141890275629104,,,0.03135112811352408,0.04838337922729674,0.026546159678147416,0.02943491776896889,0.03449317167798442,,,0.05110461489422897,0.034765932347938,,,,,,0.0,,0.03569690283448028,0.013139754061344787
0.0691117959486757,,,,,,0.02641654798055747,,,,0.023325427295195503,,,0.01689691854037384,,,,,,0.05914522703527822,0.02221907123420773,0.04864237342398771,0.015059507950532186,,,0.014575588370512952,0.03685418488358426,,0.013795938843920733,,,,,0.04431224729998449,,,0.05813279554296409,,,,,,0.05480846415846913,0.040561698015380586,,0.02618990382688756,,,,,,,,,,0.025420263557332883,,0.02502172338808501,,,,,0.058641074299134566,,,,0.02512213745484383,,,,,,0.031620807037501836,0.02332306154817039,,,,,,0.046186499173761324,,,0.034529468246587,,,,,,0.03914552868840355,0.016125074625943283,,,0.05514677811512122,,0.03158569710962004,0.0343973573243558,0.028847502089759895,,0.0,,
0.07239745947306056,0.04876820655405164,,,0.040855499405042454,,,0.023949016423038916,0.0348031668290939,,,0.040410554048750574,0.04521189720320668,,0.06484346357461328,0.05659054561722312,,,0.06136322458077883,,,,,,,,,0.03255549554167542,,0.02397884735635344,,,0.06859010863175304,,,0.010525578683171895,,,0.044631238177097535,0.07635594337815019,,0.061999197453720414,,,,,0.07050428308187098,0.01113181375407929,,0.07563829551709769,0.049766129021692286,,0.02787574456170799,,0.04168282720020968,,0.014480048885240702,,0.04668201836682891,0.023185357204776727,,,,,0.04325936026795172,0.049983698776686604,,0.09740525994986367,0.037889313435057095,,,0.029677320462432395,,,,,0.055917813512610735,0.045045958764463996,0.06065639179242267,,0.04770063611329956,,,0.03604617278321401,0.03615324386030496,0.01826931699932762,0.05391065165068011,0.009678466595695816,,,0.0785596545637776,0.06432467818560841,,,,,,0.03569690283448028,,0.0,0.042024454262863484
0.09923746005371958,0.06865116280819228,,,0.07702149533961596,,,0.061161078367418076,0.03675997650137181,,,0.007091848342035698,0.05229395809890794,,0.05574883988098482,0.0285696839532816,,,0.03172348874623559,,,,,,,,,0.013493785650940018,,0.0611909093007326,,,0.0536193165698767,,,0.04870180978701426,,,0.07850685984287224,0.05347254833324019,,0.031300443997025404,,,,,0.04198044911807963,0.03596789175936383,,0.047434189083947746,0.02836066200676373,,0.05364950171433403,,0.024976371955402258,,0.05265627998908308,,0.03846665738858648,0.04401842390941664,,,,,0.011365485198772814,0.020975898542857627,,0.07448887607512551,0.04633452498893745,,,0.02255391724765774,,,,,0.023836749071693312,0.07673892609984793,0.05272602447925064,,0.01561893501234316,,,0.028203477118363074,0.06152313328863881,0.026334087171151585,0.04257467183031095,0.04169306581764103,,,0.05567625951886761,0.026651822889064772,,,,,,0.013139754061344787,,0.042024454262863484,0.0
