Ward,x,y,fill_ratio_0,distance_from_0_0_0,fill_per_m_0_0_0_0,distance_from_0_0_1,fill_per_m_0_0_0_1,distance_from_0_0_2,fill_per_m_0_0_0_2,fill_ratio_1,distance_from_263_0_0,fill_per_m_1_263_0_0,distance_from_8_0_1,fill_per_m_1_8_0_1,distance_from_118_0_2,fill_per_m_1_118_0_2,fill_ratio_2,distance_from_215_0_0,fill_per_m_2_215_0_0,distance_from_176_0_1,fill_per_m_2_176_0_1,distance_from_134_0_2,fill_per_m_2_134_0_2,fill_ratio_3,distance_from_216_0_0,fill_per_m_3_216_0_0,fill_ratio_4,distance_from_82_0_0,fill_per_m_4_82_0_0
1,76.673781,30.709807,0.28740253384548253,1.0,28.740253384548254,1.0,28.740253384548254,1.0,28.740253384548254,0.30157821954794456,0.37514078925412986,80.3906768303054,0.24476472551309864,123.21147130810952,0.4955260303687636,60.860217438731574,0.33252109647724115,0.260522693141999,127.63613505868338,0.11756945603203738,282.8294930501592,0.3846049557817454,86.4578293853133,0.3539279569002538,0.18017374436842987,196.4370325659221,0.0,0.06289629567829134,0.0
1,76.683915,30.710755,0.4643502498821417,1.0,46.43502498821417,1.0,46.43502498821417,1.0,46.43502498821417,0.4815212109847321,0.3201046001574626,150.42620779203642,0.17924867843887077,268.6330606052113,0.44199752558767297,108.94206033043037,0.5286034240238634,0.19709256551569002,268.20059023575027,0.12397368125070296,426.3835829436307,0.363991676976718,145.22404149852974,0.5286034240238634,0.17695422337194916,298.7232595815273,0.5452111441940813,0.20684962321448655,263.57850486811907
1,76.691224,30.694111,0.5631643884539549,1.0,56.31643884539549,1.0,56.31643884539549,1.0,56.31643884539549,0.5631643884539549,0.2860831365254953,196.85340257857757,0.2824059911161146,199.41658681823188,0.4164168328826128,135.24054360518852,0.5631643884539549,0.1428274250192729,394.2970955178688,0.190569131557372,295.5171091202726,0.2708116640765531,207.9542586816938,0.6022648963370719,0.04122563355808176,1460.8990677815927,0.6049060703513104,0.271796722996537,222.55826475104985
1,76.699239,30.704057,0.6361056346436186,1.0,63.61056346436186,1.0,63.61056346436186,1.0,63.61056346436186,0.6374805915484124,0.3071420732219059,207.55235024015792,0.1700140091285289,374.9576842614678,0.3685562850631702,172.96695712003634,0.6557403954809861,0.16593393114222818,395.18161895346555,0.18360996520313236,357.137693891246,0.27900761141130676,235.0259880596262,0.6608166382107761,0.24825854266328382,266.18082549008193,0.6928369476542882,0.33668390370499485,205.78261687893388
1,76.714549,30.716228,0.938719301977863,1.0,93.8719301977863,1.0,93.8719301977863,1.0,93.8719301977863,0.9425674769409542,0.2269095318215568,415.39351360620486,0.26102327609108805,361.1047608689238,0.3815044651676056,247.06590957640768,0.9476115024514244,0.24368711811066532,388.8640112773983,0.3157769255396688,300.0889000461127,0.4745134636213157,199.70171029913357,0.9476115024514244,0.35130072273727375,269.7436814441489,0.95103894540681,0.4648406367717281,204.59462236599637
1,76.704665,30.674897,0.8812975456140917,1.0,88.12975456140917,1.0,88.12975456140917,1.0,88.12975456140917,0.8812975456140917,0.33586716118275545,262.3946748799747,0.4639831229371534,189.94172461170828,0.33089931607063866,266.3340487007706,0.8830853345927551,0.2586614039266392,341.4059156824236,0.31218483105923983,282.8725955698923,0.1630814250229678,541.4996431803221,0.8875272067285459,0.1732416890673381,512.3057916986534,0.8948931300759271,0.4682023886488142,191.13382412646382
1,76.695929,30.704942,0.45341623062426806,1.0,45.341623062426805,1.0,45.341623062426805,1.0,45.341623062426805,0.5052118017466528,0.28896045804258363,174.83769411529676,0.2332259796027912,216.6190072851586,0.41664579233017235,121.2569071971561,0.5181589921499591,0.1578696248583527,328.21956257568434,0.20868372398163057,248.29870881332852,0.33391781475517385,155.17560586872838,0.5477040546103827,0.1314427148565635,416.6865049980619,0.5717701259166229,0.3102701735551977,184.28136980266453
1,76.711345,30.704868,0.773995087294009,1.0,77.3995087294009,1.0,77.3995087294009,1.0,77.3995087294009,0.7855210006271695,0.15007165864941183,523.4306115468846,0.264072765456274,297.463844584624,0.30307351751734707,259.1849684069505,0.7855210006271695,0.07811502277467966,1005.5953038546506,0.3109985384473486,252.58028688779723,0.3320136789976303,236.59296297631641,0.7912520917278066,0.2054120017595391,385.2024638044606,0.795297399281633,0.4542661728605281,175.07299614092344
1,76.707991,30.713578,0.5505453006199955,1.0,55.05453006199955,1.0,55.05453006199955,1.0,55.05453006199955,0.5692457924289328,0.17097765289777056,332.9357859236091,0.2021743126493527,281.56187844507326,0.3152031196659752,180.5964969611246,0.5960892068198831,0.18733095244347575,318.2011296289885,0.2477088311756519,240.64108009019367,0.38991885717286834,152.87519335224414,0.6136209090944785,0.2710538063601271,226.38343188555353,0.6311992558507757,0.38028150521257326,165.98210725445145
1,76.718126,30.698031,0.9384476404104076,1.0,93.84476404104076,1.0,93.84476404104076,1.0,93.84476404104076,0.9440463611435935,0.0942307834894084,1001.8449663529592,0.39893676179460374,236.64060361267093,0.28137257082693834,335.5147086189296,0.9477595829397932,0.09251803575268219,1024.4052148635428,0.4679063697903923,202.5532551233189,0.27375788716625515,346.2035716122444,0.9526307091713644,0.2750405943457081,346.3600387563044,0.9553472989865223,0.6003069599839846,159.14313220889687
1,76.702343,30.687719,0.5701872157998045,1.0,57.01872157998045,1.0,57.01872157998045,1.0,57.01872157998045,0.5801150018548753,0.25590922370063474,226.68780494348255,0.3234536424720474,179.35027641712472,0.3568639949008047,162.5591290082728,0.5982862423849069,0.1511632539239901,395.7881474857276,0.26853105994210286,222.79964280999803,0.19442673890526652,307.718087416165,0.6037301416347409,0.1029732026664542,586.2983048029635,0.6037301416347409,0.41183305447109125,146.59584389361345
1,76.69194,30.709532,0.3169130138185443,1.0,31.69130138185443,1.0,31.69130138185443,1.0,31.69130138185443,0.34421733615783695,0.2788047984633464,123.46176897062628,0.12939267584125222,266.0253634294929,0.4080960647112511,84.3471343938071,0.3548530405566913,0.14832047817605898,239.247503055832,0.13350274700692566,265.80205165237743,0.32535776708005987,109.06548927395781,0.3548530405566913,0.17034425574306386,208.31523728744247,0.35757559095592206,0.25395944809320137,140.80027092541732
1,76.704309,30.698164,0.40789423678019043,1.0,40.78942367801904,1.0,40.78942367801904,1.0,40.78942367801904,0.4106750272975774,0.26968349819929605,152.2803694106966,0.23366941934956803,175.7504377084149,0.4268587417538652,96.20864869961602,0.4514900719475935,0.1200378522265415,376.12308415475366,0.2672734823367623,168.92437962802455,0.3278098129854923,137.7292729084882,0.4988139056545814,0.13657437349799503,365.2324318821819,0.5358089950403043,0.38884993226085357,137.79325919513488
1,76.70779,30.689305,0.47710981769392613,1.0,47.71098176939261,1.0,47.71098176939261,1.0,47.71098176939261,0.49818431865377355,0.21809264001004683,228.42784544715667,0.33656831485603056,148.01878152638207,0.3241842195229158,153.67321684779233,0.5137329328544447,0.13429940905190157,382.5280665649888,0.2866621549023575,179.21198318956044,0.22266952256696132,230.71542388561713,0.5593304201713822,0.11269177905378536,496.33648955388827,0.6011462712875605,0.4372457771979153,137.4847517430585
1,76.686186,30.684043,0.3984787621092144,1.0,39.84787621092144,1.0,39.84787621092144,1.0,39.84787621092144,0.4122337934534427,0.32125683494946966,128.31907327926044,0.36340332170018297,113.43699103376554,0.444052883467664,92.83439175853515,0.44362263149515957,0.18817852149101366,235.74562494176277,0.240578853433674,184.39801552112036,0.3190059908829447,139.06404399092975,0.44624101003850575,0.11110416406152307,401.64202107798883,0.48516287125200686,0.36226653176759466,133.92428742582658
1,76.680322,30.696429,0.16098443168737475,1.0,16.098443168737475,1.0,16.098443168737475,1.0,16.098443168737475,0.21694986246402437,0.32906904451178187,65.92837159323163,0.2799027652531408,77.50901005490869,0.4583811758907117,47.329575007624236,0.24912796923893896,0.2059573085690921,120.96097534473483,0.06786268392546083,367.1059775834636,0.3190711169113405,78.07913535093292,0.2946318529044527,0.1259570845258966,233.91447492886104,0.343574762916023,0.26671222211642404,128.81852964580202
1,76.70499,30.708699,0.42983125751300255,1.0,42.98312575130026,1.0,42.98312575130026,1.0,42.98312575130026,0.45822272979858253,0.19499213741381394,234.99549052387607,0.16428773033345428,278.914760626694,0.33962340228216603,134.92083487753348,0.471042974999286,0.13624450626990847,345.7335549854185,0.23005792777172965,204.74972523731887,0.34368909855785384,137.05496536719346,0.471042974999286,0.2219466956977541,212.2324792979797,0.471042974999286,0.36575810115183527,128.78538397806926
1,76.726352,30.694305,0.9315444071065202,1.0,93.15444071065203,1.0,93.15444071065203,1.0,93.15444071065203,0.9315444071065202,0.07530567350488566,1237.0175628879858,0.5174280793301614,180.0336016384064,0.16166163605668388,576.2309660035176,0.9334905194447904,0.20209409798605069,461.90884778298846,0.5738220698828465,162.67943818113778,0.2737845534694156,340.95806633922115,0.9334905194447904,0.3211831312562882,290.6412039117681,0.933821610300072,0.7459968281577736,125.17769178806412
1,76.705985,30.680949,0.4771463759890493,1.0,47.71463759890493,1.0,47.71463759890493,1.0,47.71463759890493,0.5093307679696494,0.31781265007486087,160.2613262403735,0.44372722393287944,114.78465609013287,0.30562304019887565,166.65326267228303,0.5257980809830464,0.23993615638859855,219.14082850084014,0.31416141698918043,167.36558105133406,0.14606344812000338,359.9792335116306,0.5257980809830464,0.16864176954151247,311.78401555708126,0.5666565014633174,0.4653591909375971,121.7675534293474
1,76.712171,30.668876,0.4819001671099774,1.0,48.19001671099774,1.0,48.19001671099774,1.0,48.19001671099774,0.4819001671099774,0.4201257683282171,114.70378716058663,0.541931047195026,88.92278263152448,0.3328536082181875,144.7784116535967,0.5125967011230371,0.3396950082593068,150.89909732548836,0.39548254911274483,129.61297591335824,0.12820712781720348,399.8191909063689,0.5420880736211546,0.2507284495898705,216.2052509429529,0.5744460774606805,0.5466597661871779,105.08292597922572
1,76.728938,30.692466,0.9325039530973825,1.0,93.25039530973825,1.0,93.25039530973825,1.0,93.25039530973825,0.9325039530973825,0.1700537587027408,548.3583310424958,0.6602538115801533,141.23416430806606,0.13350665374107695,698.4700215061059,0.933531433364026,0.3269146029787609,285.55819313604536,0.718542345994536,129.92016943300996,0.3522781351899181,264.9984032817552,0.9352115318045723,0.4574160571076056,204.45533497844983,0.938739013374731,0.8965012778708029,104.71139713311318
1,76.726063,30.663494,0.989279945106385,1.0,98.9279945106385,1.0,98.9279945106385,1.0,98.9279945106385,0.9899220882339701,0.5967193472446061,165.89408283894355,0.7430239720536987,133.2288224157629,0.4768337650721862,207.60318600426905,0.9899220882339701,0.500991452414503,197.59261030564303,0.8166699011922743,121.21446949235683,0.32476605941964176,304.8108198261126,0.9900355748217123,0.5971834313535224,165.78416661322746,0.9904074545122556,0.9692185667395139,102.18618261142292
1,76.737485,30.676334,0.9945642566845248,0.9127826143754258,108.95959684388362,0.9127826143754258,108.95959684388362,0.9127826143754258,108.95959684388362,0.9945642566845248,0.37134805774057794,267.82535574195003,0.7889128386007148,126.0676982324906,0.20435946962274537,486.6739273303678,0.9950187493020641,0.48428183523220336,205.46274440067998,0.8333753230878334,119.39623381399241,0.2858009312394443,348.1509822193114,0.9950840434673244,0.5906558799652885,168.4710297857025,0.9953071524653423,1.0,99.53071524653423
1,76.702706,30.711971,0.23556593459450126,1.0,23.556593459450127,1.0,23.556593459450127,1.0,23.556593459450127,0.238532928543116,0.23051121464395732,103.47996686909522,0.12793732019654266,186.44514999741415,0.3493215204053056,68.28463596126414,0.3105506945042086,0.1724012831283892,180.1324728383477,0.19022887548053669,163.25108042600118,0.3616881794343033,85.861444239047,0.3121662779845846,0.24811604165075485,125.81462927898312,0.31386504140370064,0.31875175029914204,98.4669232746627
1,76.728325,30.672599,0.8505801973065994,1.0,85.05801973065994,1.0,85.05801973065994,1.0,85.05801973065994,0.8534616029385617,0.6056946034861952,140.90625837283253,0.6707199592853118,127.2455949943656,0.3840176672664813,222.24540058630149,0.8652235988795037,0.5025901085119145,172.1529302359902,0.7308286529618119,118.38939201042989,0.2202319283130669,392.86928353529197,0.8717791908971491,0.6061944489884945,143.81180697906643,0.874020320299501,0.9143446571059854,95.58980998105069
1,76.716966,30.691124,0.511525640809493,1.0,51.152564080949304,1.0,51.152564080949304,1.0,51.152564080949304,0.5199643928437755,0.11593454692375031,448.498231666661,0.3960928673505271,131.27335423175566,0.2681795395539195,193.88667521342836,0.5216108142314074,0.12070062026291967,432.1525548876165,0.44557922381091336,117.0635402993473,0.27005005499315393,193.1533819701058,0.5220562084731145,0.22388573395284808,233.17975614429423,0.5465544704816466,0.5966644968687572,91.60164101432487
1,76.70228,30.670065,0.3337042075756299,1.0,33.37042075756299,1.0,33.37042075756299,1.0,33.37042075756299,0.3337042075756299,0.38190468564412594,87.37892466880828,0.5054049725747688,66.02709226931127,0.37206229731352847,89.69041205871632,0.3522368013077005,0.3128478199943948,112.59046053573631,0.3666840159613511,96.06003697331238,0.1794450894823237,196.29224868947873,0.41360770036308586,0.22919085558714014,180.46431185201845,0.46493832668938856,0.5095421120764436,91.24630048627593
1,76.710537,30.716773,0.3159358223856368,1.0,31.593582238563677,1.0,31.593582238563677,1.0,31.593582238563677,0.3363312202128119,0.20000677989084376,168.15990957724983,0.2273839791179362,147.91333211666975,0.4297298213498763,78.26573896042898,0.38534575052822967,0.2167056510390183,177.81989010468737,0.2841791247160921,135.59959793429854,0.446449032170582,86.31349219298886,0.38534575052822967,0.32381436658869794,119.00205496987338,0.38534575052822967,0.43025187294484557,89.56282930060075
1,76.737219,30.685932,0.8747470734889747,1.0,87.47470734889747,1.0,87.47470734889747,1.0,87.47470734889747,0.8757856028859843,0.32224617980688103,271.7753251290159,0.7432361488703478,117.83409676952603,0.11781194337676948,743.3759072161051,0.8757856028859843,0.396943845504828,220.63211529887096,0.8259116902596794,106.03864955714863,0.2967844754851411,295.0914469007769,0.8757856028859843,0.5820568107246649,150.46393869966488,0.8836517145637964,0.9945439205024842,88.84994381317414
1,76.700597,30.661634,0.4332509323090279,1.0,43.32509323090279,1.0,43.32509323090279,1.0,43.32509323090279,0.45123156643734413,0.4794675282883806,94.11097515783099,0.5756775748501027,78.38268957321077,0.38200313914008577,118.12247602286622,0.45123156643734413,0.4049556383027628,111.42740679658925,0.43945334305284656,102.68019883582525,0.19243322760079068,234.4873450719433,0.48227799275818056,0.32254992743201266,149.52041583076638,0.5135574071575715,0.5800579230450973,88.53553873750715
1,76.738767,30.665791,0.859502975624898,0.8461958485566307,101.57258240996637,0.8461958485566307,101.57258240996637,0.8461958485566307,101.57258240996637,0.8612051738042941,0.4622796804111294,186.29526892429698,0.7847432448709197,109.7435600029856,0.34672180511502787,248.385062923453,0.8640530651880007,0.5530252539446742,156.24115879424966,0.83785281246236,103.12707104827172,0.38671056329545905,223.4366338030019,0.8640530651880007,0.5999277311599148,144.0261918743812,0.8652660132144671,1.0,86.5266013214467
1,76.722244,30.707777,0.4596327543564602,1.0,45.963275435646025,1.0,45.963275435646025,1.0,45.963275435646025,0.4827125119816292,0.15256141111946023,316.4053796039226,0.38134155505116624,126.58271976597503,0.329927414419509,146.30870030334944,0.4827125119816292,0.17436807164049611,276.83537900038436,0.4941009690988388,97.6951154056669,0.43222892732920704,111.67982554160965,0.4827332833516489,0.31389971260138355,153.78583158012142,0.5293342417154814,0.6324396346706537,83.69719617448312
1,76.703089,30.729861,0.3164687840614986,1.0,31.64687840614986,1.0,31.64687840614986,1.0,31.64687840614986,0.3164687840614986,0.28602888108911684,110.64224803330183,0.18725827046566285,169.0012319747067,0.6405963741340917,49.40221281915254,0.35617980050573506,0.30215343618340296,117.880440151453,0.3449322386236761,103.26080331804826,0.5130001912246396,69.43073445166927,0.3744325660855645,0.4029288212543103,92.92771981908928,0.3879957611084634,0.4694935014465219,82.64134858374784
1,76.717915,30.684941,0.4263182939907013,1.0,42.63182939907013,1.0,42.63182939907013,1.0,42.63182939907013,0.4728993979586287,0.2726076873360453,173.47251010411986,0.4705090674067597,100.50803070917281,0.25239706497357717,187.3632714422156,0.49214107717636946,0.2510892293654716,196.00246431121747,0.5207999087556553,94.49715119041396,0.2162795118427556,227.54863508947486,0.49214107717636946,0.2955024141732882,166.54384315377155,0.5352887801461054,0.6743413298863248,79.37950062119731
1,76.698059,30.669402,0.2135374778839514,1.0,21.35374778839514,1.0,21.35374778839514,1.0,21.35374778839514,0.24731194550934635,0.34005915299582334,72.72615465003639,0.49465890791508144,49.996460500778575,0.3691993815239916,66.9860129473904,0.3175823862111772,0.30952671187615083,102.60257807353624,0.36128879108470685,87.90264022797143,0.22323519410779702,142.26358324925295,0.35388242953489313,0.2290927521540801,154.47124634343896,0.3913010237315991,0.49864307390275037,78.47316932911293
1,76.721516,30.695976,0.48222523033732656,1.0,48.22252303373266,1.0,48.22252303373266,1.0,48.22252303373266,0.5035547832694314,0.1772956249256277,284.0198586291475,0.473999444686843,106.23531080339443,0.2240609257863631,224.74011544054724,0.5279028940818704,0.1806037047320614,292.2990394161916,0.5264686049740193,100.27243582889847,0.34035936694300106,155.10162062625903,0.5279028940818704,0.2914124786799413,181.15315324628457,0.5279028940818704,0.6866605846654239,76.87974319060292
1,76.729384,30.700394,0.5268171660504134,1.0,52.68171660504134,1.0,52.68171660504134,1.0,52.68171660504134,0.5268171660504134,0.10029917086930508,525.2457836734094,0.543268655440636,96.97175803804122,0.14753397726301393,357.0819250071719,0.5480456901607961,0.22260022224121717,246.20177133826718,0.599803402000171,91.37088724959246,0.39927344217454486,137.26074220614314,0.5847630755543314,0.39138387896401405,149.40908580654587,0.5880308936152475,0.7724078981109497,76.12958063393366
1,76.69422,30.726219,0.2236025483236711,1.0,22.36025483236711,1.0,22.36025483236711,1.0,22.36025483236711,0.2236025483236711,0.27715783434761576,80.67697196797448,0.08849005028291168,252.68665528925686,0.4059304588456303,55.083954271266954,0.29832034625136905,0.2910109452512458,102.51172717706979,0.33059045862065084,90.23864375761933,0.47977997007773043,62.17857452511771,0.29832034625136905,0.37986096268715475,78.534088931128,0.33645002927291484,0.4441657198780611,75.74876092762901
1,76.724498,30.659777,0.7097850502239725,1.0,70.97850502239726,1.0,70.97850502239726,1.0,70.97850502239726,0.7097850502239725,0.601782379618514,117.94713076742532,0.7488078564759237,94.78867563761922,0.48581099106309183,146.10312719989355,0.7134737580911603,0.5082449646525277,140.3798970401884,0.8039465786314526,88.74641388557149,0.3355675603574763,212.61702332940192,0.7172434493788562,0.5569311057756435,128.78495058737005,0.7199222542541159,0.9722889155662263,74.04406681267768
1,76.717864,30.65906,0.4050010985875484,1.0,40.50010985875484,1.0,40.50010985875484,1.0,40.50010985875484,0.4504170619967581,0.5449870666552739,82.64729377177402,0.7321671314385142,61.51833955067172,0.5030876904075752,89.53052729870092,0.5023593792121614,0.5080202272850851,98.885704196627,0.5710479504726691,87.97148799787259,0.20710440665853638,242.56334634174493,0.521427199611922,0.41100072240303875,126.86770878728431,0.5417095066125126,0.7373482371035521,73.46725459607164
1,76.698191,30.688447,0.11054316630858052,1.0,11.054316630858052,1.0,11.054316630858052,1.0,11.054316630858052,0.15800053001563907,0.26655453605413687,59.27512334044444,0.3483684341418082,45.35443356252041,0.3588855875076899,44.02532046853332,0.21688264091223716,0.17355593659602875,124.96411541199899,0.20694642600034033,104.80134646629774,0.21103024908702994,102.77324784031016,0.25485277048994676,0.08481131951988902,300.49381607626265,0.25485277048994676,0.3470595164858179,73.43200759065223
1,76.715344,30.712724,0.21526904578583428,1.0,21.526904578583427,1.0,21.526904578583427,1.0,21.526904578583427,0.21526904578583428,0.218149911537521,98.67941007567576,0.26905539333438816,80.00919183147279,0.40191452942276434,53.560901641203884,0.27983358884625836,0.22168121862458826,126.23242987496822,0.33902705657283405,82.54019359842479,0.4673048431409214,59.882449958232336,0.2854504451326652,0.3389695200011507,84.21124268981359,0.3281173866362618,0.4842565555731361,67.75693232442096
1,76.732203,30.688969,0.5203236261913857,1.0,52.032362619138574,1.0,52.032362619138574,1.0,52.032362619138574,0.5306539021779579,0.2183171590441978,243.06559525654524,0.6196093149607707,85.64330609063798,0.0936053473450932,566.9055425024015,0.5581936249653642,0.28912658838668165,193.06201760276326,0.6787124908405269,82.24301637267492,0.23426804639608242,238.27134496251927,0.5783539930008593,0.41393669687058776,139.7203962280432,0.5783539930008593,0.8591585795220988,67.3163263204058
1,76.700787,30.725808,0.07407490721044774,1.0,7.407490721044773,1.0,7.407490721044773,1.0,7.407490721044773,0.15422715327307146,0.22528483835635,68.45873623733114,0.10206190223466842,151.11138426409175,0.35455459072482753,43.49884539861121,0.1586223047480414,0.2391908219379171,66.31621709515778,0.2789270429882903,56.86874354262615,0.4286859607719148,37.001982631392366,0.23550129804759165,0.3283855960433158,71.71486840017423,0.263612565763628,0.39293578292437814,67.08795106460467
1,76.708514,30.719551,0.13088113855357597,1.0,13.088113855357598,1.0,13.088113855357598,1.0,13.088113855357598,0.14711389126214688,0.21622241561928662,68.03822390051248,0.1810263986992923,81.26654030527428,0.4325460273769286,34.01115302209194,0.1877161060857663,0.24954293077509496,75.22397268586575,0.29881870374493175,62.81939642104821,0.4799462985825794,39.11189786027028,0.25982673261462796,0.3595633723950427,72.26173536084293,0.29060127190912927,0.43505569160814156,66.79633838025417
1,76.710479,30.655046,0.28725769487706765,1.0,28.725769487706764,1.0,28.725769487706764,1.0,28.725769487706764,0.29158283392165196,0.48220088855749216,60.46916147208363,0.5985149283872371,48.71772116150107,0.4152670332743033,70.21574325863904,0.33897973344921084,0.41170037592816977,82.33651297621194,0.46059589275173207,73.59590886146393,0.1785006369030975,189.90393498328663,0.34202499893107596,0.33373100941373846,102.48523190335459,0.3874657600216572,0.6026594587877093,64.29265389795276
1,76.711957,30.701618,0.16473089608106173,1.0,16.47308960810617,1.0,16.47308960810617,1.0,16.47308960810617,0.18477308666101863,0.13278218567209127,139.1550272544241,0.3000521225458968,61.58032980845027,0.288896449875485,63.9582406570438,0.2462260093074139,0.053078125904905314,463.8935627617147,0.35260902299183416,69.8297528572081,0.31214165749695955,78.88277754461923,0.2533534206420034,0.1834713615567267,138.08881042378388,0.30468065871661315,0.48321219667573984,63.05318053076162
1,76.722183,30.687605,0.2851865960100478,1.0,28.51865960100478,1.0,28.51865960100478,1.0,28.51865960100478,0.3387026866164201,0.22176786686936514,152.72847748314084,0.4599575633907013,73.6378121754498,0.20993114213012268,161.3398961105448,0.38156150617201307,0.22832846911151397,167.11078896852814,0.5324737616558407,71.65827382469817,0.18583495248237905,205.32278835338732,0.38156150617201307,0.3210061216028356,118.86424603581222,0.39876752798480325,0.6778882502621801,58.82496529930647
1,76.702839,30.705454,0.05207240622126974,1.0,5.2072406221269745,1.0,5.2072406221269745,1.0,5.2072406221269745,0.12949850356477297,0.20292161475009668,63.81700821977678,0.1812314149669353,71.45477708067295,0.3798479593712949,34.09219409237115,0.1947622420138822,0.10334704953684037,188.45457406546942,0.22315988359191227,87.2747551571768,0.29190152230837996,66.7219000687928,0.1947622420138822,0.1787650344595837,108.94873407579895,0.0,0.3511960994414187,0.0
1,76.717025,30.708136,0.1597494602339442,1.0,15.97494602339442,1.0,15.97494602339442,1.0,15.97494602339442,0.1597494602339442,0.1504818006617941,106.15865807784893,0.3248900039998545,49.17032172957089,0.3169848369150213,50.39656211592561,0.19855277477393912,0.16839387658630595,117.90973567389548,0.40984691465764883,48.44559460446181,0.41303225337260463,48.071978193630486,0.2376207491858947,0.2993854768917494,79.36949769671449,0.300527320018629,0.5421766481218865,55.429779401171764
1,76.736482,30.670963,0.4495833529202623,0.9370045313177736,47.98091555523028,0.9370045313177736,47.98091555523028,0.9370045313177736,47.98091555523028,0.4611573038004108,0.46391096099006063,99.40642549514823,0.7526048155633692,61.27482767369848,0.29875319545576196,154.36062636816112,0.4963973047573146,0.6096237437359838,81.42683251069279,0.9548898548317136,51.98477104406957,0.4133097077253892,120.10298705278183,0.518781436246417,0.7148315291121016,72.57394436571649,0.5531461749809001,1.0,55.314617498090016
1,76.704678,30.658433,0.23812484325399874,1.0,23.812484325399875,1.0,23.812484325399875,1.0,23.812484325399875,0.23812484325399874,0.5181303864416774,45.95847869285368,0.6030971847683869,39.48366022392362,0.4224813106214641,56.36340289318844,0.2967872203601427,0.44844065776784015,66.18205000354604,0.496771974224936,59.74314892123098,0.21804377338091932,136.1135957969594,0.2967872203601427,0.3713550336930949,79.92007470818922,0.32819894212532674,0.6293513848875566,52.14875981943928
1,76.707739,30.67142,0.09804453811093983,1.0,9.804453811093982,1.0,9.804453811093982,1.0,9.804453811093982,0.11980370276486974,0.40439249435054764,29.625599989751016,0.533510457804186,22.455736530068393,0.3205928856608596,37.36942025956388,0.14290146910926568,0.3224772397461537,44.313660468488955,0.3706473947541315,38.554559166417235,0.11218765567580447,127.37717732708205,0.19024227909804747,0.22140077540087647,85.92665439115456,0.26884287209192326,0.5252221877278733,51.1865032311269
1,76.716695,30.700924,0.16406358826533518,1.0,16.40635882653352,1.0,16.40635882653352,1.0,16.40635882653352,0.24168093210810543,0.08939100003803872,270.36383081659505,0.3425843508691849,70.54640163653909,0.26357031458024266,91.6950501398468,0.24168093210810543,0.08544258054699684,282.8577163293555,0.4092662330252197,59.05225318044077,0.31089048651527257,77.73828489159406,0.24574374478233985,0.23812240861196698,103.20059595180403,0.26459273845576853,0.5465251626155426,48.41364250997869
1,76.706071,30.686267,0.003830290500322575,1.0,0.3830290500322575,1.0,0.3830290500322575,1.0,0.3830290500322575,0.06397932426500183,0.23029903435392368,27.78097808550876,0.34692517959918134,18.441822049042415,0.33473441298883255,19.113458844500794,0.08584708517887787,0.14781390365516955,58.07781477657735,0.2925646625733163,29.342944026045764,0.17282042829082017,49.67415370271818,0.17527550767430838,0.12131014683864232,144.48544680062645,0.2084942171825712,0.4407906484801033,47.30005455004165
1,76.685268,30.686947,0.012821649510605826,1.0,1.2821649510605826,1.0,1.2821649510605826,1.0,1.2821649510605826,0.012821649510605826,0.30228436505966366,4.24158540521113,0.3143498767470457,4.078783056410511,0.4353455989747202,2.9451657581475534,0.03533922499097423,0.18684224199144447,18.91393756268051,0.1440241079314864,24.537020571434766,0.3083402127917516,11.461114549739841,0.12860895209852957,0.1097384266341841,117.19591399578825,0.14276891855278978,0.3053209483838565,46.76027613188776
1,76.744026,30.670257,0.31284462800566815,0.8315880439202927,37.62014500964304,0.8315880439202927,37.62014500964304,0.8315880439202927,37.62014500964304,0.3645686776459719,0.4253846414531652,85.70330052362995,0.7728836247797207,47.169931663370086,0.3046038362477972,119.68617406032698,0.41034091617645985,0.5318472956486376,77.15389728098751,0.8289108038498033,49.503627443467686,0.3529212416971669,116.26982671917588,0.42156882093782844,0.6284312728751524,67.08272473600778,0.4600798665721126,1.0,46.007986657211255
1,76.704947,30.690631,0.08970091901484578,1.0,8.970091901484578,1.0,8.970091901484578,1.0,8.970091901484578,0.11250235863772208,0.21318645828945337,52.77181277854538,0.3313604897707008,33.951651482520724,0.3199376553351026,35.16383794207879,0.15536974722709201,0.12886670317480378,120.56624667144442,0.28218683741241557,55.05917591755685,0.21779210020079476,71.33855960975991,0.19794503111440917,0.10712329921226674,184.78242601749741,0.19794503111440917,0.4337096479773088,45.63998795912546
1,76.720789,30.68214,0.2193893891962463,1.0,21.93893891962463,1.0,21.93893891962463,1.0,21.93893891962463,0.2193893891962463,0.36737748450953567,59.71770139619207,0.44907057214130525,48.854100626128954,0.24274563450551218,90.37830469872549,0.2570144239098221,0.276076285507363,93.09543680562432,0.5022933934175585,51.16818721447227,0.13630803894745314,188.55412042785045,0.28216849982111886,0.3678120222097047,76.71540971552122,0.2952192841866116,0.6647863522974169,44.408144536417055
1,76.699339,30.676933,0.08645750712015232,1.0,8.645750712015232,1.0,8.645750712015232,1.0,8.645750712015232,0.10395379371868596,0.36291928877242435,28.643777538060874,0.4787882397316022,21.711851940423617,0.3573078170183763,29.093624255452447,0.10395379371868596,0.2878393848556436,36.115208407223555,0.3398844619141207,30.585038554940528,0.19489938392922135,53.33715870360949,0.1481092792675353,0.20477901521317637,72.32639492545295,0.20689615835149588,0.48270568227688115,42.86176151388658
1,76.696593,30.678177,0.08900973489600883,1.0,8.900973489600883,1.0,8.900973489600883,1.0,8.900973489600883,0.08900973489600883,0.2795857704477898,31.836289362455453,0.3992776552561767,22.292691244868223,0.37148336369738233,23.960624780095916,0.10818867524565448,0.21481765589541982,50.36302756153536,0.2611436059705309,41.42880498397621,0.22605555022852944,47.859331538766384,0.16520988040034643,0.1294339502029597,127.64029850073187,0.16520988040034643,0.3980055614152843,41.50944017286337
1,76.739442,30.680772,0.28684664564719997,0.8345760536382291,34.370342211081685,0.8345760536382291,34.370342211081685,0.8345760536382291,34.370342211081685,0.33695490957761864,0.34963647264467207,96.37292901077244,0.773633500249107,43.55484987001215,0.1985256242452902,169.72867399791718,0.375012051760531,0.48791197655860774,76.86059571761398,0.8038303370122359,46.6531349332269,0.30829315251260314,121.6413821403965,0.37775456689914055,0.5841770601994545,64.66439588883627,0.4063842427124637,1.0,40.63842427124637
1,76.746763,30.674927,0.28045506476005533,0.704310696681423,39.81979346352481,0.704310696681423,39.81979346352481,0.704310696681423,39.81979346352481,0.28045506476005533,0.37095381620671253,75.60376858443556,0.7895905937019246,35.51904835202848,0.23048726884556214,121.67919996829589,0.28045506476005533,0.5086888951681265,55.13292454858136,0.8023374462340273,34.95475202814499,0.3417318137578098,82.06876078526824,0.3434158725792217,0.5981680324008666,57.411271411622195,0.40229482767809865,1.0,40.22948276780986
1,76.707906,30.702046,0.11324345163981986,1.0,11.324345163981986,1.0,11.324345163981986,1.0,11.324345163981986,0.11324345163981986,0.16671999554819772,67.92433701036292,0.2731876295544024,41.45262793360438,0.3259762663290717,34.73978425334226,0.11324345163981986,0.035878744035280526,315.6282492175996,0.3381769869645664,33.4864452653265,0.28474144767045534,39.7706243914591,0.1514020426831751,0.16116915457492242,93.93983798109029,0.18572948689817825,0.4623892266384719,40.16734737710369
1,76.733171,30.68394,0.23228965409645264,1.0,23.228965409645262,1.0,23.228965409645262,1.0,23.228965409645262,0.27348556775158595,0.36383450348262397,75.16757348019004,0.6618191261442576,41.32330979083459,0.22690384989937024,120.52927611094933,0.2755337093215195,0.40109069661754204,68.69611079118428,0.7480731953886534,36.832453163673236,0.2038100184565159,135.19144515474656,0.34102206173007565,0.5068214911751885,67.28642483950973,0.3614261149079217,0.9104441620834531,39.69777938724293
1,76.743765,30.680904,0.32825508927733704,0.7941458568834994,41.33435771679558,0.7941458568834994,41.33435771679558,0.7941458568834994,41.33435771679558,0.32825508927733704,0.3676052478333847,89.29553949842334,0.7676412153598464,42.761524877668435,0.16969821532559173,193.43461488238398,0.3386565676114408,0.5078357825506115,66.68623583602835,0.8282208063576884,40.889647423948354,0.32566882471825437,103.98802154440865,0.3513206075304507,0.6054619258041312,58.025218854819286,0.36496701093438355,0.9972082348508203,36.59887656152194
1,76.727591,30.703045,0.05474498225959512,1.0,5.474498225959512,1.0,5.474498225959512,1.0,5.474498225959512,0.12541714612887653,0.06591257016499405,190.27803924946195,0.483219935363157,25.954464406486267,0.29275386970573225,42.840474236922034,0.12541714612887653,0.22969042354141858,54.60268834684824,0.6188637523388332,20.265712065845726,0.3970062935873448,31.590719883961658,0.19444715345900748,0.3976356523218234,48.900834802819226,0.21277620968407507,0.7373192719850314,28.858083298329237
1,76.733428,30.670581,0.1972426661670168,0.960961072479645,20.525562566031496,0.960961072479645,20.525562566031496,0.960961072479645,20.525562566031496,0.20987578543412172,0.45189531440030456,46.44345244266164,0.7511256765664313,27.941500601272526,0.3834820309526242,54.72897515243681,0.20987578543412172,0.48321929572103645,43.43282383228411,0.8125295925282928,25.829925133073072,0.2909305283484816,72.13948519789882,0.25906492070525655,0.537446733449073,48.202901716920536,0.26850503167570083,1.0,26.850503167570082
1,76.734448,30.696438,0.11284054451688441,1.0,11.28405445168844,1.0,11.28405445168844,1.0,11.28405445168844,0.14394814243911006,0.24340673769507806,59.13893091136928,0.6706182472989196,21.46499040533071,0.11374549819927972,126.55282601770836,0.14394814243911006,0.3706670168067227,38.834893829835714,0.7998199279711885,17.997568878315747,0.39066251500600235,36.84718571908502,0.14394814243911006,0.555859843937575,25.896481641742035,0.15038076890413846,0.9220344387755103,16.30966942014104
1,76.708931,30.698582,0.7996918620027912,1.0,79.96918620027913,1.0,79.96918620027913,1.0,79.96918620027913,0.0,0.17482866576809797,0.0,0.2511499540018399,318.4121076912213,0.3024610798513796,264.39496360845374,0.0,0.0,,0.298317679695913,0.0,0.2630666866348602,0.0,0.0,0.1363043152692497,0.0,0.0,0.44232401246585795,0.0
1,76.71782,30.664171,0.9750871697076813,1.0,97.50871697076813,1.0,97.50871697076813,1.0,97.50871697076813,0.9756520896029433,0.462033596734523,211.1647500308375,0.5773392118896854,168.99113545562625,0.38442618661363753,253.79438851378498,0.0,0.3878211837354126,252.03066846685877,0.4392956198649851,222.49899102678322,0.09059867078340049,0.0,0.0,0.30573290072740594,0.0,0.0,0.5817023392118896,0.0
1,76.6847,30.693087,0.5578791835778856,1.0,55.787918357788556,1.0,55.787918357788556,1.0,55.787918357788556,0.5578791835778856,0.3293629308789027,169.3812907509624,0.2782541872609463,200.49264633516813,0.46376862217720105,120.29256765127285,0.0,0.20139604473397724,296.3571143556367,0.10649061832323269,0.0,0.31897118838453525,187.11768596493698,0.0,0.11825046137007994,0.0,0.0,0.26843879350996386,0.0
1,76.724151,30.674408,0.36663770009645646,1.0,36.663770009645646,1.0,36.663770009645646,1.0,36.663770009645646,0.3949345643020089,0.3991395101171459,98.94649722501718,0.6044387646432375,65.33905292045823,0.33566773162939295,117.65639860135613,0.0,0.35859424920127797,113.36157726791315,0.6607880724174654,61.518679566870354,0.05915228966986155,0.0,0.0,0.4083493077742279,0.0,0.0,0.8328264110756123,0.0
1,76.700611,30.666119,0.9334551052498522,1.0,93.34551052498522,1.0,93.34551052498522,1.0,93.34551052498522,0.9339336077434174,0.4245124764101489,220.0014509917687,0.5766145942545607,161.96843039514005,0.32247981757181804,289.60994048423674,0.0,0.35017168169427554,267.4522258606632,0.4017286118683162,233.1280196024594,0.15791439505137347,0.0,0.0,0.2679413923254351,0.0,0.0,0.5431563220801007,0.0
1,76.708249,30.663889,0.729240249097568,1.0,72.9240249097568,1.0,72.9240249097568,1.0,72.9240249097568,0.7425545333936776,0.44241478731387496,167.84125546573694,0.5746804112853325,129.21173556844874,0.38054425530234215,195.1296131914325,0.0,0.3677343760285425,202.84408909839118,0.41952683755282594,177.80208048378404,0.13549771581289416,0.0,0.0,0.28512842792632676,0.0,0.0,0.5790644706873626,0.0
1,76.709301,30.675397,0.5723151856300766,1.0,57.231518563007654,1.0,57.231518563007654,1.0,57.231518563007654,0.5835423521156253,0.35284344027977305,165.38279743926338,0.4797861071205723,121.62552092592766,0.2947194288450655,197.99928169051742,0.0,0.2705295082205099,215.70377144957405,0.4081015193069522,142.98950739183988,0.11251142745200471,0.0,0.0,0.259965463700608,0.0,0.0,0.5195608956220161,0.0
1,76.679274,30.692858,0.9992072989434408,1.0,99.92072989434408,1.0,99.92072989434408,1.0,99.92072989434408,0.9992793906387771,0.32202104357570993,310.3149345591876,0.2723326220702849,366.9334151164888,0.45269157407983884,220.7417694199317,0.0,0.19761038255386829,0.0,0.05263723886552601,1898.5498462599157,0.31191808966442347,320.3867459665617,0.0,0.11677543142726156,0.0,0.0,0.2526983659816279,0.0
1,76.717988,30.674171,0.8700249255201656,1.0,87.00249255201656,1.0,87.00249255201656,1.0,87.00249255201656,0.0,0.3700325283088349,236.31624506662132,0.5043038635038513,173.3968425998075,0.2780556663700249,0.0,0.0,0.28299628686285944,0.0,0.49938625832387146,0.0,0.0,,0.0,0.3427517108049222,0.0,0.0,0.6583913830668672,0.0
1,76.681708,30.687691,0.736794568710197,1.0,73.6794568710197,1.0,73.6794568710197,1.0,73.6794568710197,0.736794568710197,0.32579387569340684,226.15359700732017,0.3130334724440552,235.3724548871928,0.4400593081102124,167.43074288651738,0.0,0.1917552567251161,391.8784139434622,0.14290621189482544,0.0,0.326114460072933,230.42445236544972,0.0,0.11412803911129431,0.0,0.0,0.30408000870157603,0.0
1,76.71159,30.660789,0.17108596685716204,1.0,17.108596685716204,1.0,17.108596685716204,1.0,17.108596685716204,0.24957607699580847,0.4477813709378148,55.73614562685059,0.5718337486083869,43.644866642302276,0.3445965647033876,72.42558474447699,0.0,0.37260112389333616,66.98210525721714,0.42474023220060436,58.75969782818548,0.12405900440014843,0.0,0.0,0.28944229443884856,0.0,0.0,0.5677649366484652,0.0
1,76.680626,30.706793,0.6760930341645768,1.0,67.60930341645768,1.0,67.60930341645768,1.0,67.60930341645768,0.686459986396708,0.3476095562536924,197.4801825919066,0.20031250517621205,342.6945241350953,0.4599568234897884,149.24444020384195,0.0,0.2191732416062545,314.5051702321096,0.06563160829739892,0.0,0.38337097014636945,179.80265338134691,0.0,0.13076077894399754,0.0,0.0,0.1254548164998316,0.0
1,76.695912,30.71134,0.3035039091479522,1.0,30.350390914795224,1.0,30.350390914795224,1.0,30.350390914795224,0.0,0.25639054273483247,136.3175737004734,0.07621906214633667,0.0,0.3909486788367859,89.39929611567025,0.0,0.19536977808394432,0.0,0.2174629729862717,0.0,0.383155784086995,0.0,0.0,0.2738092309206318,0.0,0.0,0.3416633863110761,0.0
1,76.703663,30.693716,0.28557961623863637,1.0,28.557961623863637,1.0,28.557961623863637,1.0,28.557961623863637,0.3246309017350578,0.24857140952038034,130.5986486384072,0.2701219552852847,120.17938393500981,0.3478092723356871,93.33589629598525,0.0,0.06909910450547765,0.0,0.25237209364352253,152.91633669764718,0.2553192908056784,151.15119552033764,0.0,0.09931787721789923,0.0,0.0,0.39512445573536575,0.0
1,76.716714,30.6946,0.3043075918208643,1.0,30.43075918208643,1.0,30.43075918208643,1.0,30.43075918208643,0.36292346883551263,0.182094578141415,199.30492853755675,0.340200232375307,106.67937123427284,0.28788100157931723,126.0671829139512,0.0,0.07917458064605902,0.0,0.38919385249038146,96.54678012252417,0.2795182734653837,134.42918359353848,0.0,0.21215030647102617,0.0,0.0,0.5134381109418158,0.0
1,76.68811,30.698177,0.34459659572697177,1.0,34.45965957269718,1.0,34.45965957269718,1.0,34.45965957269718,0.38003855929379465,0.295841437545173,128.4602192469286,0.21633691583567888,175.66976853014634,0.43149859853448425,88.07411207928244,0.0,0.166677439637088,245.1505402848144,0.08819537075667386,0.0,0.3065008020966159,133.31470619591184,0.0,0.07613160260666708,0.0,0.0,0.20685278442110952,0.0
1,76.720965,30.675272,0.15652921341574122,1.0,15.652921341574121,1.0,15.652921341574121,1.0,15.652921341574121,0.20895153947509196,0.3528990037930891,59.210011144606106,0.5537910049601934,37.731118346732885,0.30793214121962403,67.85635908206902,0.0,0.31322579300571046,86.27384109039909,0.5427451961152099,49.78983229075439,0.03312075361593931,0.0,0.0,0.37097244800133383,0.0,0.0,0.7212204576716268,0.0
1,76.696883,30.70069,0.057099078445176366,1.0,5.7099078445176366,1.0,5.7099078445176366,1.0,5.7099078445176366,0.06450426801565469,0.23541059483809487,27.40074976660159,0.20445896526759358,31.54875988501274,0.394760127964754,16.34011731332044,0.0,0.09940163483017443,138.308384695947,0.15944235088826597,0.0,0.30892844988150264,44.50247154242749,0.0,0.17831529574832772,0.0,0.0,0.28439362156342235,0.0
1,76.711141,30.68668,0.9041136604795051,1.0,90.41136604795051,1.0,90.41136604795051,1.0,90.41136604795051,0.0,0.18811126821441915,0.0,0.35712349541022276,254.71765200401737,0.2796943567352142,325.23236896222517,0.0,0.14571535322603096,0.0,0.34423695411688,0.0,0.17332727712290932,0.0,0.0,0.16511476274551465,0.0,0.0,0.5535132125510077,0.0
1,76.68913,30.720583,0.0,1.0,96.15437228811096,1.0,0.0,1.0,96.15437228811096,0.0,0.31453459316853205,0.0,0.0,,0.466539985821043,0.0,0.0,0.20464767616191903,0.0,0.22552096045000758,0.0,0.38198923793917,0.0,0.0,0.27875597085178344,0.0,0.0,0.3428634519949328,0.0
1,76.705889,30.715948,0.9616114422544468,1.0,96.16114422544469,1.0,96.16114422544469,1.0,96.16114422544469,0.0,0.19580805661983822,0.0,0.1916174435930183,501.8391980517393,0.34132210515112815,281.7313697947197,0.0,0.2138676032354193,0.0,0.23776074925500212,0.0,0.4169526926351639,0.0,0.0,0.2986975840783312,0.0,0.0,0.3720798744146445,0.0
1,76.720277,30.692391,0.9437741203448161,1.0,94.37741203448161,1.0,94.37741203448161,1.0,94.37741203448161,0.0,0.19357150481069788,0.0,0.4323681441837061,218.30544600758208,0.20543433511733222,459.45737601061364,0.0,0.1835155451870149,0.0,0.46874189957763446,0.0,0.22941158531936628,0.0,0.0,0.2704283122150557,0.0,0.0,0.6048823628074348,0.0
1,76.736689,30.682809,0.6191214000466962,0.936280631643216,66.12562292996593,0.936280631643216,66.12562292996593,0.936280631643216,66.12562292996593,0.0,0.2723336941137291,230.55200853555274,0.7520143572095949,83.49186364314001,0.15821607970471513,0.0,0.0,0.4098927834670071,0.0,0.8131990120167625,0.0,0.3114644908833569,0.0,0.0,0.5390984190418043,0.0,0.0,1.0,0.0
1,76.688734,30.687228,0.3550152661362467,1.0,35.50152661362467,1.0,35.50152661362467,1.0,35.50152661362467,0.40786520112908203,0.2837242876915,143.75406647335154,0.3318438887032883,122.90875770617754,0.4164857061041378,97.93017987203136,0.40786520112908203,0.14404261919534195,283.15591830217954,0.18494964921490953,220.5276965165514,0.28524554956330833,142.9874021710404,0.0,0.06314728201212236,0.0,0.0,0.3306507421371641,0.0
1,76.690413,30.677268,0.9657704438842871,1.0,96.57704438842872,1.0,96.57704438842872,1.0,96.57704438842872,0.9657704438842871,0.3034820335966181,318.2298577740417,0.41920989851794166,230.3787308693412,0.39233754836157775,246.1580462837155,0.9689533492696895,0.2408622884760386,402.2852042967625,0.28565777926107216,339.2007568553317,0.25173360032632475,384.9122040179085,0.0,0.15831077489771447,0.0,0.0,0.4179738198538955,0.0
1,76.748676,30.682277,0.8111045663053181,0.7154366821183903,113.37195681715083,0.7154366821183903,113.37195681715083,0.7154366821183903,113.37195681715083,0.0,0.3518644624030849,235.7129382837928,0.7800631743036468,106.32344794986247,0.19721048529351437,0.0,0.0,0.5433154202732083,0.0,0.8343274397998114,0.0,0.37337654346310045,0.0,0.0,0.5912294375846084,0.0,0.0,1.0,0.0
1,76.725084,30.684377,0.9185215304431212,1.0,91.85215304431212,1.0,91.85215304431212,1.0,91.85215304431212,0.0,0.21796015212196682,423.407265583871,0.5143876417729614,179.40927137775085,0.2082253559048228,0.0,0.0,0.2715898764850402,0.0,0.5700366842796082,0.0,0.14327062228654122,0.0,0.0,0.3207350318042607,0.0,0.0,0.7399370645845252,0.0
1,76.726498,30.678517,0.8368634222265923,1.0,83.68634222265922,1.0,83.68634222265922,1.0,83.68634222265922,0.0,0.32224898413946784,263.5864874021563,0.525609516319308,161.60376698095044,0.19991152182461658,0.0,0.0,0.2951648315637698,0.0,0.6016597850308035,0.0,0.12089559575304759,0.0,0.0,0.3885584611351422,0.0,0.0,0.7452238170140254,0.0
1,76.67732,30.699459,0.8050933767995262,1.0,80.50933767995262,1.0,80.50933767995262,1.0,80.50933767995262,0.0,0.3431049408272889,240.00729532545284,0.20867185357644064,0.0,0.4740806856614386,173.6997337190935,0.0,0.22492082524558965,0.0,0.0,,0.35000349498067007,0.0,0.0,0.16094654830332134,0.0,0.0,0.1860889015544599,0.0
1,76.738465,30.69128,0.0,0.9853677212116684,80.4613372456125,0.9853677212116684,80.4613372456125,0.9853677212116684,0.0,0.0,0.3530329062861838,0.0,0.7496825159675792,0.0,0.0,,0.0,0.3960333171478728,0.0,0.8233107981922085,0.0,0.33843797856049,0.0,0.0,0.5804168378590371,0.0,0.0,1.0,0.0
1,76.68866,30.70407,0.46738733544792543,1.0,46.738733544792545,1.0,46.738733544792545,1.0,46.738733544792545,0.0,0.2955835226941677,170.7021596553985,0.1496533240109538,0.0,0.4218726329895706,119.60184600002792,0.0,0.1681407679310144,0.0,0.09472120258696032,0.0,0.3410534288877236,0.0,0.0,0.13864708966963818,0.0,0.0,0.21237545883586786,0.0
1,76.697373,30.717857,0.6791716995379928,1.0,67.91716995379929,1.0,67.91716995379929,1.0,67.91716995379929,0.0,0.2742535259507529,247.64374393492764,0.0769776516495211,0.0,0.41428239409915474,163.93931028974387,0.0,0.19988746315029784,0.0,0.22185661337475993,0.0,0.38653961419432176,0.0,0.0,0.27788650903352863,0.0,0.0,0.3453596897897273,0.0
1,76.683038,30.698,0.795544391926648,1.0,79.5544391926648,1.0,79.5544391926648,1.0,79.5544391926648,0.0,0.35441414941358373,226.53395256514463,0.2197134991568751,0.0,0.4730604086866107,169.71794011377656,0.0,0.23811140023381228,0.0,0.0423286409257673,0.0,0.398332067299145,0.0,0.0,0.1518486792839095,0.0,0.0,0.1970865051530285,0.0
1,76.689434,30.707174,0.8618438232948299,1.0,86.18438232948299,1.0,86.18438232948299,1.0,86.18438232948299,0.0,0.2899988254639418,297.18872892538343,0.1429058022081278,0.0,0.4262097721400047,202.21118323202703,0.0,0.1615398167723749,0.0,0.13571764153159502,0.0,0.3407681465821001,0.0,0.0,0.17198731501057082,0.0,0.0,0.25430467465351186,0.0
1,76.696064,30.715001,0.9928321316819754,1.0,99.28321316819753,1.0,99.28321316819753,1.0,99.28321316819753,0.0,0.2620730486584145,378.95179390669745,0.06600502941966357,0.0,0.40182255426157865,247.15648952610192,0.0,0.20208012890939722,0.0,0.22400449229717523,0.0,0.3883517664005469,0.0,0.0,0.27992016406650555,0.0,0.0,0.3472557923777436,0.0
1,76.714146,30.697422,0.8072616493262504,1.0,80.72616493262504,1.0,80.72616493262504,1.0,80.72616493262504,0.0,0.15693971649695715,0.0,0.320039627855701,254.17532972097902,0.27804303942673686,292.56685620226284,0.0,0.054600034264687264,0.0,0.3896341872192717,0.0,0.270400524398692,0.0,0.0,0.20008342706463364,0.0,0.0,0.5226482133945132,0.0
1,76.719086,30.677919,0.9057567906364479,1.0,90.57567906364478,1.0,90.57567906364478,1.0,90.57567906364478,0.0,0.33295350430772314,273.14895936010555,0.5025368985933495,180.97358317672112,0.275478700060824,0.0,0.0,0.24559796124204095,0.0,0.5336418160960249,0.0,0.05323252465680651,0.0,0.0,0.33336926310602616,0.0,0.0,0.6702416790496062,0.0
1,76.724219,30.700283,0.0,1.0,0.0,1.0,97.52445352839587,1.0,97.52445352839587,0.0,0.0,,0.44746000909353945,0.0,0.31254495101888974,0.0,0.0,0.20266192700367874,0.0,0.5275162237010705,0.0,0.3987351713305502,0.0,0.0,0.35098582234530645,0.0,0.0,0.6944570743603522,0.0
1,76.681942,30.714258,0.5031335547483198,1.0,50.31335547483198,1.0,50.31335547483198,1.0,50.31335547483198,0.0,0.34780199783811966,157.67300205715247,0.12537276139468437,0.0,0.46903025002851717,116.91993238661549,0.0,0.22991977142732986,0.0,0.2425760053014954,0.0,0.3936849195269936,0.0,0.0,0.2991922824132668,0.0,0.0,0.18127746484228593,0.0
1,76.698487,30.722642,0.8258882264268146,1.0,82.58882264268146,1.0,82.58882264268146,1.0,82.58882264268146,0.0,0.3130167540107565,268.11557284826307,0.0614600415123333,0.0,0.4383622123092096,191.4505036157165,0.0,0.2374918294095387,0.0,0.2562239831198468,0.0,0.4124456727406168,0.0,0.0,0.3106085799800466,0.0,0.0,0.37200555026776605,0.0
1,76.69354,30.691212,0.7394746538841134,1.0,73.94746538841133,1.0,73.94746538841133,1.0,73.94746538841133,0.7629417391931013,0.2654076727365927,287.4603176790193,0.2998705999287362,254.42365452779072,0.38856278403940764,196.349668710353,0.0,0.11947939913358213,0.0,0.1871175040164032,416.31209799977336,0.2792853615387981,278.92360788386014,0.0,0.0,,0.0,0.29140020879045314,0.0
1,76.664354,30.708365,0.0014283430791767193,1.0,0.14283430791767193,1.0,0.14283430791767193,1.0,0.14283430791767193,0.005429528473785939,0.4121164846593864,1.3174742277716542,0.28945535179897763,1.8757740839964374,0.5253779962519256,1.0334518218350373,0.005429528473785939,0.3042808504793022,1.7843806027337452,0.16978679147165887,3.1978509203952097,0.4210206144094821,1.2896110755529924,0.0,0.2286865059508041,0.0,0.0,0.0,
