id,Ward,x,y,fill_ratio_0,fill_ratio_0_0,distance_from_0_0_0,fill_per_m_0_0_0_0,distance_from_0_1_0,fill_per_m_0_0_1_0,distance_from_0_2_0,fill_per_m_0_0_2_0,fill_ratio_1,fill_ratio_1_1,distance_from_38_0_0,fill_per_m_1_38_0_0,distance_from_30_1_0,fill_per_m_1_30_1_0,distance_from_63_2_0,fill_per_m_1_63_2_0,fill_ratio_2,fill_ratio_2_2,distance_from_78_0_0,fill_per_m_2_78_0_0,distance_from_226_1_0,fill_per_m_2_226_1_0,distance_from_37_2_0,fill_per_m_2_37_2_0,fill_ratio_3,fill_ratio_3_3,distance_from_287_0_0,fill_per_m_3_287_0_0,distance_from_69_1_0,fill_per_m_3_69_1_0,distance_from_284_2_0,fill_per_m_3_284_2_0,fill_ratio_4,fill_ratio_4_4,distance_from_71_1_0,fill_per_m_4_71_1_0,distance_from_128_2_0,fill_per_m_4_128_2_0
248,1,76.728938,30.692466,0.6106200424416326,0.6106200424416326,1.0,61.06200424416326,1.0,61.06200424416326,1.0,61.06200424416326,0.6119257282430572,0.6119257282430572,0.38223318938926587,160.09225395125821,0.5998678064686701,102.01009649865532,0.5422578655151141,112.84773668737154,0.6119257282430572,0.6119257282430572,0.30996739226227193,197.41616167331887,0.3334890279368996,183.49201232456784,0.18545871155371466,329.9525393639028,0.6119257282430572,0.6119257282430572,0.1823741958226844,335.53306457784726,0.5254780999383097,116.45123332730638,0.03358596985987486,1821.9683123521309,0.0,0.6367052774568224,0.5052877412531946,126.0084552769262,0.10802855380276724,0.0
125,1,76.743765,30.680904,0.6791023191444896,0.6791023191444896,0.7941458568834994,85.51355059755898,0.7941458568834994,85.51355059755898,0.7941458568834994,85.51355059755898,0.7072514810637022,0.7072514810637022,0.49748227314767235,142.16616736688465,0.7089627650464152,99.75862145840607,0.6572894186962628,107.60122724423883,0.7072514810637022,0.7072514810637022,0.43156749905799335,163.87969033985638,0.43844414756962286,161.30936744945237,0.30796766348097143,229.6512150235544,0.7072514810637022,0.7072514810637022,0.37957729592710576,186.32607604631946,0.6409841400335696,110.33837452306729,0.2349964032473538,300.9626833816939,0.0,0.7326802956569782,0.6170571712396807,118.7378301081905,0.1947555920939951,0.0
118,1,76.738465,30.69128,0.21144800699654465,0.21144800699654465,0.9853677212116684,21.458791722600296,0.9853677212116684,21.458791722600296,0.9853677212116684,21.458791722600296,0.24719218840122176,0.24719218840122176,0.45510402270944605,54.315535804225945,0.6856908079034848,36.05009510875863,0.6325028947073544,39.08159005589884,0.28331759995728095,0.28331759995728095,0.3863780674560191,73.3265223418849,0.39888133567399986,71.02804132927204,0.2516154334590819,112.59945229208468,0.28377526414411947,0.28377526414411947,0.3346935345310574,84.78659874374925,0.6147331266574534,46.16235108186174,0.17704403690284987,160.2851296820783,0.32085505264739234,0.32085505264739234,0.5854779068464497,54.80224768439321,0.11324842191760355,283.3196676955355
219,1,76.717915,30.684941,0.5567628930139298,0.5567628930139298,1.0,55.67628930139298,1.0,55.67628930139298,1.0,55.67628930139298,0.5808184542299312,0.5808184542299312,0.23063528875033265,251.83416526457012,0.418408546553625,138.81610665318735,0.45123369957799486,128.71788050695844,0.6055598345598394,0.6055598345598394,0.2761662167813557,219.27368293540002,0.3292095958635897,183.94355516014707,0.13006881344333346,465.5688158665806,0.6146583784294397,0.6146583784294397,0.12774968634756492,481.1427691158131,0.4544728738166749,135.2464390817262,0.15486446412956698,396.90085255142026,0.6491117421285062,0.6491117421285062,0.3368056875641562,192.7258850119212,0.23041478158384976,281.7144532423539
202,1,76.744026,30.670257,0.9823786169086064,0.9823786169086064,0.8315880439202927,118.13284523397583,0.8315880439202927,118.13284523397583,0.8315880439202927,118.13284523397583,0.9823786169086064,0.9823786169086064,0.5056086485021011,194.2962446981411,0.7148315710993628,137.42798396519817,0.7000389724820388,140.33198943560413,0.9832517411387393,0.9832517411387393,0.4767266503998915,206.25063447029038,0.49546733089331707,198.44935878334445,0.35444625186390133,277.40503277102897,0.9842448122905301,0.9842448122905301,0.43722041480276536,225.11410239948037,0.7550155889928155,130.36085964840862,0.2941914057204826,334.5593355727331,0.9852715256063133,0.9852715256063133,0.6238986037684695,157.92173915041332,0.37542361393520396,262.442608571864
205,1,76.729384,30.700394,0.39785559904574164,0.39785559904574164,1.0,39.785559904574164,1.0,39.785559904574164,1.0,39.785559904574164,0.45330357742396454,0.45330357742396454,0.27362167706641594,165.66800638164884,0.4846995469698265,93.52259152249292,0.4336866398837507,104.52329763846821,0.45330357742396454,0.45330357742396454,0.21071031712112145,215.13117327017002,0.2251987349346098,201.2904635346148,0.20402598512693393,222.1793352165135,0.47563356846150834,0.47563356846150834,0.1664415762030943,285.7660803939598,0.417411744593555,113.94829556716125,0.08504145653474655,559.2961219651409,0.4900124931744261,0.4900124931744261,0.3929652107017694,124.69615116802494,0.1878536627062142,260.84798460425037
209,1,76.698191,30.688447,0.8655071258939803,0.8655071258939803,1.0,86.55071258939803,1.0,86.55071258939803,1.0,86.55071258939803,0.8725419831262488,0.8725419831262488,0.06180709171586016,1411.7182331398196,0.1267752195709368,688.2590983311371,0.3317779028521316,262.9897819069426,0.8727763870424194,0.8727763870424194,0.21713634995222453,401.9485393553186,0.2384062618620663,366.0878620492687,0.18521184832262202,471.23140066186437,0.8805082341195943,0.8805082341195943,0.18710323433552797,470.60022091365823,0.33456589745939086,263.1793140920674,0.2377976151520308,370.2763097757142,0.8830546598597322,0.8830546598597322,0.1657155198366471,532.8738435182155,0.3399651827903507,259.7485579587405
124,1,76.704665,30.674897,0.5935924535540487,0.5935924535540487,1.0,59.359245355404866,1.0,59.359245355404866,1.0,59.359245355404866,0.6269689701733054,0.6269689701733054,0.12516928102351219,500.89683750403077,0.23914389737656946,262.1722640850185,0.44673177039028206,140.3457313155859,0.6297718425832857,0.6297718425832857,0.2900472966075743,217.12729266887428,0.32608799210588996,193.12941838679572,0.2214161761203171,284.42901219695386,0.638058200896604,0.638058200896604,0.18493313824900473,345.021020536344,0.4496308142502297,141.90713373605888,0.23463200517200314,271.9399684748288,0.6392354592889063,0.6392354592889063,0.344312497873354,185.65560740232897,0.2666984245806254,239.6847526542698
150,1,76.727591,30.703045,0.3630822963986351,0.3630822963986351,1.0,36.30822963986351,1.0,36.30822963986351,1.0,36.30822963986351,0.39730997373350435,0.39730997373350435,0.2719765266201735,146.08245008157053,0.4510546011226399,88.08467372788807,0.4042439190338493,98.2847125277933,0.43153946632547385,0.43153946632547385,0.20938935193060043,206.09427477883517,0.23228440210920223,185.7806475195856,0.2027300561319952,212.8640787454345,0.45972804482538643,0.45972804482538643,0.17382207858479332,264.4819625725068,0.3880506888926688,118.47113224750463,0.1142966490899813,402.2235546585976,0.45972804482538643,0.45972804482538643,0.3597805749277088,127.78011845630081,0.1919374043204627,239.5197780510853
191,1,76.69194,30.709532,0.8967654246264252,0.8967654246264252,1.0,89.67654246264252,1.0,89.67654246264252,1.0,89.67654246264252,0.8967654246264252,0.8967654246264252,0.23369542523428596,383.73255433964687,0.12161396350447694,737.3868910977585,0.11427071589207632,784.7727369393403,0.9032087993735938,0.9032087993735938,0.21583540626472675,418.47110027248675,0.16027487965067377,563.5373436824145,0.24890089896621867,362.8788819666654,0.9107544910922168,0.9107544910922168,0.25404296187595815,358.504122439303,0.11681192099596151,779.6759811215705,0.30024994482125067,303.33210939786215,0.0,0.9193951826117589,0.1163287341100115,0.0,0.39085643384217084,235.2258023678878
15,1,76.722244,30.707777,0.5034172708548569,0.5034172708548569,1.0,50.34172708548569,1.0,50.34172708548569,1.0,50.34172708548569,0.5034172708548569,0.5034172708548569,0.32227378010519875,156.20795172679826,0.371697046223923,135.4375225655092,0.314410987768129,160.11440135359257,0.527057111648324,0.527057111648324,0.22479839490584017,234.45768457069676,0.1483162779167861,355.3602605534864,0.21044395726979062,250.4501048574339,0.533182427743937,0.533182427743937,0.22970973514397047,232.11137630269135,0.3169983499755982,168.1972249334989,0.17809418308298927,299.38228105714256,0.5691704141355272,0.5691704141355272,0.2081819519866139,273.40045988814865,0.2553974389762102,222.85674297170394
47,1,76.71159,30.660789,0.8062012797930613,0.8062012797930613,1.0,80.62012797930613,1.0,80.62012797930613,1.0,80.62012797930613,0.8120419444242312,0.8120419444242312,0.24231299369135345,335.12108948584523,0.35319805969358004,229.91121330868154,0.5614960504691725,144.62113201788483,0.8232600865609032,0.8232600865609032,0.3405542596617718,241.74123893753094,0.43825876053650004,187.8479475351728,0.33593542914700736,245.06497830588737,0.8232600865609032,0.8232600865609032,0.3673328738800827,224.11827121948792,0.5497534856597572,149.75077157954019,0.34094523670678045,241.4640235226172,0.8253333904771943,0.8253333904771943,0.36145496474579863,228.33643772402704,0.37041430313311774,222.8135856245783
242,1,76.705985,30.680949,0.507610378684455,0.507610378684455,1.0,50.7610378684455,1.0,50.7610378684455,1.0,50.7610378684455,0.5505528548109794,0.5505528548109794,0.05769937003870166,954.1748106464557,0.22764767366309782,241.84427011793585,0.4258312381705698,129.28897775941263,0.5817757893708203,0.5817757893708203,0.26322071244950423,221.02204038461718,0.309909884460013,187.7241800094587,0.19200401141275175,303.00189308033504,0.6158959058412541,0.6158959058412541,0.16117686940309048,382.1242515270275,0.42883979773439923,143.61911116810748,0.21275318511822366,289.4884537211559,0.6158959058412541,0.6158959058412541,0.31954292494138253,192.74277656256513,0.28520579677392016,215.94789194606335
61,1,76.737485,30.676334,0.4845229851910213,0.4845229851910213,0.9127826143754258,53.08196908664365,0.9127826143754258,53.08196908664365,0.9127826143754258,53.08196908664365,0.5333532639991592,0.5333532639991592,0.49454599744329053,107.8470489613696,0.7249764390821973,73.56835825925205,0.7502729334042494,71.08789885024237,0.561178003256086,0.561178003256086,0.439156845729642,127.78532515500484,0.4485345575679534,125.11366042761755,0.2926685888643171,191.74521100255532,0.5728957911263679,0.5728957911263679,0.3843928748052142,149.0391286302263,0.7337383011878434,78.07903583592558,0.22686597803469288,252.526093197967,0.5728957911263679,0.5728957911263679,0.46858699810579557,122.26028324350176,0.26836118653715163,213.4793777441645
291,1,76.711141,30.68668,0.47157618855015837,0.47157618855015837,1.0,47.15761885501584,1.0,47.15761885501584,1.0,47.15761885501584,0.4796367147953249,0.4796367147953249,0.04288676107517271,1118.379431719287,0.3069253254602598,156.27146898877442,0.3385519307833757,141.67301119373118,0.5197521554898801,0.5197521554898801,0.17740789309811794,292.97014152714377,0.222148147605477,233.96645936158404,0.16183268741895546,321.16636248172534,0.5197521554898801,0.5197521554898801,0.10962717675587368,474.1088577399969,0.34167283276800564,152.11983676875752,0.18734203180975684,277.43488765920983,0.5498262514550722,0.5498262514550722,0.22830203884277542,240.83282577853836,0.25851471439351204,212.68663671427413
101,1,76.717025,30.708136,0.37728416310462265,0.37728416310462265,1.0,37.728416310462265,1.0,37.728416310462265,1.0,37.728416310462265,0.4141038208851809,0.4141038208851809,0.2825642703901676,146.5520818726947,0.29739282207919715,139.24472621430758,0.25735791425766336,160.90580391889003,0.4315120686767467,0.4315120686767467,0.19405839787644086,222.36196598484503,0.1439438565870332,299.7780377072503,0.20994145667430278,205.53923722944452,0.4358400161588969,0.4358400161588969,0.22290825788153157,195.52439209790586,0.24351841751209047,178.9762025442112,0.17445183811497766,249.83400626116853,0.48077746267949245,0.48077746267949245,0.21933747863714045,219.19530837448147,0.24701647212828623,194.63376613597012
168,1,76.737219,30.685932,0.23722679173599448,0.23722679173599448,1.0,23.72267917359945,1.0,23.72267917359945,1.0,23.72267917359945,0.2422388707067372,0.2422388707067372,0.4474922658666916,54.13252679073126,0.6790006562294928,35.675793312468286,0.625602324927346,38.72090320873879,0.30844272637508907,0.30844272637508907,0.3785037967563514,81.48999534967369,0.3998031311521515,77.14865200935763,0.24319865004218616,126.82748293281456,0.30844272637508907,0.30844272637508907,0.33535202024936717,91.97580683895437,0.6077528827224149,50.75133909582248,0.1770882159932502,174.17461949407493,0.3570222023597375,0.3570222023597375,0.5783819255648261,61.72775921569177,0.19220024374238304,185.75533277589113
54,1,76.70779,30.689305,0.370472102791382,0.370472102791382,1.0,37.0472102791382,1.0,37.0472102791382,1.0,37.0472102791382,0.3739195007249151,0.3739195007249151,0.03604992709081903,1037.2267876795306,0.1978036545290904,189.0356887566624,0.3331844916241654,112.2259619294343,0.40456144328445387,0.40456144328445387,0.10519852925786129,384.5694860360624,0.20343405730870934,198.86613315219662,0.131383041812892,307.9251611944002,0.4460051945102751,0.4460051945102751,0.13339240488665938,334.3557640251227,0.32082132715640244,139.01980845956814,0.1874358992248603,237.95078549772276,0.0,0.4839851553051672,0.12256417054469089,0.0,0.2629265535934807,184.07617971270884
134,1,76.717988,30.674171,0.4984421989290573,0.4984421989290573,1.0,49.84421989290573,1.0,49.84421989290573,1.0,49.84421989290573,0.5333832644628528,0.5333832644628528,0.1930447724552736,276.30028913962536,0.40015957283579345,133.2926414037652,0.48485592414152884,110.00861037374041,0.57946950663144,0.57946950663144,0.3082210697517415,188.0045082895135,0.35900819345137636,161.40843501665728,0.23085125970479026,251.01422767736182,0.57946950663144,0.57946950663144,0.2768972289563323,209.27241085638474,0.48812409856691324,118.713562459364,0.24634056525608372,235.23105341138256,0.5879021828566289,0.5879021828566289,0.36940344309080314,159.14908045730274,0.31955994721821585,183.97242457145978
158,1,76.712171,30.668876,0.5707783046689119,0.5707783046689119,1.0,57.077830466891186,1.0,57.077830466891186,1.0,57.077830466891186,0.6017789518552024,0.6017789518552024,0.18940398290004468,317.72243785009675,0.3080331506596811,195.36174939821828,0.5239590792113603,114.8522805943115,0.6365414924288364,0.6365414924288364,0.3607296548106031,176.45942991935195,0.4099451979043338,155.27477713676788,0.2895649153155197,219.8268708538945,0.6459824646869855,0.6459824646869855,0.3340588289508199,193.37386373406912,0.5269792205766627,122.58215114821795,0.30582830567233593,211.22389677660848,0.6569698222622897,0.6569698222622897,0.4172615967047848,157.44794810989998,0.3712079856507838,176.981597287171
222,1,76.70228,30.670065,0.5716126894698998,0.5716126894698998,1.0,57.161268946989985,1.0,57.161268946989985,1.0,57.161268946989985,0.5780349618202532,0.5780349618202532,0.1731859977846285,333.7654136098743,0.284942146775033,202.8604642600037,0.48848941025743686,118.33111418231671,0.6181316559487348,0.6181316559487348,0.33484806021539815,184.60063813752075,0.37231586392814725,166.02345369522777,0.2675594880623507,231.02587780579418,0.6181316559487348,0.6181316559487348,0.2339085291801791,264.2621276424639,0.4913320254634263,125.80732049080467,0.2826400288265204,218.69926157137968,0.628403662539969,0.628403662539969,0.3880636852571032,161.9331275802408,0.3556205041971947,176.70625150216694
143,1,76.710479,30.655046,0.74543947418433,0.74543947418433,1.0,74.54394741843299,1.0,74.54394741843299,1.0,74.54394741843299,0.74543947418433,0.74543947418433,0.28953925497871813,257.45713624880386,0.3935129089383913,189.43202554532627,0.5827694410786963,127.91327438249579,0.7477707922584617,0.7477707922584617,0.43969925746419364,170.06414715616285,0.47327181781464567,158.00027893300884,0.3773262497281511,198.1761917696427,0.7685716549259444,0.7685716549259444,0.4067667070556436,188.94654886807334,0.5854102588001366,131.28769839141825,0.3820175847391804,201.18750697057067,0.7776550683470873,0.7776550683470873,0.4892534252959269,158.94729155482548,0.44888308944604965,173.242228685149
34,1,76.680322,30.696429,0.6279003894909078,0.6279003894909078,1.0,62.79003894909078,1.0,62.79003894909078,1.0,62.79003894909078,0.6371466607049779,0.6371466607049779,0.19417823756420238,328.1246491354697,0.08261032727109786,771.2675663589711,0.2748673944336468,231.8014699480064,0.657255194582648,0.657255194582648,0.28258568251958976,232.58616244192942,0.21717627158516162,302.6367428565591,0.3263525207660037,201.39424480005874,0.6737270498758493,0.6737270498758493,0.30521964634781584,220.73515186112803,0.26494228087175203,254.29200943656613,0.348605611161832,193.26339803609395,0.6964024289027847,0.6964024289027847,0.2009499431490391,346.55517587595534,0.40920369447229427,170.18478530621763
86,1,76.736482,30.670963,0.5321134852653157,0.5321134852653157,0.9370045313177736,56.78878463020537,0.9370045313177736,56.78878463020537,0.9370045313177736,56.78878463020537,0.5621119184034251,0.5621119184034251,0.46146534141772105,121.81021367205953,0.6893601705473573,81.54110759794897,0.7292099264468377,77.08506124462436,0.5621119184034251,0.5621119184034251,0.5167178862463893,108.78507080271464,0.5402512066594682,104.04639757847613,0.4236551399540408,132.68148203380807,0.5982734496689373,0.5982734496689373,0.4768127578282898,125.47345679126899,0.7331413752687874,81.60410390828041,0.3210037191875006,186.37586230565802,0.5982734496689373,0.5982734496689373,0.5903171922441558,101.34779361490979,0.36205321299039284,165.2446182503047
154,1,76.688734,30.687228,0.6459172413316012,0.6459172413316012,1.0,64.59172413316013,1.0,64.59172413316013,1.0,64.59172413316013,0.6512877873152483,0.6512877873152483,0.15103445807282964,431.2180118534234,0.12985014079129478,501.5687956488615,0.31672075597766425,205.63470344873085,0.6512877873152483,0.6512877873152483,0.2275807760225266,286.17873561112293,0.2031570658139646,320.5833795176226,0.2572781940533575,253.1453509737309,0.6544780450652984,0.6544780450652984,0.2476673984632272,264.25684168619915,0.3192621581635088,204.9970622356409,0.2938779649692168,222.70402108366775,0.6566966048115463,0.6566966048115463,0.16534625113348922,397.1644959046423,0.39924473822364337,164.4847237645214
166,1,76.708249,30.663889,0.6057748193568872,0.6057748193568872,1.0,60.577481935688716,1.0,60.577481935688716,1.0,60.577481935688716,0.6358328606687905,0.6358328606687905,0.24735047461063497,257.05746539184224,0.3574983214186974,177.85618073549256,0.5579933383361639,113.94990172548118,0.6610432982814409,0.6610432982814409,0.4064339033927091,162.64472347493125,0.4329620706452335,152.67926294243352,0.3403504614452914,194.2242991163678,0.6840251101597736,0.6840251101597736,0.36250115196756055,188.6959824671083,0.5607975565122372,121.97362528002519,0.3362889529602275,203.4039786732669,0.6843922900415083,0.6843922900415083,0.4589241281251234,149.12972495856923,0.416163092275893,164.4529038600555
94,1,76.679274,30.692858,0.5326172664550232,0.5326172664550232,1.0,53.261726645502314,1.0,53.261726645502314,1.0,53.261726645502314,0.5750766771196811,0.5750766771196811,0.18846395481121345,305.13881431371965,0.07297332480572331,788.0642394336645,0.25799038945896846,222.9062401609898,0.6103343415560785,0.6103343415560785,0.2639785828696917,231.20600729088656,0.2089528585416655,292.09188417701256,0.29535150921717673,206.64676580585535,0.6189141247926849,0.6189141247926849,0.29792111206071964,207.74429865398173,0.2603958546759414,237.68201900253518,0.341762838109361,181.09462345775526,0.6565144425816379,0.6565144425816379,0.16956548808304234,387.1745660060962,0.40299749265625623,162.9078231366624
92,1,76.709301,30.675397,0.44741236682345464,0.44741236682345464,1.0,44.741236682345466,1.0,44.741236682345466,1.0,44.741236682345466,0.44741236682345464,0.44741236682345464,0.11855527984560242,377.3871289462024,0.27534717687519045,162.4902684316455,0.4613933510368145,96.9698340511534,0.44741236682345464,0.44741236682345464,0.2943421415407833,152.00418277906098,0.34241725073643575,130.66291662035317,0.22117017108528145,202.29326795200427,0.44741236682345464,0.44741236682345464,0.19192314947832773,233.12058396268512,0.4644842047218957,96.32456007655576,0.2449102491547313,182.68421528605975,0.449601654116303,0.449601654116303,0.3522049540725262,127.65341569378403,0.2790982833427655,161.09079881517556
280,1,76.717864,30.65906,0.8098744458546349,0.8098744458546349,1.0,80.98744458546349,1.0,80.98744458546349,1.0,80.98744458546349,0.8170411227072768,0.8170411227072768,0.34591453894373797,236.19739291737784,0.4758927114970832,171.68599202475588,0.7124835905761358,114.67507933012081,0.8317978749153428,0.8317978749153428,0.5336305801750856,155.87522638646905,0.5849833381234609,142.1917208075748,0.45565765863737695,182.54886297813928,0.8317978749153428,0.8317978749153428,0.4924613747407505,168.90621632066706,0.7157926625601031,116.20653834873575,0.46152232846811714,180.2291728064908,0.8401892796743508,0.8401892796743508,0.5955785826918446,141.0711036446166,0.5451191188236482,154.12948301785045
270,1,76.715344,30.712724,0.3366042781939206,0.3366042781939206,1.0,33.660427819392055,1.0,33.660427819392055,1.0,33.660427819392055,0.3666189221317647,0.3666189221317647,0.35679147308007647,102.75439571659344,0.2924799700809827,125.34838608956854,0.2022698177529092,181.25241136056331,0.41336457487927736,0.41336457487927736,0.2684944117604752,153.95649100065492,0.1550754448296198,266.55707828756374,0.28420189583003697,145.44750789645838,0.45326404195763137,0.45326404195763137,0.27750607730038407,163.33481643610983,0.18858330576372606,240.3521563703634,0.22958530515959205,197.42728814570825,0.48606932287974286,0.48606932287974286,0.2152946591677335,225.76933620125342,0.31665971433092155,153.49894567636153
120,1,76.719086,30.677919,0.32749735217791465,0.32749735217791465,1.0,32.74973521779147,1.0,32.74973521779147,1.0,32.74973521779147,0.339359423724594,0.339359423724594,0.20322906000015398,166.9837097727741,0.41109306067768686,82.55051135262659,0.4830193327841211,70.25793807641776,0.34732456141455725,0.34732456141455725,0.3057520999668933,113.59678689113352,0.32188970073065765,107.90173175039929,0.22810529476528876,152.26501505453453,0.34732456141455725,0.34732456141455725,0.2394847670595844,145.02991805242547,0.48629920774851215,71.4219879202795,0.20881870606622882,166.3282796630298,0.34796228062702395,0.34796228062702395,0.36714581584964934,94.77495469252978,0.24305721303018873,143.1606477705336
298,1,76.720965,30.675272,0.41184091414726853,0.41184091414726853,1.0,41.18409141472685,1.0,41.18409141472685,1.0,41.18409141472685,0.41184091414726853,0.41184091414726853,0.21555583343753906,191.0599715997045,0.44062356717102247,93.46774544799091,0.5326580801133759,77.31806378673697,0.46254273590446254,0.46254273590446254,0.3407194364553374,135.754725564385,0.39583177024717603,116.85336313849417,0.2566462423408778,180.22579706821222,0.497931708063883,0.497931708063883,0.26358217664957695,188.90947574420608,0.5362094118627819,92.86142634723197,0.27360260097536576,181.99085326265413,0.5031999196089795,0.5031999196089795,0.40719436455337416,123.57732901360453,0.3530407236046851,142.5331090620679
100,1,76.746763,30.674927,0.26924323094938096,0.26924323094938096,0.704310696681423,38.22790598211889,0.704310696681423,38.22790598211889,0.704310696681423,38.22790598211889,0.26924323094938096,0.26924323094938096,0.541976704028131,49.678008104091134,0.7358089227967725,36.59146044682376,0.6812188000376754,39.52375227085486,0.3421679415832555,0.3421679415832555,0.47433361589902984,72.13655750177568,0.43588113403032874,78.50028708960993,0.36104831873410564,94.77067855708404,0.3421679415832555,0.3421679415832555,0.38192678408841163,89.58993080308491,0.6662742143103828,51.35542307267756,0.24941132146557407,137.19022038479696,0.387523157568636,0.387523157568636,0.6515650999968604,59.47573888940695,0.28432388308059403,136.29637910466678
91,1,76.726498,30.678517,0.10717201133977605,0.10717201133977605,1.0,10.717201133977605,1.0,10.717201133977605,1.0,10.717201133977605,0.1835709869920753,0.1835709869920753,0.2671631275396513,68.7111985409852,0.4694750294927252,39.10133137228331,0.5048417223751475,36.36208713662217,0.21767867915531258,0.21767867915531258,0.31621116791191506,68.83965566198786,0.3763435574780443,57.84041597895876,0.23359876785948355,93.18485758719953,0.29100006196212147,0.29100006196212147,0.2886600471883602,100.81064726364238,0.508331694848604,57.24609834702316,0.1953974963953336,148.92722134646093,0.31585950921229355,0.31585950921229355,0.3815457464936427,82.78417781222896,0.23182920435181548,136.24664334048128
259,1,76.721516,30.695976,0.1543627152742023,0.1543627152742023,1.0,15.436271527420232,1.0,15.436271527420232,1.0,15.436271527420232,0.17313350890437176,0.17313350890437176,0.2237356709372893,77.38306018842174,0.41964221966601883,41.25740947661647,0.3744555947800563,46.236058779163145,0.19239614725007353,0.19239614725007353,0.16535639205108882,116.35241000579552,0.18652968942128437,103.14505312638974,0.05358771964618619,359.03029373216907,0.19239614725007353,0.19239614725007353,0.07819602554440522,246.04338380448434,0.35935107691087226,53.5398833096561,0.05791916227043751,332.18047310790325,0.262202052522741,0.262202052522741,0.334496846614573,78.38700280031807,0.20112649240410932,130.36674054649987
95,1,76.739442,30.680772,0.24247050363472966,0.24247050363472966,0.8345760536382291,29.05313453192313,0.8345760536382291,29.05313453192313,0.8345760536382291,29.05313453192313,0.24346244734518338,0.24346244734518338,0.5072409920370199,47.99739200246158,0.7157731183976086,34.01391322018622,0.6648201785126201,36.620796903288,0.24346244734518338,0.24346244734518338,0.4422451719682832,55.051465290534345,0.41949621272894627,58.036864209426,0.3203685094956217,75.99450012377407,0.24346244734518338,0.24346244734518338,0.3614416118490496,67.35872112225462,0.6487422206834822,37.52838023840711,0.21888484500477104,111.22855368989873,0.30935453227686077,0.30935453227686077,0.6251403865803097,49.485609779447365,0.25643667193028385,120.63583962006942
82,1,76.664354,30.708365,0.5116774421156661,0.5116774421156661,1.0,51.167744211566614,1.0,51.167744211566614,1.0,51.167744211566614,0.5415361317433318,0.5415361317433318,0.3148578773339613,171.99383300451427,0.17269596444235127,313.577757008969,0.2770190052885134,195.48699598402123,0.5415361317433318,0.5415361317433318,0.3620424062245509,149.57809428751085,0.31410728127238297,172.4048323711829,0.3892306635661653,139.12987398827485,0.5760454699706075,0.5760454699706075,0.39122244135048423,147.24244038305204,0.27910890020506485,206.38735258796103,0.4292232066641157,134.20650631814183,0.5760454699706075,0.5760454699706075,0.2802078120860684,205.57794791019953,0.4822996693452644,119.4372516888941
299,1,76.724151,30.674408,0.3488682665429953,0.3488682665429953,1.0,34.88682665429953,1.0,34.88682665429953,1.0,34.88682665429953,0.3714594905209102,0.3714594905209102,0.33566773162939295,110.662853625452,0.5460617678381257,68.02517817563553,0.5828413205537807,63.73252503236589,0.415224060714412,0.415224060714412,0.3866837060702875,107.38080094818804,0.44300745473908415,93.72845902987443,0.3007625133120341,138.05711893477454,0.46673526327438825,0.46673526327438825,0.3078594249201278,151.60661831141917,0.5864707135250266,79.58372899288366,0.3181001064962726,146.72590600967223,0.47092557743415486,0.47092557743415486,0.4546283280085197,103.58474129780353,0.3992758253461129,117.94492617376277
253,1,76.724498,30.659777,0.5812382214226123,0.5812382214226123,1.0,58.123822142261226,1.0,58.123822142261226,1.0,58.123822142261226,0.5978750946627374,0.5978750946627374,0.48581099106309183,123.06742862165747,0.6916850073362678,86.43748069156513,0.7276827397625717,82.1615055563654,0.5978750946627374,0.5978750946627374,0.5357309590502868,111.59987761816419,0.590844671201814,101.18989369010013,0.4516639989329065,132.37165150980965,0.6113510584173063,0.6113510584173063,0.5005835667600373,122.12767238329401,0.7312258236627984,83.60632770803622,0.46737861811391224,130.8042419408036,0.6360858527049407,0.6360858527049407,0.6022158863545418,105.62422332552991,0.5480525543550754,116.06293003295261
51,1,76.702343,30.687719,0.18452101935637732,0.18452101935637732,1.0,18.45210193563773,1.0,18.45210193563773,1.0,18.45210193563773,0.20659967836335694,0.20659967836335694,0.03520967784771465,586.7695786849315,0.18722943722943722,110.34572416632474,0.34043104135128677,60.68767335178732,0.23161482390773014,0.23161482390773014,0.1484742251613417,155.9966544065426,0.2169548243167875,106.75716690657073,0.17338591878469178,133.58341065478692,0.23161482390773014,0.23161482390773014,0.17530475659310016,132.12124326171667,0.32866571056755106,70.47124675944133,0.22673492152019759,102.15225001725102,0.3003712092914666,0.3003712092914666,0.1399954850875096,214.55778313401171,0.2755026159934135,109.02662691908799
53,1,76.689434,30.707174,0.2093493233367103,0.2093493233367103,1.0,20.93493233367103,1.0,20.93493233367103,1.0,20.93493233367103,0.24419825974817833,0.24419825974817833,0.245589617101245,99.4334624690208,0.12401338971106413,196.91281749263536,0.13902396053558846,175.65192273864656,0.2897846011453037,0.2897846011453037,0.24188982851773547,119.80024249926514,0.17330866807610992,167.2072172512701,0.26055907916373033,111.21646655928215,0.33359970088514634,0.33359970088514634,0.26562132957481793,125.5922110694732,0.12861757105943153,259.37334855359444,0.3111111111111111,107.22847528451133,0.3878996708378434,0.3878996708378434,0.15628964059196618,248.19282286952983,0.3746476391825229,103.53719876207849
252,1,76.738767,30.665791,0.28863055324025577,0.28863055324025577,0.8461958485566307,34.10919041172057,0.8461958485566307,34.10919041172057,0.8461958485566307,34.10919041172057,0.32079995588281707,0.32079995588281707,0.5314249006303449,60.36600006930482,0.7297225679527843,43.96190689056145,0.7215080097964427,44.462424744712614,0.37989707523679933,0.37989707523679933,0.5098566668004979,74.5105634532086,0.5312883928212951,71.50487011760899,0.3939615369173325,96.42999116345604,0.413461174088162,0.413461174088162,0.4735054402376842,87.31920247434076,0.7062191351828803,58.545733680961995,0.33794515598024655,122.34564300496426,0.41531382411827333,0.41531382411827333,0.6435379612157225,64.5360257122508,0.41385152768298067,100.35333841667314
272,1,76.748676,30.682277,0.13441467693897424,0.13441467693897424,0.7154366821183903,18.787780987267205,0.7154366821183903,18.787780987267205,0.7154366821183903,18.787780987267205,0.150162108899838,0.150162108899838,0.5212372318168766,28.80878412626395,0.7238462485129425,20.745028272002305,0.6743405669278418,22.267992801314914,0.150162108899838,0.150162108899838,0.4580875415350535,32.78022108976028,0.4799934364359847,31.2842004704922,0.33968084669975795,44.20682248021051,0.21770803597342914,0.21770803597342914,0.42472822742749317,51.258198046324765,0.6587192845715224,33.05019923851809,0.28622061779546293,76.06301658149805,0.26923821591504454,0.26923821591504454,0.6357960372482258,42.34663321909464,0.2723140665381302,98.8704767762502
241,1,76.683038,30.698,0.4254364386164168,0.4254364386164168,1.0,42.54364386164168,1.0,42.54364386164168,1.0,42.54364386164168,0.431942684106655,0.431942684106655,0.24760935033590312,174.44522330060963,0.0914938664684111,472.1001535723559,0.20605649206169627,209.6234288882901,0.43256731019803096,0.43256731019803096,0.29942516660471175,144.46591617634058,0.24579380343607063,175.9878825873407,0.32928202393073985,131.36681590885016,0.4416893522207286,0.4416893522207286,0.33147468739730307,133.24979825422477,0.20835151573922928,211.99238731411137,0.37320532919582583,118.35022644839252,0.4416893522207286,0.4416893522207286,0.20955828875276775,210.77159717687138,0.4574854944806296,96.54718183407456
238,1,76.685268,30.686947,0.3236792364042437,0.3236792364042437,1.0,32.367923640424365,1.0,32.367923640424365,1.0,32.367923640424365,0.3520120343941048,0.3520120343941048,0.178471432447567,197.23718780456483,0.11100848049601378,317.1037319141984,0.29971539247550816,117.44876747458679,0.36400842538658457,0.36400842538658457,0.25254443745273386,144.13638607847471,0.2483590326807951,146.56540632223695,0.28127651959058086,129.41301531902707,0.36400842538658457,0.36400842538658457,0.2673925216919427,136.13261249166536,0.3021746785897784,120.46291472382087,0.31210996357254606,116.62826178952643,0.3984344162486445,0.3984344162486445,0.20953002234140203,190.1562419534549,0.41865593663585826,95.16989522477448
212,1,76.683915,30.710755,0.25790282704493983,0.25790282704493983,1.0,25.790282704493983,1.0,25.790282704493983,1.0,25.790282704493983,0.30208618086224026,0.30208618086224026,0.27757845011809695,108.82911866310816,0.11276571814194129,267.888313788767,0.1649983129006861,183.0844058654518,0.30536400058638785,0.30536400058638785,0.2607468226296255,117.11130264476444,0.20836238893262848,146.55428081366628,0.2919131706219773,104.60781880301974,0.34287332897715406,0.34287332897715406,0.2967607693172871,115.5386305831297,0.16738837026206277,204.83700775648424,0.3403216736025194,100.74977751126568,0.396580145258139,0.396580145258139,0.16693847711168597,237.56065834529988,0.42573951186593184,93.15089020514137
161,1,76.681942,30.714258,0.35609672589784624,0.35609672589784624,1.0,35.60967258978462,1.0,35.60967258978462,1.0,35.60967258978462,0.35609672589784624,0.35609672589784624,0.3102189582778831,114.7888342719749,0.23486276405629578,151.61906457529858,0.12354222456395743,288.2388812041312,0.35609672589784624,0.35609672589784624,0.29396140120261377,121.13723925693411,0.24079978707108676,147.88083088824433,0.3240647694990195,109.88443034037479,0.35609672589784624,0.35609672589784624,0.3261831949114335,109.17077625490025,0.11391696858755342,312.5932249717128,0.3682583827179941,96.6975207107611,0.40320401473355494,0.40320401473355494,0.20335254401164587,198.27832333903024,0.4533267426764947,88.94335515107508
185,1,76.695912,30.71134,0.2850951686938471,0.2850951686938471,1.0,28.50951686938471,1.0,28.50951686938471,1.0,28.50951686938471,0.2978230459799919,0.2978230459799919,0.2886446390788761,103.17982933284537,0.2052046941888501,145.1346165141354,0.06588594203611672,452.0282123563386,0.2978230459799919,0.2978230459799919,0.27022954288244844,110.21113487563673,0.12979136938444127,229.4629045000995,0.304322688579442,97.86422674241278,0.3053349798910547,0.3053349798910547,0.3043718939133002,100.31641751325067,0.030476553658416575,1001.8684635844041,0.27666314028440686,110.36344761256359,0.361028225385813,0.361028225385813,0.16763027112138956,215.3717362446871,0.4097451163706146,88.11044011547482
112,1,76.716695,30.700924,0.02007119777772637,0.02007119777772637,1.0,2.007119777772637,1.0,2.007119777772637,1.0,2.007119777772637,0.045492847216797985,0.045492847216797985,0.19933051846780023,22.822820893904854,0.2904560842938111,15.662556123554864,0.22694663167104112,20.04561463716272,0.0821771005887082,0.0821771005887082,0.12078055460458746,68.03835340692082,0.07551447373426148,108.82297992023723,0.13738826124995246,59.81377145402707,0.15288685758273973,0.15288685758273973,0.11200121723914946,136.5046392810978,0.22948761839552664,66.62096136238429,0.1144661265167941,133.56515349570134,0.16707452723850352,0.16707452723850352,0.20880216059949028,80.01570805532717,0.19037620297462818,87.76019514412202
181,1,76.707991,30.713578,0.16068137325955567,0.16068137325955567,1.0,16.06813732595557,1.0,16.06813732595557,1.0,16.06813732595557,0.21598608706459854,0.21598608706459854,0.2890417793650377,74.72486764338126,0.23462487854835745,92.05591853725036,0.1081904361755206,199.63510149288777,0.22973543930160406,0.22973543930160406,0.2275675533730732,100.95263401851355,0.10499986870092698,218.79593007488768,0.24190541214779027,94.96911923626122,0.27846406176190486,0.27846406176190486,0.23635802631233424,117.81451474549452,0.1103831306950973,252.27048735470675,0.19261574013287466,144.56973327818812,0.28803998037314843,0.28803998037314843,0.15988288122685854,180.15686117417863,0.3344646936792626,86.11969688177805
179,1,76.728325,30.672599,0.24595772838450813,0.24595772838450813,1.0,24.595772838450813,1.0,24.595772838450813,1.0,24.595772838450813,0.2603363885903493,0.2603363885903493,0.3840176672664813,67.79281548254761,0.6084482977988622,42.786936791860334,0.6476816256793355,40.195117210140026,0.32979580911436907,0.32979580911436907,0.4384372103168112,75.2207616858207,0.592635003726121,55.649060052278,0.34678372139520514,95.10129477459637,0.32979580911436907,0.32979580911436907,0.4953650689786793,66.57631507896322,0.6515531562971446,50.61686923422158,0.33269716633040697,99.12792848582409,0.3729286559624917,0.3729286559624917,0.5109057200501663,72.99363489723181,0.4518694221785994,82.53018187521734
146,1,76.695929,30.704942,0.12758030279556376,0.12758030279556376,1.0,12.758030279556376,1.0,12.758030279556376,1.0,12.758030279556376,0.13666294055270028,0.13666294055270028,0.24227351344903678,56.408535381003546,0.10952466153754399,124.77823590977596,0.21810699588477367,62.658668970389,0.19923474188437568,0.19923474188437568,0.22442297369833603,88.77644681430085,0.16981570942923602,117.32409360360083,0.25747599451303155,77.37992905365469,0.2489554993696827,0.2489554993696827,0.2635653366732272,94.45684417839132,0.22064770084093754,112.82941015059654,0.3097632253831932,80.36961103491605,0.32224732274359835,0.32224732274359835,0.1249358859664818,257.9301537350541,0.399403590385877,80.68212968047297
148,1,76.726063,30.663494,0.28377590579872447,0.28377590579872447,1.0,28.377590579872447,1.0,28.377590579872447,1.0,28.377590579872447,0.28377590579872447,0.28377590579872447,0.4768337650721862,59.512544325749374,0.6852075299756145,41.4145924241118,0.721633913579101,39.32408115234993,0.33872377953087673,0.33872377953087673,0.5273598676938395,64.23010173529623,0.584594095162556,57.941703882022445,0.4422637179043649,76.58864288843208,0.3963564360480942,0.3963564360480942,0.49428332756743987,80.1881054735789,0.7252284559499802,54.65263156682193,0.4606836380818982,86.03657766061832,0.40598724797940333,0.40598724797940333,0.5946436255938168,68.27404356247503,0.5398310733843544,75.2063502817935
136,1,76.699239,30.704057,0.08692028808742369,0.08692028808742369,1.0,8.69202880874237,1.0,8.69202880874237,1.0,8.69202880874237,0.14792178649072368,0.14792178649072368,0.17980748745957043,82.26675572894804,0.119387471836487,123.90059376859682,0.15364850644613587,96.27284372112021,0.20734744802880864,0.20734744802880864,0.16048521940102906,129.2003393226374,0.17886493779817816,115.92403216709172,0.19626337161634355,105.64755222596109,0.22794084518298469,0.22794084518298469,0.2803439660682122,81.30756241335439,0.15639868559512973,145.7434532238056,0.3303507446787907,68.99964624103329,0.0,0.2455789026336029,0.05279569267716383,0.0,0.3498925106036837,70.186956048272
176,1,76.67732,30.699459,0.15285913918433203,0.15285913918433203,1.0,15.285913918433202,1.0,15.285913918433202,1.0,15.285913918433202,0.2097779189031348,0.2097779189031348,0.2290449024362704,91.58811947867014,0.08070179211854976,259.94208232076693,0.19504142896317367,107.55556910052354,0.2655340270226975,0.2655340270226975,0.3007834133594292,88.28080779354362,0.23569074260273898,112.66205201375259,0.33058753313510525,80.32185137307597,0.31754685723492004,0.31754685723492004,0.32021012899167123,99.16827373164686,0.19733198552540315,160.92011459239143,0.36185954479220994,87.75417473574298,0.3216656041740983,0.3216656041740983,0.21109145557879572,152.38210532592007,0.4585414639129804,70.14973115607758
266,1,76.690413,30.677268,0.05182353682242691,0.05182353682242691,1.0,5.182353682242691,1.0,5.182353682242691,1.0,5.182353682242691,0.10710616533900431,0.10710616533900431,0.13160529536099677,81.38438886156464,0.20994796108824365,51.01557775737879,0.40354260145115634,26.54147665050629,0.11697033078947068,0.11697033078947068,0.29445247895576077,39.72468875259311,0.3021038058862066,38.71858894539378,0.29290738062570304,39.934238099293005,0.17706043815037367,0.17706043815037367,0.29307425124534925,60.414873499803385,0.4061754490055747,43.59210744614541,0.34003287969246365,52.07156387656178,0.24851401766705866,0.24851401766705866,0.2467213013436175,100.72661594831018,0.37447003127279016,66.36419390421757
188,1,76.686186,30.684043,0.17337359529475482,0.17337359529475482,1.0,17.33735952947548,1.0,17.33735952947548,1.0,17.33735952947548,0.2071606411282546,0.2071606411282546,0.19113985926540633,108.381706423987,0.1709504700626371,121.18167388036424,0.34899450930462556,59.359283772407736,0.25678377289002186,0.25678377289002186,0.26406493344094945,97.24266283445931,0.24450077870110382,105.02370350481938,0.29235963486307365,87.83147270322947,0.2618255332026601,0.2618255332026601,0.28690872713631244,91.25743082686532,0.3514158718610388,74.50589292284282,0.33093660122545954,79.11652329573674,0.27526901273343496,0.27526901273343496,0.20476997055714072,134.42840861112572,0.42762058499209926,64.37225484327908
246,1,76.702706,30.711971,0.11483682473920354,0.11483682473920354,1.0,11.483682473920354,1.0,11.483682473920354,1.0,11.483682473920354,0.13591988741558028,0.13591988741558028,0.2638878281015301,51.50669070014305,0.17754398024389623,76.5556158135376,0.05496575778405764,247.2810216672801,0.1857355295224932,0.1857355295224932,0.20603248555207615,90.1486622484818,0.08396980574861886,221.19323471883604,0.280111509967158,66.30771064861632,0.18773755477359327,0.18773755477359327,0.19990962091702946,93.9112154344547,0.05709157565111128,328.83582670911795,0.25148934545176815,74.65030156102517,0.23284765036101532,0.23284765036101532,0.1386618803941037,167.92477478252678,0.37004506224700223,62.92413387361761
25,1,76.700611,30.666119,0.039312139841098936,0.039312139841098936,1.0,3.9312139841098936,1.0,3.9312139841098936,1.0,3.9312139841098936,0.12507002743499132,0.12507002743499132,0.21303601383937934,58.7083963790691,0.3225977668274272,38.76965072169802,0.536957433424198,23.292354225811717,0.12663387155758477,0.12663387155758477,0.3184826483539526,39.761623501964685,0.41509619417068566,30.50711457631758,0.29463068777521495,42.98054371518781,0.14591514175748985,0.14591514175748985,0.3449622562382051,42.298871577629,0.5253459844831202,27.775056071105883,0.3188692598028937,45.76017827735607,0.20934858114497723,0.20934858114497723,0.33914997903124344,61.72743449460495,0.3480092786747746,60.15603432821684
184,1,76.698487,30.722642,0.18656702405130576,0.18656702405130576,1.0,18.656702405130577,1.0,18.656702405130577,1.0,18.656702405130577,0.18656702405130576,0.18656702405130576,0.32434090570278545,57.521891556370385,0.24479662396935886,76.21307068134172,0.0748311411304657,249.3173580315074,0.18656702405130576,0.18656702405130576,0.30717979886013097,60.73544703903392,0.19466073414905452,95.8421454983565,0.33895622857011803,55.04162730342383,0.26767641900676986,0.26767641900676986,0.33910530601011435,78.93607509603108,0.09742210703760192,274.7594228314679,0.33191518640413753,80.64602945911881,0.26767641900676986,0.26767641900676986,0.2115351536071007,126.53992229771147,0.4497551689735445,59.516029491706654
214,1,76.700597,30.661634,0.17088758739006582,0.17088758739006582,1.0,17.088758739006582,1.0,17.088758739006582,1.0,17.088758739006582,0.1838343930638248,0.1838343930638248,0.24911506458879235,73.79497236238015,0.3590046693066966,51.20668581242759,0.5590296248136546,32.88455296534663,0.24403332374799264,0.24403332374799264,0.4078255216029316,59.837678325975176,0.47003040631505666,51.91862493772787,0.34159491958416244,71.43938910012609,0.24403332374799264,0.24403332374799264,0.39974125079627765,61.047821124760695,0.5618272684884187,43.43564960891944,0.37358393916110094,65.32222030100655,0.24403332374799264,0.24403332374799264,0.46019268278267034,53.02851020411364,0.41753190036185484,58.44662971535843
204,1,76.707739,30.67142,0.11203890216805235,0.11203890216805235,1.0,11.203890216805235,1.0,11.203890216805235,1.0,11.203890216805235,0.13363164673625988,0.13363164673625988,0.161397454317048,82.7966260693027,0.282205488452014,47.352603760214436,0.5152083980102377,25.937396838318715,0.15851712395550827,0.15851712395550827,0.348980932646976,45.42286100079338,0.39401771726025026,40.23096348502702,0.2633980463363392,60.181586826613746,0.1857483697482427,0.1857483697482427,0.3167447602682858,58.64291790996387,0.5182840104253154,35.83910867630538,0.28798850616205446,64.49853580049474,0.20199614634559146,0.20199614634559146,0.40655841858651787,49.68440871249739,0.359651719382856,56.1643766620125
121,1,76.71782,30.664171,0.11976213181925122,0.11976213181925122,1.0,11.976213181925122,1.0,11.976213181925122,1.0,11.976213181925122,0.1354783090894271,0.1354783090894271,0.2520670888063216,53.746924967869674,0.36152467423727036,37.47415287082509,0.5607632529174734,24.159626791623097,0.15567420588417552,0.15567420588417552,0.41014705112774086,37.95570526622915,0.4526401172222513,34.392489742074225,0.34448427442566326,45.19051156797251,0.19378597666124875,0.19378597666124875,0.3826207546182427,50.647011256511014,0.5635498979538437,34.38665810513914,0.3565728190904809,54.34681677519432,0.2145607324904664,0.2145607324904664,0.4623148778062693,46.41008602374613,0.3856625150452666,55.63432382462232
36,1,76.691224,30.694111,0.08175903194887191,0.08175903194887191,1.0,8.17590319488719,1.0,8.17590319488719,1.0,8.17590319488719,0.10867705751055828,0.10867705751055828,0.13437794446959778,80.87417763347752,0.06689834926151172,162.45103012292543,0.25544841595183615,42.54364119096708,0.18664122438029002,0.18664122438029002,0.22437929051284247,83.18112779200872,0.19242911858640985,96.99219419148314,0.2721882992131765,68.5706273634171,0.19722190288005226,0.19722190288005226,0.24910365756659855,79.1726242828548,0.2446066494536288,80.62818542365117,0.2964966165367531,66.51742106999897,0.19722190288005226,0.19722190288005226,0.12792305527343034,154.17228931758896,0.36269135228399063,54.37733809700148
196,1,76.68866,30.70407,0.08023374566164221,0.08023374566164221,1.0,8.023374566164222,1.0,8.023374566164222,1.0,8.023374566164222,0.08023374566164221,0.08023374566164221,0.25152362640564,31.899089086862457,0.08310901357571521,96.5403657312651,0.13488317893142224,59.4838780471173,0.15296179401589274,0.15296179401589274,0.23408495018353434,65.34456567838428,0.17981122181436812,85.06799101437954,0.26637534230612364,57.42340589471908,0.19073145686117465,0.19073145686117465,0.27139777428188544,70.27745801005454,0.13736526248324885,138.84984705244062,0.3165297442172115,60.25704071914627,0.19657424698632653,0.19657424698632653,0.13689331701916915,143.59667167594475,0.4050282584629727,48.53346473460868
274,1,76.733428,30.670581,0.06337497047276774,0.06337497047276774,0.960961072479645,6.594957099483356,0.960961072479645,6.594957099483356,0.960961072479645,6.594957099483356,0.07138391349640738,0.07138391349640738,0.458245522824543,15.577656505274678,0.6875121851587088,10.382930664702148,0.7275909128888807,9.810995743882977,0.07968676300216479,0.07968676300216479,0.5138376983279641,15.508158171630216,0.5752137624984914,13.853417320204292,0.4202092597922257,18.963590436242708,0.07968676300216479,0.07968676300216479,0.506577664720136,15.73041382434193,0.7315458672583626,10.892927780565472,0.3696396906594376,21.557956306045902,0.17058145970430788,0.17058145970430788,0.5878677596947445,29.016978204908504,0.4610956894710945,36.9948068480049
76,1,76.673781,30.709807,0.0366832028905979,0.0366832028905979,1.0,3.66832028905979,1.0,3.66832028905979,1.0,3.66832028905979,0.0366832028905979,0.0366832028905979,0.271764975805106,13.498134843139226,0.12066160520607376,30.401719609106753,0.23154617887535459,15.84271572468709,0.05770796651208272,0.05770796651208272,0.33186112965125986,17.389191247774576,0.2709671700317037,21.297032590823004,0.3508155347905891,16.449661086567932,0.05770796651208272,0.05770796651208272,0.3529325880193559,16.35098839581168,0.23376752044051397,24.68604979996247,0.39332346070415486,14.671885172771013,0.13940765367001207,0.13940765367001207,0.2349355498081095,59.33867981405001,0.44973823627565496,30.997509756890206
42,1,76.704678,30.658433,0.06107795985486375,0.06107795985486375,1.0,6.107795985486375,1.0,6.107795985486375,1.0,6.107795985486375,0.0635691269539391,0.0635691269539391,0.2976479332649438,21.357153821509872,0.4004349081348707,15.875021298724622,0.6235403242154146,10.19487024097865,0.0635691269539391,0.0635691269539391,0.41873422075887784,15.18125909048749,0.509303225568667,12.481587345723254,0.38443299159054756,16.535814652881143,0.10405429247279097,0.10405429247279097,0.443557155405945,23.45904946061802,0.612655335303115,16.98414858679219,0.41909050143433685,24.828597192411962,0.1350481896383818,0.1350481896383818,0.43810851817952867,30.82528278599723,0.44641354357988366,30.251812827048685
164,1,76.710537,30.716773,0.9865152487929797,0.9865152487929797,1.0,98.65152487929797,1.0,98.65152487929797,1.0,98.65152487929797,0.9865152487929797,0.9865152487929797,0.3422692294654056,288.2278521892925,0.2798332146852435,352.53686732742295,0.1492592969253195,660.9405706142201,0.9869123285436205,0.9869123285436205,0.2590325095765958,380.9994082043169,0.1523170276958541,647.9330272346716,0.273839791179362,360.39770710210774,0.0,0.9869880311383225,0.26752771280382387,368.9292674744592,0.1515237804671345,0.0,0.22235330011186819,443.8827895253899,0.0,0.0,0.2088816570053222,0.0,0.3493609952879758,0.0
18,1,76.69422,30.726219,0.6903948286293653,0.6903948286293653,1.0,69.03948286293652,1.0,69.03948286293652,1.0,69.03948286293652,0.7149782591090283,0.7149782591090283,0.40037346592123463,178.5778329400295,0.3193808564968446,223.86384298399304,0.1325860265250796,539.2561175922903,0.7149782591090283,0.7149782591090283,0.3276207296084232,218.23352263563424,0.23758956995174188,300.9299857961995,0.31917837497328366,224.0058585325132,0.0,0.7306788917843924,0.3331720980460533,219.3097489464418,0.15456089631821096,0.0,0.29569614272697614,247.10464094861294,0.0,0.0,0.3031035917972485,0.0,0.35181727167395976,0.0
142,1,76.70499,30.708699,0.5868411180208791,0.5868411180208791,1.0,58.68411180208791,1.0,58.68411180208791,1.0,58.68411180208791,0.6218130462710489,0.6218130462710489,0.24042713331451687,258.62848244237836,0.18033547034393774,344.80906340007346,0.08724110586938699,712.7523660715583,0.6426907504351556,0.6426907504351556,0.18833245971264598,341.2533088644202,0.060743518406515866,1058.0400465676928,0.2575568189454726,249.53357983941387,0.0,0.6426907504351556,0.1818676666263457,353.3837335448907,0.08948563901993198,0.0,0.21714178191739578,295.9774690803843,0.0,0.0,0.10821472252462938,0.0,0.3615042404204131,0.0
215,1,76.708931,30.698582,0.668643219924431,0.668643219924431,1.0,66.8643219924431,1.0,66.8643219924431,1.0,66.8643219924431,0.668643219924431,0.668643219924431,0.15348409319441175,435.6433334609399,0.20228493185853963,330.5452431780838,0.2330716073682634,286.88317186054553,0.6743319294608677,0.6743319294608677,0.08115644366473404,830.9037446818212,0.07851778952097731,858.8269404613193,0.17166228079558987,392.82475237751345,0.0,0.6815124612897049,0.11504532066779345,0.0,0.23610962538242658,288.64238812198346,0.16903075814951898,403.1884307629157,0.0,0.0,0.12574256719653695,0.0,0.28185105153933376,0.0
122,1,76.733171,30.68394,0.890527280739895,0.890527280739895,1.0,89.0527280739895,1.0,89.0527280739895,1.0,89.0527280739895,0.8923188668487535,0.8923188668487535,0.36923233878372486,241.66866580216387,0.5982693538364512,149.15002099417023,0.6383079363018336,139.7944183521489,0.8970011369033527,0.8970011369033527,0.42476882981979386,211.17395485066575,0.44055425195462855,203.60741791132057,0.2814757793008783,318.6779122279363,0.0,0.9010823846491621,0.3767911631314864,239.14636881617022,0.642258929151093,140.29892676465698,0.2202168408751542,0.0,0.0,0.0,0.49873401285463864,0.0,0.26146112538373784,0.0
289,1,76.725084,30.684377,0.5956387406078443,0.5956387406078443,1.0,59.56387406078443,1.0,59.56387406078443,1.0,59.56387406078443,0.5956387406078443,0.5956387406078443,0.24895668562582035,239.2539646447109,0.4567361087739373,130.41201016639067,0.493058593881466,120.804859300564,0.5956387406078443,0.5956387406078443,0.29933867330797964,198.9848936074529,0.3493588664894154,170.4948114221943,0.11682596843132635,509.8513186800397,0.0,0.6204427207945177,0.1367078383199273,453.84575487364606,0.496642883586309,124.9273353751165,0.14613132298993706,0.0,0.0,0.0,0.36643051862820986,0.0,0.2278716386766735,0.0
198,1,76.705889,30.715948,0.4103968269896615,0.4103968269896615,1.0,41.03968269896615,1.0,41.03968269896615,1.0,41.03968269896615,0.4103968269896615,0.4103968269896615,0.3147416453810132,130.39165074353352,0.22450377820349082,182.80174626623733,0.09639740315027671,425.7343181225349,0.42623812935060185,0.42623812935060185,0.25253432311621965,168.78423657066267,0.14901287782034908,286.04113656839604,0.2670551298424862,159.60679339955183,0.0,0.42623812935060185,0.2620530012771392,162.6534049498733,0.09861909323116219,0.0,0.2177322796934866,195.76248866297644,0.0,0.0,0.1838747871434653,0.0,0.36164990421455934,0.0
115,1,76.722183,30.687605,0.3220791655831783,0.3220791655831783,1.0,32.20791655831783,1.0,32.20791655831783,1.0,32.20791655831783,0.361438459470496,0.361438459470496,0.20349248416756768,177.61759651666856,0.4042534164722333,89.40888184066142,0.43934898013934165,82.2668256464062,0.361438459470496,0.361438459470496,0.25216451096279074,143.33438836832582,0.3088848602112075,117.01397706036926,0.06989846106319152,517.0907255651001,0.0,0.41757557354895464,0.093482484736641,446.68856922807424,0.4428121976798068,94.30082905053565,0.09588885185395953,0.0,0.0,0.0,0.31699821961351793,0.0,0.1341956148837058,0.0
64,1,76.700787,30.725808,0.3689136395697724,0.3689136395697724,1.0,36.891363956977244,1.0,36.891363956977244,1.0,36.891363956977244,0.41958062565323,0.41958062565323,0.36184916270508927,115.9545658518471,0.28351720322045193,147.99124035058307,0.09802504544992605,428.0341046794655,0.444260841276013,0.444260841276013,0.27594597951648053,160.99558401048566,0.1855712011201572,239.4018245257541,0.3046951749681004,145.8050135918707,0.0,0.49077694957057216,0.2815128897119435,174.33551624323738,0.10222563488747614,0.0,0.24389390124098062,201.22559320811285,0.0,0.0,0.2513352680134148,0.0,0.3002348716674759,0.0
210,1,76.720789,30.68214,0.8170720709492799,0.8170720709492799,1.0,81.707207094928,1.0,81.707207094928,1.0,81.707207094928,0.8320099553819313,0.8320099553819313,0.19521203830369357,426.20832332459133,0.3939325661865293,211.2061877585338,0.4286714412167056,194.09036277770758,0.8384463012274848,0.8384463012274848,0.24339744105576566,344.47621864495494,0.3558139534883721,235.64177093321467,0.1622435020519836,516.7826696435845,0.0,0.8384463012274848,0.1390842520318661,602.8333826286711,0.432099460851372,194.04011742469694,0.16778788122636196,0.0,0.0,0.0,0.30757222177516697,0.0,0.268447734771063,0.0
300,1,76.736689,30.682809,0.9295291442478258,0.9295291442478258,0.936280631643216,99.2789034433468,0.936280631643216,99.2789034433468,0.936280631643216,99.2789034433468,0.9295291442478258,0.9295291442478258,0.46018002016669907,201.99250369694587,0.6886280169104247,134.98276593772934,0.6359355775724105,146.16718690219616,0.9298915463562245,0.9298915463562245,0.39210353472280046,237.15459413382132,0.4167938648831164,223.1058623228532,0.2585870359577795,359.60485911909814,0.0,0.9298915463562245,0.3096513381252371,300.30277020154006,0.6183220936363889,150.38950668695617,0.19335053978297673,0.0,0.0,0.0,0.5893394018446054,0.0,0.2815012164774882,0.0
173,1,76.714549,30.716228,0.10178247262040374,0.10178247262040374,1.0,10.178247262040374,1.0,10.178247262040374,1.0,10.178247262040374,0.10178247262040374,0.10178247262040374,0.3698425781489479,27.520485372404192,0.31371293502176384,32.444461562715794,0.1825235179117593,55.76403182718093,0.10178247262040374,0.10178247262040374,0.28621349699938015,35.56173055690108,0.17899497966662806,56.863311367709905,0.30109057716804155,33.80460244811911,0.0,0.1263271222877287,0.29474874491665704,0.0,0.1847986757763806,68.35932225001082,0.2493613890724304,50.660257691713156,0.0,0.0,0.23582624333290192,0.0,0.30075679652323184,0.0
38,1,76.706071,30.686267,0.0,0.9208724005318132,1.0,0.0,1.0,92.08724005318132,1.0,92.08724005318132,0.0,0.0,0.0,,0.20509333662999132,0.0,0.34359418139860715,0.0,0.0,0.0,0.11916731913023172,0.0,0.21586928750978693,0.0,0.14494306396890153,0.0,0.0,0.0,0.14692105877666514,0.0,0.3314240189008393,0.0,0.20012087746047444,0.0,0.0,0.0,0.1362618645348278,0.0,0.2744261754646227,0.0
80,1,76.699339,30.676933,0.8952068376871993,0.8952068376871993,1.0,89.52068376871993,1.0,89.52068376871993,1.0,89.52068376871993,0.0,0.9035406953365791,0.14933264513396727,0.0,0.2601592122764179,347.30297936809995,0.46201338018382865,195.56591520727665,0.0,0.0,0.3096566282201444,0.0,0.3534102263778876,0.0,0.24292114161687148,0.0,0.0,0.0,0.21614753935640127,0.0,0.4648323506640462,0.0,0.2644803102190989,0.0,0.0,0.0,0.36242299115266774,0.0,0.29565441804141107,0.0
77,1,76.6847,30.693087,0.25243694434402075,0.25243694434402075,1.0,25.243694434402077,1.0,25.243694434402077,1.0,25.243694434402077,0.0,0.3195721652199467,0.1715307007585681,186.30610369262646,0.07319629040990622,0.0,0.2634961664076009,121.28152358983552,0.0,0.0,0.28104278370621355,0.0,0.2130627405091663,0.0,0.275209435818619,0.0,0.0,0.0,0.3045741132088653,0.0,0.2659762125155003,0.0,0.3496690361003895,0.0,0.0,0.0,0.17254949904232963,0.0,0.41265405685476597,0.0
286,1,76.696593,30.678177,0.6815027222239293,0.6815027222239293,1.0,68.15027222239293,1.0,68.15027222239293,1.0,68.15027222239293,0.0,0.6984933127833202,0.10181225429091956,0.0,0.182842714226356,382.0186742133996,0.3830792341867229,182.336511731371,0.0,0.0,0.27024003579761563,0.0,0.2781538658228657,0.0,0.2686419279572986,0.0,0.0,0.0,0.33743727426726755,0.0,0.38580240994662324,0.0,0.2909067663885959,0.0,0.0,0.0,0.22087128839454084,0.0,0.35300923706331705,0.0
197,1,76.703663,30.693716,0.5245113895702547,0.5245113895702547,1.0,52.451138957025464,1.0,52.451138957025464,1.0,52.451138957025464,0.0,0.5523859503920676,0.08586878971548212,0.0,0.1706907243303795,323.6180246812358,0.2532189127376261,218.14561338252992,0.0,0.0,0.15359431364312243,0.0,0.135170997446207,0.0,0.16986390883692398,0.0,0.0,0.0,0.16762350556433492,0.0,0.2560594240296587,0.0,0.21927280243777214,0.0,0.0,0.0,0.15287418401979022,0.0,0.3285324691777854,0.0
284,1,76.726352,30.694305,0.25464065476376385,0.25464065476376385,1.0,25.464065476376383,1.0,25.464065476376383,1.0,25.464065476376383,0.31053965928074295,0.31053965928074295,0.24844392148837843,124.99386478057552,0.45900479186917004,67.65499288496665,0.41043808939138143,75.66053621905,0.0,0.367690093804282,0.18569772002523832,198.00463557350568,0.20845483535410378,176.38837361564873,0.08828294196892959,0.0,0.0,0.0,0.14645043570198324,0.0,0.39420371412492966,0.0,0.0,,0.0,0.0,0.36749884892822426,0.0,0.1370201735986767,0.0
63,1,76.697373,30.717857,0.0,0.618254771530296,1.0,61.825477153029595,1.0,61.825477153029595,1.0,0.0,0.0,0.0,0.3059779085271128,0.0,0.2211226773984416,0.0,0.0,,0.0,0.0,0.28356228058372374,0.0,0.13467725165441402,0.0,0.3215618157576054,0.0,0.0,0.0,0.30827757458624355,0.0,0.03075191740773813,0.0,0.29441230076696306,0.0,0.0,0.0,0.19441964012672627,0.0,0.3554390771978324,0.0
216,1,76.69354,30.691212,0.9293759891275858,0.9293759891275858,1.0,92.93759891275857,1.0,92.93759891275857,1.0,92.93759891275857,0.0,0.9334331486666986,0.11041514293394346,0.0,0.08099069194656465,1152.5190441421973,0.2840237796072989,328.6461260241292,0.0,0.0,0.19061818227281538,0.0,0.1809850658565097,0.0,0.22173671148785076,0.0,0.0,0.0,0.18705499190468156,0.0,0.28668679556664106,0.0,0.2354768736442686,0.0,0.0,0.0,0.12540554732479417,0.0,0.37049678375185197,0.0
78,1,76.716714,30.6946,0.7133495858845524,0.7133495858845524,1.0,71.33495858845524,1.0,71.33495858845524,1.0,71.33495858845524,0.0,0.7229496691976567,0.12071688477941739,0.0,0.29252850771917377,247.1381934138486,0.3225633640152227,224.12640425077495,0.0,0.0,0.0,,0.1481427368801876,0.0,0.13382452185649782,0.0,0.0,0.0,0.09763241565959105,0.0,0.3255271927810593,0.0,0.15152400631726884,0.0,0.0,0.0,0.2178553289780357,0.0,0.2209443899452457,0.0
223,1,76.703089,30.729861,0.2799790936602842,0.2799790936602842,1.0,27.997909366028416,1.0,27.997909366028416,1.0,27.997909366028416,0.0,0.30983289739590836,0.41821445534904667,74.08469349470913,0.3326383448582162,93.14407138719127,0.12997723809935044,0.0,0.0,0.0,0.3423106105000833,0.0,0.24263939350946562,0.0,0.3557765262502082,0.0,0.0,0.0,0.347461338695848,0.0,0.15407771122612007,0.0,0.3063603782546742,0.0,0.0,0.0,0.2968546631053648,0.0,0.3754109787617279,0.0
50,1,76.707906,30.702046,0.7482596903836584,0.7482596903836584,1.0,74.82596903836584,1.0,74.82596903836584,1.0,74.82596903836584,0.7482596903836584,0.7482596903836584,0.17792601661078727,420.5454068139313,0.22551856540671386,331.795162422305,0.167951197117458,445.5220940523318,0.0,0.770779175840289,0.16762426788720247,0.0,0.03429974541255686,2247.1862883218746,0.16666434801964358,462.47393938711025,0.0,0.0,0.14345237267149874,0.0,0.17027448143459328,0.0,0.1896467773125026,0.0,0.0,0.0,0.06624142680263212,0.0,0.2590601132427206,0.0
8,1,76.68913,30.720583,0.2063337184057925,0.2063337184057925,1.0,20.63337184057925,1.0,20.63337184057925,1.0,20.63337184057925,0.25075048448374687,0.25075048448374687,0.29353346582522694,85.42483691895168,0.2139395418569785,117.20623607363663,0.07313784967981125,342.8463997526622,0.2611917315820779,0.2611917315820779,0.2841486233627373,91.92081541378677,0.21628720523459202,120.76152692378683,0.32955615215647993,79.25560784495954,0.0,0.3042029665427677,0.30763106818683683,98.8856451774282,0.06284067268691237,0.0,0.35264344571900097,86.26360995382502,0.0,0.0,0.1994525992817545,0.0,0.4155131736457353,0.0
5,1,76.704947,30.690631,0.46077876803272577,0.46077876803272577,1.0,46.077876803272574,1.0,46.077876803272574,1.0,46.077876803272574,0.5004894048336018,0.5004894048336018,0.055014954294620666,909.7333829513686,0.19739668899279667,253.54498466378305,0.3289944816546611,152.12699079826984,0.0,0.547285042899571,0.09958296474156453,0.0,0.19842874594549056,275.8093542807115,0.15444346153306093,354.35947722682744,0.0,0.0,0.12795399974725136,0.0,0.31655363185756213,0.0,0.1823370824381819,0.0,0.0,0.0,0.1170577249813949,0.0,0.2582950699973321,0.0
144,1,76.681708,30.687691,0.4316595462296794,0.4316595462296794,1.0,43.16595462296794,1.0,43.16595462296794,1.0,43.16595462296794,0.0,0.4316595462296794,0.18533211969246802,232.91135230415335,0.11139162244319646,0.0,0.2985213045494359,144.59924288525795,0.0,0.0,0.2587860156513874,0.0,0.24769723095242188,0.0,0.2872836771028332,0.0,0.0,0.0,0.29119366158883914,0.0,0.30096003572225943,0.0,0.33553735094257536,0.0,0.0,0.0,0.20908971210377778,0.0,0.42351486423824003,0.0
243,1,76.708514,30.719551,0.24240973241508024,0.24240973241508024,1.0,24.240973241508023,1.0,24.240973241508023,1.0,24.240973241508023,0.0,0.27817306474146825,0.37628772086057194,73.9256290652496,0.2853731101621162,97.47697131780997,0.11837924264810054,0.0,0.0,0.0,0.2934620548213213,0.0,0.18706443495449548,0.0,0.3081894661566381,0.0,0.0,0.0,0.28340990507802216,0.0,0.14473746348506009,0.0,0.23845858042057114,0.0,0.0,0.0,0.24355211938445762,0.0,0.3525740924392992,0.0
287,1,76.716966,30.691124,0.7602278598896866,0.7602278598896866,1.0,76.02278598896865,1.0,76.02278598896865,1.0,76.02278598896865,0.7732607431669251,0.7732607431669251,0.16005626510441218,483.118072674313,0.34482578019198973,224.24678999824036,0.3771258407966899,205.04050890105754,0.0,0.7868768178319708,0.10499577263510733,0.0,0.15068872378472611,522.186928171283,0.032831286989442814,2396.728517176308,0.0,0.0,0.0,,0.38031319910514544,0.0,0.12851189273716265,0.0,0.0,0.0,0.2645282934165339,0.0,0.24654889901461247,0.0
30,1,76.68811,30.698177,0.0,0.7994103989090426,1.0,79.94103989090426,1.0,0.0,1.0,79.94103989090426,0.0,0.0,0.17547405966658633,0.0,0.0,,0.21244689415262752,0.0,0.0,0.0,0.24706926236492163,0.0,0.17844739950287639,0.0,0.2929856210225703,0.0,0.0,0.0,0.27081484789545124,0.0,0.20203432855992806,0.0,0.31633162728656294,0.0,0.0,0.0,0.16142414751526332,0.0,0.3799058638257364,0.0
37,1,76.720277,30.692391,0.8735786241067772,0.8735786241067772,1.0,87.35786241067773,1.0,87.35786241067773,1.0,87.35786241067773,0.0,0.883876589796726,0.16089535397892746,549.3487337816404,0.3801289968436942,232.52017003064054,0.40083558239177836,0.0,0.0,0.0,0.14664623454248815,0.0,0.17898693258923803,0.0,0.0,,0.0,0.0,0.03345379137886342,0.0,0.38732598386777056,0.0,0.07893813945687145,0.0,0.0,0.0,0.17069210008691277,0.0,0.1344022078892396,0.0
279,1,76.680626,30.706793,0.32235384497472297,0.32235384497472297,1.0,32.235384497472296,1.0,32.235384497472296,1.0,32.235384497472296,0.0,0.32235384497472297,0.22890728092890228,140.82288849293738,0.06890573496689985,0.0,0.18631602776106052,173.01455427555757,0.0,0.0,0.28200555442062314,0.0,0.22704108394021547,0.0,0.3126100807765146,0.0,0.0,0.0,0.31485172568008524,0.0,0.18866809852194988,0.0,0.35761966021963704,0.0,0.0,0.0,0.18990486812391988,0.0,0.4439947658143631,0.0
235,1,76.702839,30.705454,0.18704374855752337,0.18704374855752337,1.0,18.704374855752338,1.0,18.704374855752338,1.0,18.704374855752338,0.18704374855752337,0.18704374855752337,0.19447632211309845,96.17816016118783,0.1377876123027371,135.74786980600567,0.1148166699424934,162.90643915313458,0.0,0.21595838438929416,0.17549977491900254,123.05336829575096,0.07504390664527869,0.0,0.21063777176152826,102.52595371821042,0.0,0.0,0.2086659354176045,0.0,0.11693433341153048,0.0,0.22381927580981606,0.0,0.0,0.0,0.06973706735311087,0.0,0.36151812377552767,0.0
69,1,76.696064,30.715001,0.4625347161331479,0.4625347161331479,1.0,46.25347161331479,1.0,46.25347161331479,1.0,46.25347161331479,0.4951435435961931,0.4951435435961931,0.29453844087990433,168.10829245819357,0.2098561976610757,235.94420804091067,0.030689225811177032,1613.4116469496,0.0,0.5249449648873046,0.2855843648526575,183.81432231352764,0.13644131936814863,0.0,0.31009057838326126,169.28762157955367,0.0,0.0,0.3102492736639078,0.0,0.0,,0.2821907273126785,0.0,0.0,0.0,0.1966234527210137,0.0,0.3430991967577333,0.0
226,1,76.711345,30.704868,0.7694929331919369,0.7694929331919369,1.0,76.94929331919369,1.0,76.94929331919369,1.0,76.94929331919369,0.0,0.7902287628180005,0.2230002979864629,354.36220038861603,0.21545840250876222,0.0,0.15623004554935932,505.811004560154,0.0,0.0,0.15107204177486414,0.0,0.0,,0.16656733784569974,0.0,0.0,0.0,0.14289160387666197,0.0,0.1585997474209981,0.0,0.1734565010713323,0.0,0.0,0.0,0.13931576632185375,0.0,0.2825621159876832,0.0
207,1,76.696883,30.70069,0.9694704332753689,0.9694704332753689,1.0,96.94704332753689,1.0,96.94704332753689,1.0,96.94704332753689,0.9696734434985201,0.9696734434985201,0.21384593489143416,453.4448803017024,0.07611675236839988,1273.9290804281388,0.18877276355603406,513.6723249859552,0.0,0.9700983585126685,0.19532569752547846,0.0,0.11179589993007728,867.7405514150485,0.22961876651382676,422.4821747983098,0.0,0.0,0.2090627262432939,0.0,0.19140878798566893,0.0,0.25699381833707696,0.0,0.0,0.0,0.09210615876787515,0.0,0.376871051377725,0.0
141,1,76.711957,30.701618,0.5371065418185478,0.5371065418185478,1.0,53.71065418185478,1.0,53.71065418185478,1.0,53.71065418185478,0.5531085832097979,0.5531085832097979,0.20091069670469683,275.30071433815675,0.23954653385069785,230.89817845351664,0.17911333758035558,308.8036830097351,0.0,0.5531085832097979,0.11840505009555799,0.0,0.03501621590316789,1579.578400873861,0.13420831644176753,412.1269067925382,0.0,0.0,0.11005820350958476,0.0,0.18153124457056813,0.0,0.1566427289048474,0.0,0.0,0.0,0.16185498349452715,0.0,0.26796779984942376,0.0
12,1,76.714146,30.697422,0.36426986104807546,0.36426986104807546,1.0,36.42698610480755,1.0,36.42698610480755,1.0,36.42698610480755,0.3854714085240317,0.3854714085240317,0.16466416882062437,234.09549951570946,0.27192753763528965,141.75519400356856,0.2312940878516786,166.65856533748587,0.0,0.40939473706053053,0.08425388643490826,0.0,0.08445500525143576,484.74893328311134,0.10376241163807552,394.5501367956867,0.0,0.0,0.07566536808467847,0.0,0.23378200210057432,0.0,0.13205312516294349,0.0,0.0,0.0,0.09842903857756856,0.0,0.20637770113743864,0.0
45,1,76.718126,30.698031,0.2768776481472037,0.2768776481472037,1.0,27.687764814720374,1.0,27.687764814720374,1.0,27.687764814720374,0.34896385349683756,0.34896385349683756,0.16503177109979167,211.45252891082745,0.34813266009742644,100.23875766185755,0.2684046236774399,130.01409912975686,0.0,0.40229037514587956,0.08847713741278702,0.0,0.12224273565110365,329.0914368065744,0.104662974249468,384.36742126877255,0.0,0.0,0.0799208132215228,0.0,0.2708810641279445,0.0,0.13605593493041498,0.0,0.0,0.0,0.17804420520349076,0.0,0.21003773976614692,0.0
277,1,76.698059,30.669402,0.9899602323899452,0.9899602323899452,1.0,98.99602323899452,1.0,98.99602323899452,1.0,98.99602323899452,0.9906940063504245,0.9906940063504245,0.17523914619515354,565.3382978978605,0.2826961447901095,350.44482374741074,0.478401457652999,207.08423657626244,0.0,0.9915315631269783,0.3306793612502967,299.846824240256,0.37310014307069483,265.7548064620022,0.2659831779658298,0.0,0.0,0.0,0.24002514964681426,0.0,0.4811345570261826,0.0,0.2868791982908505,0.0,0.0,0.0,0.38184477791963656,0.0,0.35065151699846664,0.0
260,1,76.732203,30.688969,0.4811401018548175,0.4811401018548175,1.0,48.114010185481746,1.0,48.114010185481746,1.0,48.114010185481746,0.4811401018548175,0.4811401018548175,0.3377030722213286,142.4743040357895,0.5583793541007631,86.16724424377493,0.5074794917162618,94.80976270147069,0.0,0.5291033134327036,0.2719425231891051,194.564390749869,0.2957928976104945,178.87627380743825,0.1429682054581524,0.0,0.0,0.0,0.2308097867853377,0.0,0.4904652118742516,0.0,0.07995103032902615,0.0,0.0,0.0,0.4624685003485068,0.0,0.16510285418118778,0.0
263,1,76.724219,30.700283,0.5325894325515859,0.5325894325515859,1.0,53.258943255158584,1.0,53.258943255158584,1.0,53.258943255158584,0.5513256513687852,0.5513256513687852,0.27720414996073245,198.88795007105182,0.4162030339354359,132.4655532074546,0.3706940023973877,148.72796640981488,0.0,0.5609694748046606,0.2163683710164097,259.2659325249141,0.17486049683792831,0.0,0.20989542429628405,267.2614120509877,0.0,0.0,0.128094903484479,0.0,0.3549539122886785,0.0,0.07301285495804571,0.0,0.0,0.0,0.3274748894308271,0.0,0.21454966312569754,0.0
71,1,76.704309,30.698164,0.7474709381337565,0.7474709381337565,1.0,74.74709381337566,1.0,74.74709381337566,1.0,74.74709381337566,0.7504229533891651,0.7504229533891651,0.1350698155725149,555.5815340447293,0.18702131570527003,401.2499594280306,0.21641125491023713,346.75782167633787,0.766233115708815,0.766233115708815,0.21317747656361694,359.43436804879985,0.13368099287207172,573.1802997918146,0.15242329137364097,502.70080694591405,0.0,0.7894033558627366,0.24069522830475126,327.9680122545886,0.21931144349057438,0.0,0.29342964319510917,269.026451202083,0.0,0.0,0.0,,0.36708490199949617,0.0
128,1,76.734448,30.696438,0.7891712386073383,0.7891712386073383,1.0,78.91712386073382,1.0,78.91712386073382,1.0,78.91712386073382,0.7997700303243416,0.7997700303243416,0.3747467737094838,213.41612161399152,0.6063550420168067,131.89797641728424,0.545046143457383,146.73437101144728,0.8050213424880586,0.8050213424880586,0.2978410114045618,270.2855925353363,0.37351815726290516,215.52401853424084,0.16533801020408165,486.8942970188142,0.0,0.8234026000595304,0.3090486194477791,266.431411837665,0.5271983793517407,156.18458483730763,0.15071653661464587,0.0,0.0,0.0,0.5057022809123649,0.0,0.0,
