Ward,x,y,fill_ratio_0,distance_from_0_0,fill_per_m_0_0_0,distance_from_0_1,fill_per_m_0_0_1,distance_from_0_2,fill_per_m_0_0_2,fill_ratio_1,distance_from_26_0,fill_per_m_1_26_0,distance_from_87_1,fill_per_m_1_87_1,distance_from_139_2,fill_per_m_1_139_2,fill_ratio_2,distance_from_27_0,fill_per_m_2_27_0,distance_from_88_1,fill_per_m_2_88_1,distance_from_145_2,fill_per_m_2_145_2,fill_ratio_3,distance_from_35_0,fill_per_m_3_35_0,distance_from_74_1,fill_per_m_3_74_1,distance_from_133_2,fill_per_m_3_133_2,fill_ratio_4,distance_from_60_0,fill_per_m_4_60_0,distance_from_75_1,fill_per_m_4_75_1,distance_from_152_2,fill_per_m_4_152_2,fill_ratio_5,distance_from_98_1,fill_per_m_5_98_1,distance_from_156_2,fill_per_m_5_156_2,fill_ratio_6,distance_from_83_1,fill_per_m_6_83_1,fill_ratio_7,distance_from_90_1,fill_per_m_7_90_1,fill_ratio_8,distance_from_43_1,fill_per_m_8_43_1
0,76.77424,30.748268,0.3745401188473625,1.0,37.454011884736246,1.0,37.454011884736246,1.0,37.454011884736246,0.40723496018134686,0.6108104643390198,66.67124811328023,0.5092712139109414,79.96426050747921,0.42716259648930033,95.33488267190721,0.4627269423795306,0.49945517310844345,92.64634091177223,0.1725498814200295,268.16995675189,0.7521449697369265,61.520978135554905,0.0,0.07612925674623887,0.0,0.7648545449550861,66.30414615503233,0.11543004697415048,439.3399194180307,0.0,0.5365766557701288,0.0,0.3426457526394345,0.0,0.5678652858280911,0.0,0.0,0.15038137882408958,0.0,0.8322665714364201,0.0,0.0,0.415350383210175,0.0,0.0,0.695574540559844,0.0,0.0,0.7172302649049072,0.0
0,76.774077,30.720803,0.9507143064099162,0.7962882048369125,119.39324237568377,0.7962882048369125,119.39324237568377,0.7962882048369125,119.39324237568377,0.9508395863391199,0.5069582504970179,187.55776938375578,0.3858169663338649,246.44836005379693,0.6709195377187425,141.72185081569697,0.9536420306324798,0.4930089790924781,193.432994341792,0.8460773818626701,112.7133346282112,0.5561684836038713,171.46639170437197,0.9577934944719327,0.7310532409935988,131.01555957404193,0.4035239114761977,237.35730826162683,0.6371987853101173,150.31313878066882,0.0,0.5372818036833942,0.0,0.5476372534026609,174.89560626506474,0.477748891267778,200.4805268998709,0.0,0.7901164441919909,0.0,0.48394249885303564,0.0,0.0,0.2840757651890852,0.0,0.0,0.4467371594608175,0.0,0.0,0.3467000196622463,0.0
0,76.813366,30.729052,0.7319939418114051,0.8434704597462035,86.78358955589965,0.8434704597462035,86.78358955589965,0.8434704597462035,86.78358955589965,0.732836263028203,0.3644684834616185,201.06985824067192,0.26798158934886623,273.465152889356,0.3966871229457042,184.73911065888285,0.0,0.1367666944039942,0.0,0.7681246099438319,97.54498374657639,0.5334148117328896,140.4661080724477,0.0,0.8477610775951737,0.0,0.7565009361348034,0.0,0.9355627210318287,0.0,0.0,0.201984085708342,0.0,0.6535131058872478,0.0,0.26889172040773873,0.0,0.0,0.9656360515914292,0.0,0.8522207197836489,0.0,0.0,0.8506084876222176,0.0,0.0,0.6581287705429583,0.0,0.0,0.6888781984605784,0.0
0,76.784379,30.732329,0.5986584841970366,1.0,59.86584841970366,1.0,59.86584841970366,1.0,59.86584841970366,0.6112748947917267,0.4392170786915805,139.17375358278488,0.3161754915449825,193.33405375753492,0.3661066974390839,166.966324043672,0.6112748947917267,0.4250477120411877,143.81324201375617,0.4430118503395322,137.98161252870202,0.6104811149083484,100.1300252970966,0.6116961815129156,0.506879410589854,120.67883775375422,0.6258821179707958,97.73344915111599,0.4115551906262483,148.63041347677336,0.0,0.4700301806400072,0.0,0.15973547556699658,393.0271462607338,0.4095468465669522,153.29230012380177,0.0,0.5668745284274999,0.0,0.7075695708135458,0.0,0.0,0.33905507966801296,0.0,0.0,0.5419311171275133,0.0,0.0,0.5681727397807466,0.0
0,76.782044,30.751951,0.15601864044243652,1.0,15.601864044243651,1.0,15.601864044243651,1.0,15.601864044243651,0.23261555909773732,0.5546093711588574,41.94223379451498,0.4502876247603127,51.65932757347222,0.33122572397856337,70.22871179920554,0.2723913701459583,0.40885982595014503,66.62219001657864,0.25686611927823394,106.0441022394657,0.6823835980136683,39.91763151090602,0.0,0.2684301096415753,0.0,0.851103790746841,32.004483249561815,0.3324647229460642,81.93090915999181,0.0,0.4487241260632283,0.0,0.28300309749741875,0.0,0.482314764737696,0.0,0.0,0.3575790353508039,0.0,0.9234967304193913,0.0,0.0,0.4727076060769949,0.0,0.0,0.776704852745956,0.0,0.0,0.7999508333743055,0.0
0,76.783378,30.716465,0.15599452033620265,0.7479769647023781,20.855524661548003,0.7479769647023781,20.855524661548003,0.7479769647023781,20.855524661548003,0.19063106391645443,0.3898128382068213,48.903228737508165,0.3021769349153552,63.08590825102299,0.6260983964652733,30.447460813298513,0.19063106391645443,0.423956213076503,44.96480014601296,0.8251253537208956,23.103285222882235,0.4326689172417217,44.059338750685775,0.21647531782980653,0.6944223799831207,31.173436235604672,0.4166956262721541,51.95046556318333,0.587797249664896,36.82822911356244,0.0,0.4742714590676662,0.0,0.4860249218090652,45.448796394466484,0.3566375415777193,61.93752799051009,0.0,0.761530060070496,0.0,0.5080673186714988,0.0,0.0,0.33188949014545993,0.0,0.0,0.35169786029886313,0.0,0.0,0.35214466564066926,0.0
0,76.795277,30.745213,0.05808361216819946,1.0,5.8083612168199465,1.0,5.8083612168199465,1.0,5.8083612168199465,0.07963448632644061,0.5429733645380587,14.666370678088535,0.42474088933467063,18.748956911396718,0.15658085367212748,50.85838048449478,0.0,0.3416471637133623,0.0,0.3886437089044913,36.99671655092772,0.6877967235038449,20.905219007720888,0.0,0.4017496935250195,0.0,0.8803298785244622,0.0,0.4743229689067202,0.0,0.0,0.2974813328875516,0.0,0.23995319291206954,0.0,0.4610498161150117,0.0,0.0,0.5027861361863368,0.0,0.962376016939708,0.0,0.0,0.45495375013930683,0.0,0.0,0.7960102529811658,0.0,0.0,0.8223559567591664,0.0
0,76.801987,30.752503,0.8661761457749352,0.9591201326270673,90.3094530403032,0.9591201326270673,90.3094530403032,0.9591201326270673,90.3094530403032,0.8700537113945584,0.5905240386559379,147.33586686408972,0.4992620597630504,174.26794093015712,0.12480287897780114,697.1423404017115,0.0,0.29266911972827625,0.0,0.2651025029315434,329.95733944812525,0.7218875096033318,121.17194907056356,0.0,0.4243459625571146,0.0,0.8953236828272209,0.0,0.4901742752011645,0.0,0.0,0.25260806275524644,0.0,0.34345558206299787,0.0,0.5162144676721524,0.0,0.0,0.4977356354373054,0.0,0.9697444502850674,0.0,0.0,0.5384840887954389,0.0,0.0,0.8188407262140633,0.0,0.0,0.8427479681371558,0.0
0,76.80957,30.744244,0.6011150117432088,0.9656761427167689,62.24809593535902,0.9656761427167689,62.24809593535902,0.9656761427167689,62.24809593535902,0.0,0.5424841030506331,0.0,0.4405290324037995,144.8711000894768,0.08641389670088888,738.537758187159,0.0,0.20969290369215826,0.0,0.4288957408599601,0.0,0.6892555822857724,0.0,0.0,0.5993516981217317,0.0,0.8830345949242707,0.0,0.6729012073775399,0.0,0.0,0.16494426185070987,0.0,0.4353674651848338,0.0,0.4594585436926101,0.0,0.0,0.6831001027795661,0.0,0.9661956877760084,0.0,0.0,0.6239058493996996,0.0,0.0,0.7975920215950034,0.0,0.0,0.8242921198567863,0.0
0,76.804139,30.741704,0.7080725777960455,1.0,70.80725777960456,1.0,70.80725777960456,1.0,70.80725777960456,0.0,0.5223349493879337,0.0,0.40016352476478917,176.9458068953789,0.07013139560325667,1009.6370843690512,0.0,0.2613632437785736,0.0,0.39558022501928897,0.0,0.6719831408270668,0.0,0.0,0.5156212213687713,0.0,0.8695602105093451,0.0,0.6487557147298962,0.0,0.0,0.21573753123668482,0.0,0.3484229072860647,0.0,0.43768209403825553,0.0,0.0,0.6200237226067229,0.0,0.9543397399725924,0.0,0.0,0.5735112912698503,0.0,0.0,0.7824314520308162,0.0,0.0,0.8096663864481729,0.0
0,76.778147,30.738008,0.020584494295802447,1.0,2.0584494295802447,1.0,2.0584494295802447,1.0,2.0584494295802447,0.0,0.526259533485498,0.0,0.402794633413127,26.30042383190009,0.42557479262929354,24.892615256956535,0.0,0.5120414184713021,0.0,0.3560318432333129,0.0,0.6981239213939765,0.0,0.0,0.41038801981851586,0.0,0.713566776150977,0.0,0.3147247119078105,0.0,0.0,0.5571786449924846,0.0,0.20018927796025163,0.0,0.4964983577353449,0.0,0.0,0.47058954517619556,0.0,0.795535266937594,0.0,0.0,0.28859321939542393,0.0,0.0,0.6293269498413405,0.0,0.0,0.6556588543116406,0.0
0,76.806562,30.739112,0.9699098521619943,0.951190204395525,101.96802360663139,0.951190204395525,101.96802360663139,0.951190204395525,101.96802360663139,0.0,0.5132598743105706,0.0,0.4047776402590692,239.61547172942272,0.1546484661323464,627.1706900293188,0.0,0.08952067386837456,0.0,0.4979272058735175,0.0,0.6694103651722522,0.0,0.0,0.5897189411326468,0.0,0.8755722714218767,0.0,0.6722702202569063,0.0,0.0,0.11158241309284916,0.0,0.4101849292846757,0.0,0.4249288040278295,0.0,0.0,0.6986577907018661,0.0,0.9640355198807993,0.0,0.0,0.5937563836050996,0.0,0.0,0.784657718604679,0.0,0.0,0.8130760264837,0.0
0,76.801829,30.716223,0.0,0.7981855617037704,0.0,0.7981855617037704,104.29186905154332,0.7981855617037704,104.29186905154332,0.0,0.0,,0.19431218633380518,0.0,0.6123278857289923,0.0,0.0,0.42457856131771976,0.0,0.8387980954832068,0.0,0.2881353751125981,0.0,0.0,0.8539312829751641,0.0,0.48607643803886247,0.0,0.7846480504439584,0.0,0.0,0.41962424398404324,0.0,0.5129326984944023,0.0,0.19316690258653968,0.0,0.0,0.9647921760391197,0.0,0.5808132801441256,0.0,0.0,0.7002831038476386,0.0,0.0,0.38871445116458625,0.0,0.0,0.4191481147857418,0.0
0,76.807766,30.733979,0.21233911067827616,1.0,21.233911067827616,1.0,21.233911067827616,1.0,21.233911067827616,0.0,0.4382488111999575,0.0,0.30888877082060406,91.50300005392593,0.2489971575060436,113.51233683207339,0.0,0.0,,0.6284568180006906,0.0,0.6224131976728741,0.0,0.0,0.7238131923598012,0.0,0.8503041734186967,0.0,0.815384002337752,0.0,0.0,0.08632415057248359,0.0,0.5253699226947905,0.0,0.35216374890417873,0.0,0.0,0.8442339877268017,0.0,0.9481045612730121,0.0,0.0,0.7285949578938979,0.0,0.0,0.7498074011104322,0.0,0.0,0.7812209441330393,0.0
0,76.79506,30.736182,0.18182496720710062,1.0,18.182496720710063,1.0,18.182496720710063,1.0,18.182496720710063,0.2478877047500667,0.48211552355411874,51.4166610779627,0.29379278253309327,84.37501514256711,0.2408189755458408,102.9352874657007,0.0,0.3368110404956957,0.0,0.4596083905808016,67.17909392237111,0.5828343313373254,52.975731830161244,0.0,0.47400903714044307,0.0,0.7929294784663802,0.0,0.5581352632158995,0.0,0.0,0.2918457563400806,0.0,0.2910498022360188,0.0,0.33368845131822245,0.0,0.0,0.585026266485434,0.0,0.8830804648371967,0.0,0.0,0.4781235075860549,0.0,0.0,0.7002804207535848,0.0,0.0,0.7292409046936801,0.0
0,76.805758,30.701109,0.18340450985343382,0.3365490967186924,54.49561791774296,0.3365490967186924,54.49561791774296,0.3365490967186924,54.49561791774296,0.18340450985343382,0.284748678874278,64.40925751736688,0.3775347179550203,48.579508355383815,0.6914710581295318,26.523815812270342,0.18340450985343382,0.5353221908156159,34.260584186506264,0.8717176682643071,21.039439319684075,0.05542583261644341,330.9007753164946,0.18340450985343382,0.8513682356314777,21.54232471656625,0.3554340256441768,51.600155477809864,0.7633751177747736,24.025476542653767,0.0,0.5381078202449716,0.0,0.6794068247921019,26.99479945753496,0.3766232436196797,48.697076710071215,0.0,0.9067428618245872,0.0,0.43083036336078,0.0,0.0,0.5891094178853796,0.0,0.0,0.09245831797140633,0.0,0.0,0.3021691040924174,0.0
0,76.778559,30.751855,0.3042422429595377,1.0,30.42422429595377,1.0,30.42422429595377,1.0,30.42422429595377,0.311899190976274,0.5965872823223741,52.280563166235076,0.45349767600758784,68.77635927974532,0.3446521203621292,90.496814773273,0.0,0.4899083888484325,0.0,0.0946678533861963,329.46684626288635,0.665704704623711,46.85248411344407,0.0,0.0,,0.8199602628763564,0.0,0.18514622722082874,0.0,0.0,0.4520682183923546,0.0,0.30056369177657305,0.0,0.48278807167066734,0.0,0.0,0.1867465005259325,0.0,0.886146847551492,0.0,0.0,0.4796144959588604,0.0,0.0,0.7519396571099782,0.0,0.0,0.7731927250496713,0.0
0,76.764835,30.753958,0.5247564316322378,1.0,52.475643163223786,1.0,52.475643163223786,1.0,52.475643163223786,0.5450544545866784,0.6421202724641167,84.88354564714938,0.5497298550923818,99.14950944315774,0.4933215368625396,110.48665299576285,0.0,0.5686528831204528,0.0,0.22998823216141695,236.9923232437965,0.7775620817907729,70.09786965580739,0.0,0.20112696381174894,0.0,0.7894845343114097,0.0,0.18028844089023272,0.0,0.0,0.5959508327678472,0.0,0.39342375385461137,0.0,0.6220204605777407,0.0,0.0,0.05705254296979016,0.0,0.8527216347847001,0.0,0.0,0.45716764445666086,0.0,0.0,0.7244951425454608,0.0,0.0,0.7448096960118193,0.0
0,76.786779,30.705302,0.43194501864211576,0.4186600414758844,103.17321355040198,0.4186600414758844,103.17321355040198,0.4186600414758844,103.17321355040198,0.43194501864211576,0.33439418516313163,129.17240723889822,0.35722645422253246,120.91630212051365,0.6907172042789972,62.535726049128904,0.460433901585037,0.6038129068024557,76.25439873806361,0.8620824179208674,53.409499139942014,0.42907007781861484,107.30972057661893,0.460433901585037,0.8829332895304189,52.148209501752405,0.28560868940311684,161.21144722427073,0.6657700757653532,69.15809501587066,0.460433901585037,0.536989507833193,85.74355641378067,0.5873868139539659,78.38682970862905,0.3563127528078352,129.22184175466654,0.4735167879477272,0.8057922509906986,58.76412777183596,0.21056197770157895,224.88238053065004,0.5153862768265444,0.3205860008623698,160.7638123436974,0.0,0.32623247027903823,0.0,0.0,0.0,
0,76.801385,30.731702,0.2912291401980419,1.0,29.122914019804192,1.0,29.122914019804192,1.0,29.122914019804192,0.2912291401980419,0.4144085515293336,70.27585196379025,0.2876725606125642,101.23632910205423,0.36440924384874207,79.91815386519791,0.0,0.1228036166765899,0.0,0.5829052491657551,57.86475419230438,0.6145027069688871,54.88937408714804,0.0,0.4994946068318079,0.0,0.8520651887955026,0.0,0.694327134766896,0.0,0.0,0.2251699644147824,0.0,0.39232356239874827,0.0,0.3327840932692707,0.0,0.0,0.7247199567992689,0.0,0.9540161448886058,0.0,0.0,0.6038548344664294,0.0,0.0,0.747317262292131,0.0,0.0,0.6819900029077415,0.0
0,76.787096,30.696067,0.6118528947223795,0.42927435925164914,142.53189866476492,0.42927435925164914,142.53189866476492,0.42927435925164914,142.53189866476492,0.631677403424763,0.3553044230561263,177.7848409517207,0.44026891604484336,143.47535799243747,0.7285065426624852,86.70854226183899,0.6609882456589874,0.5918045492231715,111.69029479861712,0.8871165423020079,74.5097418591437,0.359612126455427,183.8058833482956,0.6824082698345493,0.8368209509390434,81.54770373145902,0.06386756065030101,1068.473984110638,0.7197379330233229,94.8134367419031,0.6824082698345493,0.5935528639919253,114.97009133188729,0.6458491042139793,105.66063580208316,0.4394668541148481,155.2809417695497,0.6943905028469914,0.8458959662593274,82.08935029181961,0.13023142640856494,533.197341069224,0.6993919838875204,0.4147651490573519,168.6236139842144,0.0,0.2713222306333586,0.0,0.0,0.2656086658736167,0.0
0,76.794879,30.751573,0.13949386065204183,0.9956059830860444,14.010950418322887,0.9956059830860444,14.010950418322887,0.9956059830860444,14.010950418322887,0.15860637410276143,0.6217834893309657,25.50829618737877,0.4872041813384697,32.554395093045116,0.24197189033015318,65.54743771532902,0.15860637410276143,0.3324806131559675,47.70394658420543,0.15838524894413178,100.13961221774362,0.7239995585919081,21.90697110523544,0.0,0.27930097009460175,0.0,0.8961186183926726,20.452308185116518,0.3670007323361523,49.93912147565039,0.0,0.36881652471383713,0.0,0.3165397618402705,0.0,0.5198884441367964,0.0,0.0,0.3926224656654728,0.0,0.9699742177546372,0.0,0.0,0.5100771460960464,0.0,0.0,0.82021649060503,0.0,0.0,0.8193738024297509,0.0
0,76.766896,30.748096,0.29214464853521815,0.9822726145747908,29.74170756676166,0.9822726145747908,29.74170756676166,0.9822726145747908,29.74170756676166,0.31604291911659393,0.5849655751149085,54.027609924654385,0.5856521656208876,53.96427054641495,0.6027024965193676,52.437632321378324,0.3417311811083126,0.5888943985657887,58.029280281927456,0.31034844468178435,110.11209721341007,0.8385940152194229,40.75049128735991,0.3860009740847819,0.19988366105315353,193.1128197527539,0.765376766540156,50.43280524828031,0.17550969809089695,219.93142161572803,0.3860009740847819,0.7178780538973547,53.769713670613754,0.41213548719317983,93.65875690870854,0.6659069669864398,57.96620146979814,0.40577660347834765,0.12998493315278545,312.1720292007953,0.8355806457765147,48.56223101018033,0.0,0.39097514923807525,0.0,0.0,0.7796807354147197,0.0,0.0,0.6219174947075315,0.0
0,76.773296,30.7083,0.3663618432936917,0.603833663031175,60.67264310084961,0.603833663031175,60.67264310084961,0.603833663031175,60.67264310084961,0.3663618432936917,0.45380880346129837,80.73043988996474,0.4352646221874306,84.16991058279291,0.6827072600522579,53.66309467188741,0.40300387955375966,0.508626799674181,79.23370923669735,0.8430144608646899,47.805096859239384,0.5092932477176798,79.13002604290558,0.4502608413668473,0.7976007870434038,56.45190534927908,0.22783002401328661,197.6301601673838,0.6407316118521966,70.27292442544774,0.0,0.5850990680305931,84.17977702250857,0.5599644561043466,0.0,0.4343231320942336,113.40291465803514,0.0,0.7850123239995346,0.0,0.2502565296040452,0.0,0.0,0.28503877035046704,0.0,0.0,0.40331743026097255,0.0,0.0,0.206387322677217,0.0
0,76.788215,30.721767,0.45606998421703593,0.9100764003322939,50.11337334431618,0.9100764003322939,50.11337334431618,0.9100764003322939,50.11337334431618,0.48428856332432824,0.4593689141892168,105.42475739332393,0.374511432812649,129.31209060488035,0.5818545806152883,83.23188979834312,0.5082999856087719,0.464993394980185,109.31337758688643,0.7979000122567378,63.70472212064809,0.5685083550096012,89.40941344656008,0.5127845898269328,0.8369990058423784,61.26465936609476,0.5769382668972749,88.88032208101653,0.5374851897751569,95.40441291813882,0.5127845898269328,0.5633469065355651,91.02465707683082,0.42582630840676033,120.421068333126,0.48911193125331953,104.83992662230779,0.5287407655041284,0.7281319369731306,72.6160656682801,0.6771983821106103,78.07767701042239,0.0,0.38013591360361715,0.0,0.0,0.479660624548884,0.0,0.0,0.39839845292731757,0.0
0,76.77055,30.741327,0.7851759613930136,1.0,78.51759613930136,1.0,78.51759613930136,1.0,78.51759613930136,0.7929875993670309,0.5767660145060035,137.48861399994587,0.4720241360394953,167.99725667008687,0.48957761930883154,161.97382561861036,0.7989193586153762,0.5809613782735011,137.51677624244175,0.2900489628410638,275.4429289420196,0.741472135876963,107.74772509427727,0.8000767538535213,0.23430040023567175,341.47477044373875,0.755561650515024,105.8916573264609,0.09580260457934621,835.1304824816917,0.8000767538535213,0.6128786493569818,130.5440733973917,0.2871741736250787,278.6033102329266,0.5575161008512627,143.5073807970562,0.0,0.23799800897990694,0.0,0.8303468031937588,98.49865877516037,0.0,0.3025131549541862,0.0,0.0,0.6787042116169927,0.0,0.0,0.6161394526726397,0.0
0,76.812959,30.734825,0.19967378215835974,0.9281492009936105,21.513112541022842,0.9281492009936105,21.513112541022842,0.9281492009936105,21.513112541022842,0.19967378215835974,0.43316374649645994,46.09660521531933,0.345465655344642,57.798446551557205,0.19892137458322817,100.37824370392975,0.20211479712605415,0.08632988403448412,234.11915744647612,0.5784062379617699,34.94339857714554,0.6166496194258843,32.77627858008376,0.0,0.6679507445437759,0.0,0.8445690147580398,28.102364442103514,0.8650124201325698,27.438202847539756,0.0,0.0,,0.5798142957718414,0.0,0.3463822212776132,0.0,0.0,0.8941698436524488,0.0,0.9423626147367861,0.0,0.0,0.7782043277852313,0.0,0.0,0.7440655676731179,0.0,0.0,0.694810111449104,0.0
0,76.770598,30.733668,0.5142344384136116,1.0,51.42344384136116,1.0,51.42344384136116,1.0,51.42344384136116,0.5142344384136116,0.6482205332368199,79.33016805960109,0.5297020147183014,97.07994761679065,0.5543973941368078,92.75556556579247,0.5541935407446232,0.6532030401737242,84.84246193912865,0.4979611533357462,111.29252493536636,0.8748582458680179,63.34666711574089,0.5541935407446232,0.4478465436120159,123.74630298023227,0.7062733743515502,78.46728488858074,0.26726987573893113,207.3535370241122,0.5742790893147101,0.6982145011460973,82.24966516336296,0.3101701049583786,185.14972272771806,0.6312341657618531,90.97718730442887,0.0,0.43615635179153095,0.0,0.7950898781517673,75.8643659874439,0.0,0.23260948244661597,0.0,0.0,0.7539992761491132,0.0,0.0,0.546724574737604,0.0
0,76.786832,30.700819,0.5924145688620425,0.42064000292740045,140.8364788748561,0.42064000292740045,140.8364788748561,0.42064000292740045,140.8364788748561,0.6126816935277278,0.34555218091334894,177.3051155134699,0.43180986533957844,141.8869142894432,0.7244035421545667,84.57740166557596,0.0,0.5856264637002342,105.46022389142651,0.8854014197892272,0.0,0.34993413348946134,176.49120811025722,0.0,0.8343548741217798,0.0,0.0,,0.7155024151053864,0.0,0.0,0.5816378805620609,0.0,0.6404877781030445,0.0,0.4309956820843091,0.0,0.0,0.8435578893442622,0.0,0.1439640661592506,0.0,0.0,0.40592066744730676,0.0,0.0,0.26030993852459017,0.0,0.0,0.2545008782201405,0.0
0,76.780351,30.73344,0.046450412719997725,1.0,4.645041271999773,1.0,4.645041271999773,1.0,4.645041271999773,0.07361136630542434,0.4220669207962728,17.440685985660497,0.311573485811097,23.62568371753364,0.4149936467598475,17.7379501783126,0.14494269386628972,0.4188161795849217,34.60771119442874,0.5820944515036002,24.90020193318975,0.5924396442185514,24.465394117484184,0.0,0.35400254129606096,43.77160516118133,0.7413490046590427,0.0,0.40259423972892844,38.488527491349885,0.0,0.4621876323591698,0.0,0.0,,0.4006882676831851,0.0,0.0,0.5508259212198221,0.0,0.6850910631088521,0.0,0.0,0.33340745446844555,0.0,0.0,0.527011859381618,0.0,0.0,0.6058343922066921,0.0
0,76.771895,30.70311,0.6075448519014384,0.6911546201734095,87.9028851386404,0.6911546201734095,87.9028851386404,0.6911546201734095,87.9028851386404,0.6314675179982066,0.4662491301322199,135.43564527812282,0.3994526885967387,158.083181319051,0.7049314450149524,89.57857142900079,0.6544230553050919,0.5406533882525532,121.04299529505472,0.8604449961443699,76.05634970713334,0.4717598600688372,138.71952887420335,0.0,0.7943538528089676,85.69721222400399,0.337508698677801,0.0,0.6806221670522298,100.0171813385876,0.0,0.5770655833286313,0.0,0.47612330493332583,0.0,0.398615734732645,0.0,0.0,0.808882995730595,0.0,0.12924824615847583,0.0,0.0,0.36443228196881644,0.0,0.0,0.3796291071865185,0.0,0.0,0.24629953544358554,0.0
0,76.767487,30.724379,0.17052412368729153,0.9633280591455816,17.701563041622286,0.9633280591455816,17.701563041622286,0.9633280591455816,17.701563041622286,0.1747941619177484,0.7619894422896509,22.93918422183399,0.6723329179327052,25.998156159779732,0.7009955612809275,24.93513105822631,0.17905896772079583,0.7680664267611353,23.312953343875584,0.7922063374266631,22.602566940127748,0.8978954590643684,19.942072978894466,0.18736054313310374,0.7469930128680847,25.081967288252358,0.6213086520016242,30.155791735637045,0.524454961703796,35.72481086353456,0.264890493994587,0.8203088900401865,32.29155470710675,0.440889424086702,60.08093628993368,0.7901760085133792,33.52297350725017,0.0,0.7154318999677948,0.0,0.6881134743828501,43.8200188025269,0.0,0.0,,0.0,0.7576207345589986,0.0,0.0,0.4372488343111584,0.0
0,76.804076,30.697282,0.06505159298527952,0.28439924350611756,22.873335450303415,0.28439924350611756,22.873335450303415,0.28439924350611756,22.873335450303415,0.0,0.3498012273727276,42.87285337295693,0.4411594426647111,0.0,0.709309506349145,21.143064623540127,0.0,0.5621888146975954,0.0,0.8791346636303987,0.0,0.11003898259292139,0.0,0.0,0.8245300860704774,0.0,0.3086765216720059,0.0,0.7403990891196109,0.0,0.0,0.5579721332355553,0.0,0.5385869774981666,0.0,0.44030066772164117,0.0,0.0,0.8754679840981898,0.0,0.37322937975220966,0.0,0.0,0.5583291520321124,0.0,0.0,0.10827318692346288,0.0,0.0,0.34285383457485813,0.0
0,76.800424,30.724398,0.0,1.0,94.88855372533332,1.0,0.0,1.0,94.88855372533332,0.0,0.2108114145306305,0.0,0.0,,0.4783324956720835,0.0,0.0,0.3246635393980008,0.0,0.6986513653878371,0.0,0.4386552744736695,0.0,0.0,0.7042357737197744,0.0,0.658988105210253,0.0,0.7183084827162562,0.0,0.0,0.3630842687217289,0.0,0.41080303791813255,0.0,0.05002233763332775,0.0,0.0,0.8416261797062601,0.0,0.7503350644999162,0.0,0.0,0.6703523761657453,0.0,0.0,0.5419249455520188,0.0,0.0,0.4857876807952197,0.0
0,76.785954,30.75735,0.9656320330745594,1.0,96.56320330745594,1.0,96.56320330745594,1.0,96.56320330745594,0.0,0.6064945336124681,159.29739737919178,0.46562456385205864,0.0,0.28858804373110025,334.7782516561729,0.0,0.44023261223540355,0.0,0.0,,0.736682949523145,0.0,0.0,0.09797627355198883,0.0,0.9005350081414283,0.0,0.23933007676203766,0.0,0.0,0.40514538264712724,0.0,0.511495696673645,0.0,0.5473738078622935,0.0,0.0,0.2299418469411491,0.0,0.9648290300069784,0.0,0.0,0.5264200976971388,0.0,0.0,0.8259316120027914,0.0,0.0,0.7813165852523843,0.0
0,76.80172,30.703948,0.8083973481164611,0.34862034476672354,231.8847308401905,0.34862034476672354,231.8847308401905,0.34862034476672354,231.8847308401905,0.8272826722002417,0.2961993292934047,279.2993063737711,0.3806259928222627,217.3479183768067,0.7045949285167971,117.41252153797184,0.8366203775521611,0.5535290541468102,151.14299263689017,0.8704183091133729,96.1170472625238,0.11419662293345882,732.6139390651256,0.8480727847566992,0.8201349257712144,103.40649545673395,0.2790198270282991,303.9471401688902,0.6950540291423977,122.01537566843629,0.8515464912292549,0.5492537898844894,155.03698052012334,0.488037104587084,174.48396509722906,0.39009825263281755,218.2902603336648,0.8595200263009233,0.83232335117962,103.26756122878908,0.34466866701967014,249.37573633633215,0.0,0.5305544115628248,0.0,0.0,0.0,,0.0,0.31159420289855067,0.0
0,76.771048,30.761639,0.3046137691733707,0.986910614286325,30.86538585803429,0.986910614286325,30.86538585803429,0.986910614286325,30.86538585803429,0.3513531496648874,0.6253323643825076,56.18662485378245,0.49589193348437566,70.85276568144815,0.5015089984183302,70.05919151460742,0.39845083533236997,0.523883212926944,76.05718707920009,0.1917667678365323,207.77887630249955,0.8068225537553969,49.38518804138037,0.44788975854635027,0.15807292779891421,283.3437482198813,0.8955157525755567,50.01472696132844,0.24296156970033772,184.34592725868765,0.4820172517552031,0.5559868336681913,86.69580331157037,0.5380412944043089,89.58740839564504,0.6328816312572138,76.16230712806123,0.5206297305040186,0.10679263027401359,487.5146619838487,0.9122643525841063,57.07005091553428,0.5597750798409944,0.5499764886931988,101.78163818803928,0.5597750798409944,0.8328559825588852,67.21150974039102,0.0,0.7842004018296072,0.0
0,76.770566,30.75625,0.09767211400638387,1.0,9.767211400638388,1.0,9.767211400638388,1.0,9.767211400638388,0.11911481227672156,0.6427922289476843,18.530841990999882,0.5168469966906154,23.04643599351777,0.46766062518218765,25.470353042939575,0.11911481227672156,0.5449253245083078,21.858923951497427,0.21187777568202476,56.218643929641274,0.7649308115708432,15.571972062690259,0.12628070586740153,0.17808947341346731,70.90857390218554,0.7905742553884669,15.973288404812852,0.1687700406385569,74.82412482073649,0.0,0.5771189492275245,23.60041235515047,0.44599530170270413,0.0,0.6096726624256247,22.340258993328717,0.0,0.0,,0.839949244671548,0.0,0.0,0.43805620809684664,0.0,0.0,0.7277388158233167,0.0,0.0,0.6729282052161388,0.0
0,76.779344,30.723923,0.6842330265121569,0.9272729752212632,73.78981646142412,0.9272729752212632,73.78981646142412,0.9272729752212632,73.78981646142412,0.6958464031840206,0.5277175469459559,131.8596296846811,0.3978371449222,174.90734891537048,0.5812843486206003,119.70843612687634,0.7056692404700289,0.5333496979366963,132.30892286992264,0.7985244582634429,88.37165013137519,0.5850482073940734,120.61728102940896,0.734709078122287,0.7285794160564034,100.84131694236734,0.5941578365994354,123.65553946528307,0.5368544504902563,136.8544262697924,0.7485123690855711,0.5861528181210708,127.69918457185763,0.2624746007718638,285.1751624288245,0.5055435093891912,148.06091962093237,0.7517208558957112,0.716196866178456,104.96008728812333,0.6938864569270002,108.33485052076689,0.7610795999269608,0.30117688772518375,252.70186091484769,0.7830803910268561,0.49984317255110533,156.66521701800215,0.7882470425997353,0.41489724392805033,189.98608791347615
0,76.808811,30.708145,0.4401524937396013,0.44747940910194983,98.36262513686317,0.44747940910194983,98.36262513686317,0.44747940910194983,98.36262513686317,0.47562049661073713,0.20530174222182968,231.66900166722723,0.3049771457592687,155.9528322775256,0.6437719433833109,73.88027724711607,0.4898223847525974,0.4754344513878155,103.02627067154742,0.8322366241967893,58.85614385516092,0.05292909665025283,925.4312197868534,0.5087317174226738,0.775608894384702,65.591269144258,0.4752578002517279,107.04331778525588,0.8069423896482435,63.04436648128454,0.0,0.47062070792942795,113.52787741925341,0.5758054187735995,92.78927967467062,0.30434782608695654,0.0,0.0,0.9431293748757922,0.0,0.5491200565283636,0.0,0.0,0.7609026873054078,0.0,0.0,0.18149800163402302,0.0,0.0,0.5143639455031246,0.0
0,76.814484,30.719424,0.12203823484477883,0.6401701253941483,19.063406742018888,0.6401701253941483,19.063406742018888,0.6401701253941483,19.063406742018888,0.12996533143402156,0.19949402361223142,65.14748115294071,0.3127765148737503,41.552138748806314,0.4717190975532253,27.551424588943473,0.136791308607822,0.36221309672215296,37.76542312956511,0.7571679988267215,18.0661767031608,0.2847033805089096,48.04695622626834,0.136791308607822,0.6944953679939381,19.696504096628615,0.5151059617217864,26.555955235032645,0.8552223118476694,15.994824586871513,0.0,0.2810857715528831,48.66532654858563,0.6090293564078121,22.460544334783293,0.22854489012734963,0.0,0.0,0.8926205665957812,0.0,0.5843660629170638,0.0,0.0,0.8362420864804088,0.0,0.0,0.42553347510449513,0.0,0.0,0.5557062892620567,0.0
0,76.786322,30.7382,0.4951769101112702,1.0,49.51769101112702,1.0,49.51769101112702,1.0,49.51769101112702,0.4951769101112702,0.38153277525383084,129.78620507290174,0.27452231401322225,180.37765414122956,0.2682411695468996,184.60138350414286,0.54377362482869,0.3781446973280385,143.80040991477114,0.36722144609326013,148.07785073930359,0.6532610250035751,83.2398695185763,0.0,0.3108121486794196,174.95250013201814,0.7313078200798618,74.3563257356263,0.3335826724014652,0.0,0.0,0.4232017336398737,0.0,0.2891856512699792,0.0,0.42946087760018475,0.0,0.0,0.4506363646363866,0.0,0.8086175982047586,0.0,0.0,0.28916365076396755,0.0,0.0,0.6506759655472075,0.0,0.0,0.5905265821113885,0.0
0,76.768841,30.702185,0.034388521115218396,0.6175198746152539,5.568812038097427,0.6175198746152539,5.568812038097427,0.6175198746152539,5.568812038097427,0.05239896258187737,0.5400135959363257,9.703267283673329,0.4756311724606757,11.016721698620294,0.7147119360990993,7.331479990088193,0.05239896258187737,0.640189210113866,8.184918107657195,0.9457673206563816,5.5403651022231815,0.5914893215250109,8.858818016659953,0.05239896258187737,0.8973506807409787,5.839296019546053,0.2624487791982174,19.965405341932442,0.6793436184073871,7.7131750651781195,0.0,0.6396604792567555,16.501488896099804,0.5754007968729347,18.344344243339936,0.5180523821213437,0.0,0.0,0.880714541986895,0.0,0.24760654870933022,0.0,0.0,0.4340408255754669,0.0,0.0,0.4457389957890364,0.0,0.0,0.2633174084634704,0.0
0,76.781181,30.69936,0.9093204020787821,0.44935471255377396,202.36138103702746,0.44935471255377396,202.36138103702746,0.44935471255377396,202.36138103702746,0.9146785955290615,0.37291655027282716,245.277018373113,0.4000595936458275,228.6355858119543,0.7078328398234538,129.22240168416016,0.9181678394870566,0.5623498519470361,163.27342068430607,0.8644617017710486,106.21266825424176,0.3731865839804831,246.0345250608138,0.9212468529668265,0.8167122930517534,112.79943510149283,0.09917686276700746,928.8929164164808,0.6837719053205953,134.73014111846086,0.0,0.5618284075460453,163.9729925709256,0.4984542898113489,184.82072916164347,0.404529117082891,0.0,0.0,0.8019256196808017,0.0,0.15781142335698456,0.0,0.0,0.4198651693763153,0.0,0.0,0.27994115127474534,0.0,0.0,0.19067173212656202,0.0
0,76.794488,30.691011,0.2587799816000169,0.2393984095494854,108.09594854326933,0.2393984095494854,108.09594854326933,0.2393984095494854,108.09594854326933,0.26000950468632905,0.3908133679230887,66.53035080864952,0.4638079251233532,56.05973736157647,0.7445953507299455,34.919571339175725,0.27158569715548736,0.6133068823439646,44.28218645085615,0.8872780914593824,30.60885868474303,0.16915068586058973,160.55843685985542,0.32819419005279205,0.8438035166251251,38.89462221791121,0.2784136188683724,117.88007762937585,0.7363463723146312,44.57062632374305,0.3371974109622463,0.6096020482560999,55.31435006277839,0.55668311375621,60.572595544889516,0.47268426674805436,71.33671134901049,0.36126259957092516,0.8387422215439917,43.0719463372069,0.3184207402885871,113.45448140203122,0.3805127315599697,0.4977618393611069,76.44473751711658,0.0,0.16616647167539889,0.0,0.0,0.30845075198806315,0.0
0,76.798588,30.701914,0.662522284353982,0.36708039920968644,180.48424426375624,0.36708039920968644,180.48424426375624,0.36708039920968644,180.48424426375624,0.6701660120357094,0.28093621764020466,238.54738903546843,0.3681746795683672,182.0239275610654,0.6947565732813212,96.4605500413661,0.6882813741473439,0.5468362125740919,125.86609268384677,0.8742692132326866,78.72647963919071,0.1701301990982319,404.5615521497952,0.7015051643252359,0.8223111606464361,85.30896793055416,0.26317442626272863,266.55521749857223,0.6848979178276509,102.42477689963778,0.0,0.5424084300116521,133.48716232417345,0.4791630781701201,151.10630480852544,0.36978570342975836,0.0,0.0,0.8162622219970617,0.0,0.3228431024874614,0.0,0.0,0.5230964081260449,0.0,0.0,0.06127970008612391,0.0,0.0,0.29683367951770606,0.0
0,76.790718,30.708712,0.31171107608941095,0.5105915113208171,61.04901260169115,0.5105915113208171,61.04901260169115,0.5105915113208171,61.04901260169115,0.32371252426800873,0.295125805275313,109.68628241980673,0.30614274506337225,105.73908070269621,0.6671049869056432,48.52497442262342,0.3683608460065404,0.503022199630927,73.22954062003842,0.8615423715703282,42.75597558076352,0.2569477441241146,143.36021795490427,0.3683608460065404,0.8048775097517044,45.76607515349455,0.24068201155839417,153.04876489166654,0.6508282042498647,56.59878345793386,0.0,0.4981159596450711,82.87895075823553,0.4271964816513254,96.63779985203678,0.30717040343878804,0.0,0.0,0.7948329778887697,0.0,0.324077041227886,0.0,0.0,0.48560725769915025,0.0,0.0,0.18479065604384673,0.0,0.0,0.2403947092168801,0.0
0,76.789598,30.725341,0.5200680211778108,1.0,52.00680211778108,1.0,52.00680211778108,1.0,52.00680211778108,0.538628687180861,0.29951031744098233,179.83643828463315,0.18101201062196995,297.5651645048829,0.4219187760372256,127.66170120225655,0.5826834319913603,0.302056179501547,192.90564852965574,0.6662606280605161,87.45578043348458,0.5664725802129267,102.86171870354964,0.0,0.6037956488902966,99.90822141295672,0.7024508490267255,85.87668370120588,0.5491144297999854,0.0,0.0,0.3492216239920092,0.0,0.18745584330158113,0.0,0.34588398664945064,0.0,0.0,0.5927229761005677,0.0,0.6730577143274783,0.0,0.0,0.4139157551099959,0.0,0.0,0.6131751406923771,0.0,0.0,0.5483348356761761,0.0
0,76.805002,30.713908,0.5467102793432796,0.681907299416851,80.17369513580684,0.681907299416851,80.17369513580684,0.681907299416851,80.17369513580684,0.5467102793432796,0.23411421677056102,233.52288762500578,0.3344309270058315,163.47479709427313,0.62028705007038,88.13827070567538,0.0,0.5583526040619344,102.41531507939929,0.9661170319726523,59.18936938069092,0.2310602252161673,0.0,0.0,0.9016690126684094,0.0,0.3749120249346471,0.0,0.7919012668409411,0.0,0.0,0.5527724713452644,0.0,0.4721119042831289,0.0,0.21088879951739392,0.0,0.0,0.8902448220390107,0.0,0.5146541323144983,0.0,0.0,0.7057611099939675,0.0,0.0,0.28278956364367586,0.0,0.0,0.41666247737784035,0.0
0,76.76597,30.7442,0.18485445552552704,1.0,18.485445552552704,1.0,18.485445552552704,1.0,18.485445552552704,0.21265632716840552,0.5940724286090083,35.79636369698725,0.5012811894114324,42.42256275726025,0.5699782733658746,37.30954969785302,0.0,0.5980864973353209,41.079889562843995,0.250606494607313,98.03946740511255,0.8410350841298142,0.0,0.0,0.2006449790040823,0.0,0.7620202846871073,0.0,0.0,,0.0,0.6344469451183273,0.0,0.37043424039595085,0.0,0.6351289470863901,0.0,0.0,0.19178869630452364,0.0,0.7766151268036517,0.0,0.0,0.36491976733990006,0.0,0.0,0.6906049357456717,0.0,0.0,0.6318261089839146,0.0
0,76.769145,30.746104,0.9695846277645586,1.0,96.95846277645586,1.0,96.95846277645586,1.0,96.95846277645586,0.0,0.5837387976940983,166.580861451409,0.48858538729755924,199.02296366320004,0.4933010960026376,0.0,0.0,0.5878650428110419,0.0,0.23152930832942023,0.0,0.741035657551628,0.0,0.0,0.1802959307030602,0.0,0.7559620745121939,0.0,0.09118701981197111,0.0,0.0,0.6251411215793627,0.0,0.35441748009311524,0.0,0.560110299627339,0.0,0.0,0.17121419508247496,0.0,0.8284561049445005,0.0,0.0,0.3487526351020571,0.0,0.0,0.6827287168676505,0.0,0.0,0.6224635581620725,0.0
0,76.770601,30.750721,0.7751328233611146,1.0,77.51328233611146,1.0,77.51328233611146,1.0,77.51328233611146,0.0,0.6046329256687696,128.19891052141418,0.47122264124343566,164.4939685656313,0.42813590385225386,0.0,0.0,0.5000793007436647,0.0,0.18662108342438233,0.0,0.7332411095055158,0.0,0.0,0.1414372819229549,0.0,0.7847777816938639,0.0,0.19849857258661405,0.0,0.0,0.5331565220456067,0.0,0.4306382828745638,0.0,0.5736792020582948,0.0,0.0,0.08555669122052655,0.0,0.8103390547351356,0.0,0.0,0.42565114721742503,0.0,0.0,0.7201917315757939,0.0,0.0,0.6670337997391886,0.0
0,76.805606,30.74516,0.0,0.9545060804805886,98.42775868867766,0.9545060804805886,98.42775868867766,0.9545060804805886,0.0,0.0,0.5353072864519467,0.0,0.38543834583928627,0.0,0.0,,0.0,0.21088749142207872,0.0,0.34892171310931364,0.0,0.6904861009551023,0.0,0.0,0.43126975734326306,0.0,0.8908213429931039,0.0,0.6581318693681024,0.0,0.0,0.16846474896221214,0.0,0.44089952863619486,0.0,0.4615990370228707,0.0,0.0,0.6136391760695683,0.0,0.9663295496731952,0.0,0.0,0.5631953741098649,0.0,0.0,0.808360801430966,0.0,0.0,0.7568820240519287,0.0
0,76.805815,30.70505,0.8948273504276488,0.37867966514782236,236.30192819525755,0.37867966514782236,236.30192819525755,0.37867966514782236,236.30192819525755,0.0,0.23726819963971602,380.062974674501,0.3329447917770478,270.8462783557209,0.6503973720462012,0.0,0.0,0.49654551234502486,0.0,0.8389848468793049,0.0,0.0,,0.0,0.7846455441347886,0.0,0.40534068030094306,0.0,0.9147292571791882,0.0,0.0,0.49191480343329447,0.0,0.5928790929320759,0.0,0.3323407862668221,0.0,0.0,0.9454275723217124,0.0,0.4762318533432235,0.0,0.0,0.6795061990039207,0.0,0.0,0.12340786266822082,0.0,0.0,0.4428737946381265,0.0
0,76.773727,30.699978,0.5978999788110851,0.4963299451290816,120.46421633004393,0.4963299451290816,120.46421633004393,0.4963299451290816,120.46421633004393,0.5978999788110851,0.42249707654942875,141.51576708984297,0.4187820455158766,142.771158700121,0.7095799226410002,84.2611184073175,0.6122136409739198,0.5755509579922641,106.37001510857506,0.8666816587208779,70.63881354977288,0.420760996671764,145.50151887093952,0.6303876613716926,0.8205541063236484,76.82463063843969,0.15804623549518754,398.86281340177044,0.6353062876675362,99.22578661799463,0.6354281193730744,0.5750472249707655,110.50016273104849,0.5138256723936313,123.66609017664769,0.4253665557254655,149.38365765247988,0.6562370913684937,0.8047135018440227,81.54915878318292,0.09294773769901951,706.0280407184308,0.6735187537211493,0.3791490510029684,177.6395726006647,0.6928227878367569,0.3326706845371953,208.26084775116206,0.7002924834074409,0.21649725645407936,323.4648303988915
0,76.803858,30.724407,0.9218742350231168,0.9664167510976022,95.39096191949318,0.9664167510976022,95.39096191949318,0.9664167510976022,95.39096191949318,0.926012170683568,0.20278284363390744,456.6521280051371,0.04840256670043904,1913.146830445189,0.5542992232353934,167.05997985682183,0.9261186649815687,0.35816278284363395,258.5747903868314,0.7947180006754474,116.5342504126547,0.42368118878757177,218.58857308057463,0.0,0.7254441067207025,127.78331218372743,0.6364471462343803,145.65176591552964,0.8806349206349205,0.0,0.0,0.35225937183383993,0.0,0.5111921648091861,0.0,0.0,,0.0,0.9606349206349207,0.0,0.7510030395136779,0.0,0.0,0.7623370482944951,0.0,0.0,0.5374265450861195,0.0,0.0,0.468855116514691,0.0
0,76.775276,30.693654,0.0884925020519195,0.4186982935903675,21.135147529045327,0.4186982935903675,21.135147529045327,0.4186982935903675,21.135147529045327,0.09697888914539912,0.35427230341752874,27.374109748315366,0.4218536600681308,22.98875139064497,0.6742280340967959,14.383692792500572,0.1011330248354721,0.5602659298912105,18.05089680450667,0.8139197186857349,12.425429991888537,0.3527574135413886,28.669284032950955,0.15948839488634364,0.7736691731683961,20.614546943003187,0.1235223936829877,129.116988532185,0.6256652171865433,25.49101188707952,0.0,0.5568358424514528,33.933822440921396,0.507841321172352,37.20762336327427,0.43635892686143074,0.0,0.0,0.7689832184738072,0.0,0.0,,0.0,0.3857317781510494,0.0,0.0,0.2758983375457214,0.0,0.0,0.16098648372866986,0.0
0,76.796545,30.723682,0.1959828624191452,1.0,19.59828624191452,1.0,19.59828624191452,1.0,19.59828624191452,0.1959828624191452,0.20998127288481427,93.33349575733453,0.08769600581379099,223.47980458230302,0.5150236185258685,38.05317957652099,0.26476335942612284,0.2900047516560919,91.2962142565505,0.7416496631914359,35.699248926616406,0.4385079799871426,60.37823061598239,0.3076547685326995,0.6699835089582693,45.91975241466162,0.6586214607149845,46.71192587601328,0.758448165022221,40.56371716894929,0.33481159795232396,0.34411772926740647,97.29565479381304,0.37623333426503064,88.99041298570107,0.1463649830896945,228.75116088876717,0.40043344814635073,0.8411968583167958,47.6028225958432,0.8307711658327976,48.20021019204977,0.45436893064969586,0.6360510942784471,71.43591682129622,0.45735689580467986,0.5561953210162954,82.22954752100121,0.5037906745748966,0.48525589065600805,103.81958967954654
0,76.810006,30.737167,0.045227288910538066,0.9209729691228319,4.910816107188703,0.9209729691228319,4.910816107188703,0.9209729691228319,4.910816107188703,0.045227288910538066,0.4786139107518073,9.449639447272853,0.26318601089782395,17.18453376615695,0.14161235561570332,31.937389017998115,0.09050011214307573,0.06557688426700856,138.00611778776738,0.4823652314303691,18.761740325834346,0.6510084642140626,13.901526188654556,0.09050011214307573,0.5716727803696713,15.830754104569046,0.8537697211439153,10.600061105683158,0.8110568989873809,11.15829385781278,0.17273333526776846,0.0915037335137766,188.77189884471994,0.4894523784085378,35.291142282199885,0.2640051283877631,65.42802267615906,0.19235831694622485,0.7641179054334792,25.173905175942863,1.0,19.235831694622483,0.2362579117041045,0.7024466683286441,33.63357281859436,0.2975752086468852,0.7667533269228485,38.809770782621925,0.2975752086468852,0.7124304046915251,41.76902146332906
0,76.788734,30.715511,0.32533033076326434,0.7087351887572334,45.902945969668984,0.7087351887572334,45.902945969668984,0.7087351887572334,45.902945969668984,0.348203642462087,0.34946745420345765,99.63836067531633,0.30591730863694633,113.82279872085462,0.6178609510345406,56.35631154211285,0.3802469861329835,0.4249703475625097,89.47612187860997,0.8136748655157128,46.732055056411305,0.4065798459271328,93.52332387895375,0.3979540787901251,0.7522374111924472,52.90272364402723,0.41609258748966654,95.64075178340161,0.6663232175590353,59.72387998844824,0.42889860633946625,0.47134795787556755,90.9940520953084,0.3427462350389974,125.13590595405562,0.3848706674494111,111.43967119703721,0.4376284130816584,0.7413468796051134,59.03153100405117,0.5636718703200067,77.63885979146146,0.4376284130816584,0.4003738004241197,109.30495767157456,0.4563834589236485,0.3283333533013047,139.00002979740987,0.49270167203235415,0.25860519726358916,190.52272624287474
0,76.774891,30.736846,0.388677289689482,1.0,38.8677289689482,1.0,38.8677289689482,1.0,38.8677289689482,0.43305660900670867,0.5316862621675696,81.4496517629082,0.42462288964323447,101.98616691873586,0.4378189420677562,98.91225970293662,0.44287617455202494,0.5363172447901445,82.57727657541906,0.5299665040577298,83.5668237824672,0.710518625092732,62.33139553438501,0.44287617455202494,0.47232650675538973,93.76483602293008,0.7254344356270934,61.04978655571895,0.2625272576040285,168.69721589825076,0.4649685177360859,0.5782546141222489,80.40895937196738,0.27367758469527687,169.8964561726163,0.49869613110626526,93.23684078010373,0.473565477066812,0.46210912033810664,102.47914534132613,0.8638918238428163,54.817682491804256,0.4797193934960252,0.273655104197109,175.3007293262441,0.5076790445189364,0.643054650091046,78.94804033328387,0.5221113215848572,0.5815817278510892,89.77436817247136
0,76.792508,30.72101,0.2713490317738959,0.892940177365688,30.38826549102289,0.892940177365688,30.38826549102289,0.892940177365688,30.38826549102289,0.2713490317738959,0.3128959055534673,86.72182248403634,0.15517409402887414,174.86748253442641,0.6467443511673558,41.956150260008975,0.30038611783002916,0.42258697740466944,71.08267265471821,0.8742847596374723,34.35792681032049,0.5343941861922065,56.210588661230084,0.3677745038511956,0.8028929819432263,45.80616746220375,0.5528825404780799,66.51946424880398,0.7077921173899122,51.9608080982052,0.422295336213509,0.47649278146709545,88.62575733325583,0.3270545322919712,129.12077177285946,0.21363237689512593,197.67384623577803,0.4387654170712522,0.7902379261858024,55.52320415561639,0.7243731640423785,60.57173827681761,0.4387654170712522,0.5858775703406702,74.8902909555188,0.4387654170712522,0.4508346211140348,97.32291987404184,0.4387654170712522,0.38016678500327167,115.41392735493088
0,76.790682,30.718419,0.8287375091519293,0.7998076306508496,103.61710458770415,0.7998076306508496,103.61710458770415,0.7998076306508496,103.61710458770415,0.8287375091519293,0.2807181789034947,295.22046359414173,0.2669317088810516,310.46798921937966,0.6008464251362616,137.92834149990756,0.839614281208868,0.39436999038153253,212.9001449619898,0.8104648925937801,103.59662569982513,0.48475793523565247,173.20279260631628,0.8551697524850485,0.7446873998076307,114.83607117643697,0.48654055787111256,175.76535782071184,0.6570952228278294,130.14396129754212,0.8551697524850485,0.4440269317088811,192.59411792745183,0.30636742545687723,279.13207522299655,0.2928630971465213,292.0032468471784,0.868157628326198,0.733042641872395,118.43207730844712,0.644527092016672,134.69684037792803,0.8725731033785243,0.4697146521320936,185.76663500229463,0.8769942203575763,0.40778454632895156,215.06313278731332,0.8780460247079596,0.3179608848990061,276.1490694010533
0,76.798519,30.718065,0.3567533266935893,0.8450888288888067,42.21489084912865,0.8450888288888067,42.21489084912865,0.8450888288888067,42.21489084912865,0.39805179874820773,0.14132485112993304,281.6573274733131,0.1302166167350914,305.68433486333913,0.5287815462760908,75.277172880079,0.42060153770227127,0.3497799312053852,120.2474756778715,0.7481969153382402,56.215353081498385,0.34292512729469493,122.6511282565843,0.4722342326786585,0.6849749109245354,68.9418291308315,0.5439336218268791,86.81835682313442,0.7668010504123979,61.58497467168092,0.5211363555770401,0.34439225259212686,151.3205804296173,0.4296211364673102,121.30137726980601,0.15298788080531617,340.6389792667362,0.5462532991321364,0.8397997805476445,65.04565871354687,0.6957995832871003,78.50727598190322,0.5822819301358741,0.6588255600350137,88.38180627128801,0.6011718906785161,0.4535636350186781,132.54411162256415,0.6022300695492289,0.39099505615761115,154.02498319734977
0,76.769154,30.698312,0.28093450968738076,0.5040780997719593,55.73233786876938,0.5040780997719593,55.73233786876938,0.5040780997719593,55.73233786876938,0.2925566727422849,0.4357657672653428,67.13622196122253,0.43568254073938445,67.14904669941451,0.7047372538575496,41.51287180305927,0.32815071162567444,0.5807380528321987,56.50580498820729,0.8501007040964096,38.60139275787013,0.4341678179669424,75.58153737932273,0.39486298079102533,0.807422141584966,48.90415563981328,0.19109642625297535,206.6302277512515,0.6360254340263329,62.08289160566448,0.410490304727293,0.5802719842868319,70.74101728895207,0.5236280107195765,78.39349620796484,0.4510628027364882,91.00513326236353,0.4684024766369146,0.9007690130998552,52.00028751266442,0.09422075003745194,497.13303752170157,0.49676113616743256,0.39902125605472977,124.49490562961307,0.5195296509725899,0.3526640810959269,147.31572587662376,0.5475430692022493,0.24853105181683505,220.3117337650762
0,76.779421,30.710251,0.5426960831582485,0.5791049359023567,93.7129092696514,0.5791049359023567,93.7129092696514,0.5791049359023567,93.7129092696514,0.5426960831582485,0.4214214433758458,128.77751991235138,0.411540865674588,131.8693059238902,0.7548498174121878,71.89457699264538,0.5426960831582485,0.5782934345151279,93.84441371243888,0.9340929278750727,58.098725187097195,0.4869775959819715,111.44169416334704,0.5680240565198794,0.8778580749871148,64.70568224006105,0.21025562293697705,270.15879460695396,0.6511750320762373,87.23062595148414,0.6103591061548991,0.6020462994440119,101.3807587088508,0.5030431302021077,121.33335483772039,0.43179550165041836,141.3537435711977,0.6258611872782451,0.8576911688909846,72.970459528865,0.3414995229687791,183.26853924638226,0.6258611872782451,0.407735582142583,153.49682850573114,0.6324605090493458,0.3795962232286789,166.61401519486,0.6652697196768739,0.16709252212437906,398.14451970607365
0,76.778731,30.756758,0.14092422497476265,0.8862341250529818,15.901466778469826,0.8862341250529818,15.901466778469826,0.8862341250529818,15.901466778469826,0.14171432139931298,0.5542770129197344,25.56741811333872,0.43544057393133545,32.54504285621759,0.29926531765592373,47.35407447455943,0.15569874993081287,0.4282664322381124,36.35558106133467,0.06648247280262476,234.19518463619153,0.6682705138066906,23.29876101279722,0.15569874993081287,0.12529630618043672,124.26443737822103,0.8023264940895747,19.4059090753932,0.2855763645782641,54.52088101224589,0.183455289483613,0.39865936170546773,46.0180562921663,0.4741369837208207,38.692465633862966,0.43598216668498135,42.07862236167299,0.0,0.12310638765482489,149.02174694460126,1.0,0.0,0.0,0.48509442551922255,0.0,0.0,0.7447999246479646,0.0,0.0,0.7001302962276886,0.0
0,76.782452,30.758257,0.8021969807540397,0.9855464900521143,81.39615825851307,0.9855464900521143,81.39615825851307,0.9855464900521143,81.39615825851307,0.8153212460745006,0.6100748421921748,133.64282374680724,0.4756518728304198,171.41133939467957,0.30553015438976533,266.85459171875846,0.8271853652541867,0.45143247778261136,183.235678858826,0.04222413594112059,1959.034440414967,0.7390022816658823,111.932721424015,0.8380622948300726,0.12486128004119428,671.1947006738828,0.8906398430355921,94.09665437531764,0.30479327396858935,274.9608887092566,0.8419511578712279,0.41795324804460343,201.44625309416807,0.519420794232801,162.09423404290413,0.4762644601685059,176.7822771351319,0.8419511578712279,0.19814980867743281,424.9063693227362,1.0,84.19511578712279,0.8443483617834061,0.533661230323961,158.21804429578694,0.8508690050340066,0.8255635359606522,103.0652358021007,0.8508690050340066,0.7768850377762192,109.52315512080934
0,76.813526,30.722955,0.07455064367977082,0.7093455926241063,10.509777526633115,0.7093455926241063,10.509777526633115,0.7093455926241063,10.509777526633115,0.08943261444731426,0.2514382230801468,35.56842446297726,0.285904778837484,31.280559496401484,0.4400010159633237,20.325547260729262,0.1427714284033925,0.33726172485173284,42.33253223921503,0.7476728090115946,19.095442108177355,0.3624830143631815,39.38706718553878,0.18173598717168044,0.6825495599608854,26.62605000904185,0.5793911839782584,31.3667159938181,0.9410487281409141,19.31206979374048,0.192281751013961,0.2500666725931194,76.89219399772654,0.5937289663843135,32.38544216309962,0.27055103310770484,71.07041832563054,0.192281751013961,0.8884218279720102,21.6430691997832,0.7358241367486634,26.131481886906215,0.21235267230425972,0.8298261432762277,25.59001955106794,0.21235267230425972,0.48630354444204565,43.66669228123762,0.23278608971264086,0.5545127820885666,41.98029283217864
0,76.801226,30.728631,0.9868869366005173,0.8373997456329327,117.85135375872338,0.8373997456329327,117.85135375872338,0.8373997456329327,117.85135375872338,0.9877942231598315,0.28853790847976746,342.3446951439646,0.09203934902795444,1073.2303450558043,0.5376618994471409,183.72033134122873,0.9877942231598315,0.34923560100708595,282.8446528106936,0.7686297920938563,128.5136529081107,0.47701611856620035,207.07774532418557,0.9885074241694165,0.7020790614374336,140.79716636835042,0.6986658706880889,141.4850024369838,0.9397565343784878,105.1876084929987,0.9886819994918224,0.34356425364030424,287.7720801905446,0.5848366080930256,169.0526868206171,0.09294780283956706,1063.6959339408388,0.9888754100719146,0.9124639862953253,108.37418516503053,0.8585277857087238,115.18269140882697,0.9889127135304872,0.8260959846341527,119.70917810094913,0.9895564284665266,0.603550756612246,163.9557928849175,0.9901729072123266,0.5441638331559686,181.96227806424662
0,76.781066,30.702775,0.7722447692966574,0.4532523510971787,170.37854683539982,0.4532523510971787,170.37854683539982,0.4532523510971787,170.37854683539982,0.7773526201282444,0.3728448275862069,208.4922634332401,0.36882836990595613,210.76269711206157,0.6855211598746082,113.39586078866384,0.7859951218297339,0.5395572100313479,145.67410224840995,0.857396159874608,91.672339883664,0.3709639498432602,211.87911174706673,0.7859951218297339,0.8071610501567398,97.37773170262666,0.0848550156739812,926.2800973952808,0.6071218652037618,129.46249622650944,0.799710153998135,0.5390086206896552,148.36685783891832,0.4723354231974922,169.30979865631662,0.38692202194357367,206.6850963873956,0.8183246113721545,0.7916144200626959,103.37414158111763,0.19693377742946708,415.532887274882,0.8321766091766162,0.3896649686520376,213.56207925371191,0.8323963647871806,0.27502938871473354,302.657242804899,0.8428573273741432,0.1485305642633229,567.4638964407897
0,76.772117,30.729533,0.1987156815341724,1.0,19.87156815341724,1.0,19.87156815341724,1.0,19.87156815341724,0.2177260788723237,0.6858598032735896,31.74498313403457,0.5624327721835595,38.71148511261807,0.5776343584360379,37.692716108824186,0.25357400742361275,0.6911991498516128,36.68609943719552,0.6223319466583725,40.745780252031885,0.8911265762088046,28.45544215530123,0.27454583019049356,0.5558752251726864,49.38983026365387,0.6834363619869627,40.17138177902961,0.40632168267174684,67.56858959266754,0.29962240739589563,0.7395513393724972,40.51407812338257,0.3883856252348924,77.1455965227051,0.6478234386947112,46.25062779444966,0.3396568793311842,0.544094967795446,62.42602843900574,0.8430724570065964,40.287981953196066,0.3396568793311842,0.1580550263727434,214.89786634824674,0.3514133619265904,0.764213418348172,45.98366810755057,0.38721840443525934,0.513082695074064,75.46900492899375
0,76.797529,30.689395,0.005522117123602399,0.19744299239898655,2.79681596014483,0.19744299239898655,2.79681596014483,0.19744299239898655,2.79681596014483,0.07975903633832239,0.40112014935324714,19.88407624671142,0.47287971729563943,16.866664697411387,0.7408571142819043,10.765778555778732,0.16639648462652906,0.6198493132417656,26.844667094376195,0.8891852246966262,18.713365900035114,0.1822492999066542,91.30157685749974,0.16639648462652906,0.8464461928257101,19.658247155799,0.29062208294439257,57.25527906919835,0.6912671689558608,24.07122630716951,0.16639648462652906,0.616207160954794,27.003335107093342,0.5641835578077077,29.493323994252677,0.48828177090278707,34.07796369683792,0.23054168604291325,0.8414705294039205,27.397475964633486,0.39328577143619153,58.61938132188883,0.2937340121407001,0.5062591678890519,58.020482545626265,0.2937340121407001,0.1802740365382051,162.93750213911125,0.31453112719606124,0.3201426856914255,98.24716954465327
0,76.767338,30.709891,0.8154614284548342,0.7488116061323181,108.90074643297379,0.7488116061323181,108.90074643297379,0.7488116061323181,108.90074643297379,0.8311328759643651,0.5484411976540796,151.54457387947517,0.4497993620742875,184.7785804167276,0.717697293960284,115.80549111145992,0.8473642245806786,0.552032102068114,153.4990848188253,0.8457763144356416,100.18774587534963,0.6623726720856056,127.92862089442673,0.8473642245806786,0.7930136845354461,106.8536698804979,0.3618685049902253,234.1635740318344,0.5811194567342319,145.81584126311753,0.8575535438863112,0.591871591727544,144.88844470188198,0.48142813046609734,178.12701203314936,0.5175944027163288,165.6806061630267,0.8621642399006482,0.774894536474946,111.26213946773952,0.3315876118942278,260.0109922609737,0.8738313794025547,0.28812635044757695,303.2806190912912,0.8790626347782611,0.5616112768803375,156.5251039226484,0.8790626347782611,0.3098158246733203,283.7371640732596
0,76.775071,30.752306,0.7068573438476171,1.0,70.68573438476172,1.0,70.68573438476172,1.0,70.68573438476172,0.7235168931972182,0.6001532662644913,120.55535375164648,0.465234399365549,155.5166372443429,0.4143179205688674,174.62843320989208,0.7235168931972182,0.49441736542420006,146.33727368707113,0.17742352280726767,407.7908508124726,0.7295563298076153,99.17217679243635,0.7406625119242031,0.13172878999848517,562.2632014859626,0.782335171934452,94.6732984141303,0.18943532074530178,390.9843787368636,0.7456492870364431,0.5278775295616763,141.25422001872172,0.42420003029681974,175.7777543096119,0.4658492465893801,160.06235761795512,0.7585603932090523,0.1178724503889577,643.5434155359803,0.8920987676323036,85.03098768114299,0.7681524819306459,0.4191475900662075,183.26539389366656,0.7912647640424186,0.7170277037683898,110.3534437907867,0.7941894197228563,0.6632686704151556,119.73872054378118
0,76.769624,30.713988,0.7290071680409873,0.7142473479253391,102.06648581314595,0.7142473479253391,102.06648581314595,0.7142473479253391,102.06648581314595,0.7389720027237031,0.5533436283067007,133.5466724330138,0.4460632917058323,165.66528034569518,0.7374222281903227,100.2101610819603,0.7407825268692955,0.5572601942616714,132.93297000170227,0.8093079987466989,91.53283150747026,0.6202497650060428,119.4329395452618,0.7456589560358966,0.7519247124121571,99.16670428929513,0.3174320755561524,234.90346863324237,0.5252114945615685,141.97308393989957,0.7499556680662882,0.6005886039120899,124.87011294940615,0.48046193097891776,156.09054947148257,0.5198066335437089,144.27589408653182,0.7528270977786186,0.7359451233158767,102.29391756639114,0.4156483595183743,181.12115218040185,0.7565326503397545,0.1760664249585963,429.6859270685256,0.7710283315591875,0.510664249585963,150.9853748689717,0.7710283315591875,0.29382077794190053,262.4145021192643
0,76.775578,30.718136,0.7712703466859457,0.7405391895115938,104.14983536450245,0.7405391895115938,104.14983536450245,0.7405391895115938,104.14983536450245,0.7768511133401775,0.5450063053135047,142.5398395883344,0.4368048533872599,177.8485534938508,0.5580713693323184,139.20282530702286,0.7772577313508828,0.5496870065098101,141.4000553307624,0.7307915156610354,106.35834088027372,0.6450960566228513,120.48713108244878,0.7851283790411572,0.67253269106236,116.74203937966739,0.46303722975199096,169.5605296061577,0.44231490212562913,177.50439229338014,0.7889318320094826,0.5920746185569352,133.24871684794527,0.28422762749798347,277.57042443563296,0.5116619897524454,154.1900410447114,0.7950239042193336,0.6562752070528624,121.14184654171997,0.6029811067813362,131.8488913297974,0.8098283553830105,0.19012508378682358,425.9450353699909,0.8240904769883647,0.5338498767339612,154.36745663969538,0.8398265025425583,0.3136978675543336,267.7182695215795
0,76.811364,30.712464,0.07404465173409036,0.5006646308604276,14.789271534288211,0.5006646308604276,14.789271534288211,0.5006646308604276,14.789271534288211,0.07404465173409036,0.13802766301419075,53.64479128106209,0.24614094964373393,30.082215836602195,0.6048979103047721,12.24085097215556,0.13728802920876215,0.43102808215076943,31.85129574938928,0.8180348482126819,16.782662683469013,0.13012394467397162,105.50558511943387,0.1439942893942425,0.7566253517753427,19.031121420446045,0.4472786060714927,32.19342205051196,0.8674091371774145,16.600504101536895,0.0,0.42580683791389734,36.24197056272949,0.5398958146218789,28.58343863230797,0.2682713609963475,0.0,0.0,0.938315070953835,0.0,0.5947907310939465,0.0,0.0,0.7625291898688701,0.0,0.0,0.2695766720555655,0.0,0.0,0.48706065505059576,0.0
0,76.779187,30.743609,0.3584657285442726,1.0,35.84657285442726,1.0,35.84657285442726,1.0,35.84657285442726,0.4156935722322867,0.5512313436591085,75.41181701912785,0.3988607429324799,104.22022713392386,0.34135442770447755,121.77770038833864,0.4343315233404769,0.43182069784527444,100.58145093732911,0.2565441864677999,169.30086365258248,0.6973923895212504,62.2793609260117,0.4343315233404769,0.2049354387448044,211.93578133713012,0.7541640248382195,57.59112196231425,0.24961001580065015,174.00404464833403,0.44600317135788686,0.46960136066745173,94.97484647914469,0.3496774453267313,127.54702292598564,0.3995551664100319,111.62492913436364,0.4545548168301362,0.3091996014613086,147.0101561198217,0.878133711743808,51.76373606332412,0.4895259056359408,0.3439811599891308,142.3118363957517,0.5353692506451415,0.6804041745921521,78.68400439577735,0.5551259775668761,0.619687408794018,89.58161319546807
0,76.781403,30.706507,0.11586905952512971,0.4967193572460046,23.32686613373607,0.4967193572460046,23.32686613373607,0.4967193572460046,23.32686613373607,0.18614078605516324,0.38429555829077056,48.436881988191764,0.37556333045812695,49.56308855502515,0.6888768280981963,27.02090975669016,0.18614078605516324,0.5444703966815595,34.187494341226795,0.8589178240179878,21.671547713889915,0.41529932836471833,44.820873365750614,0.18614078605516324,0.8092187515143292,23.002529996596,0.13224333937449723,140.75626563545475,0.6113140985258914,30.449287281942098,0.22711186448958212,0.5439276611003964,41.754056785808984,0.47796590457545474,47.516331670417046,0.39346391292970606,57.72114214961223,0.26827506984131677,0.7938380128124364,33.79468676372182,0.24313584865430649,110.33957819307572,0.30798757038170976,0.39617759083552206,77.73977567286852,0.3211833976691935,0.320388443608804,100.24812195203899,0.3394216628912837,0.07430631608532579,456.7870953278407
0,76.808706,30.702568,0.8631034258755935,0.40247475408515654,214.44908459847795,0.40247475408515654,214.44908459847795,0.40247475408515654,214.44908459847795,0.8710010424160346,0.2753038067718454,316.3781324454645,0.366199168369864,237.84899520479436,0.6678312173414014,130.42233124163332,0.8815076009399313,0.5216515812047562,168.98397947995986,0.8470142867211018,104.07234148934576,0.049867603676892566,1767.695930711827,0.8878599353974813,0.7953847547899279,111.62647134618231,0.42780624830099784,207.53786063750917,0.9117928375099424,97.37518204487978,0.8883007819876257,0.517251794649779,171.7346930790403,0.6094660853981455,145.75065016248215,0.3848051307350765,230.84431860114324,0.8920606254530138,0.9444338169406885,94.45454085312959,0.5518258610795083,161.65618329447662,0.895792046385235,0.6882997895754256,130.14562258370006,0.9007113594171436,0.1599327446814937,563.181330509216,0.9070010785456822,0.46346767616765505,195.69888585230768
0,76.80233,30.744275,0.6232981268275579,0.9822090113324663,63.45880760979689,0.9822090113324663,63.45880760979689,0.9822090113324663,63.45880760979689,0.6306529667502887,0.5200367185024096,121.27085344404705,0.3545739670189165,177.8621741614334,0.062038969696307386,1016.5432627870119,0.6350173496019409,0.2416427158578032,262.791844292804,0.37236495568645017,170.53628165177207,0.6787458882926989,93.55745066820933,0.6647194559192792,0.372627230703662,178.38724632765994,0.8653873474160446,76.81178352145561,0.5934300108188444,112.01311760456234,0.6857717343409799,0.2004218256526823,342.16419898767754,0.4084605549302239,167.8917893205449,0.35532800769340045,192.9968140683994,0.6877631550467649,0.5497830767045143,125.09718545163753,1.0,68.77631550467649,0.7161283287534457,0.4977214857879725,143.88133709351533,0.7179936108824321,0.7852841859092746,91.4310543578657,0.7219235412075198,0.7312227479864928,98.72826620826834
0,76.770453,30.710377,0.3308980248526492,0.7032455988205707,47.05298197494671,0.7032455988205707,47.05298197494671,0.7032455988205707,47.05298197494671,0.34968455908024565,0.547372300754488,63.884226256653264,0.4434459283670107,78.85618893107414,0.7256959500476975,48.18609764285747,0.39058568355194423,0.5511664209522158,70.8652901744547,0.9028705229381667,43.26043143826212,0.6121758737316798,63.802854753328646,0.4004957926453184,0.8472812418697425,47.26834170924428,0.42942936432226175,93.2623210984635,0.6232113433353569,64.26323861531628,0.4528671987060311,0.593129390339086,76.35217645295431,0.47676914404648346,94.98668367302687,0.5148729511750934,87.95707711435477,0.4528671987060311,0.8273566906599602,54.736633403519235,0.3975153932876594,113.92444326761373,0.47479909456168573,0.22888301101378894,207.44182473773978,0.49860586520516,0.5060272309426763,98.53340585571036,0.49860586520516,0.29596305610961754,168.46895411854663
0,76.799059,30.741536,0.06355835028602363,0.982006476784155,6.472294408297856,0.982006476784155,6.472294408297856,0.982006476784155,6.472294408297856,0.12400306444842125,0.5145727643489505,24.098256464333637,0.3472263669219801,35.71245627100781,0.1572664876156371,78.84900739405307,0.12400306444842125,0.2622766006830465,47.27949962958201,0.3966643456348022,31.26145967315838,0.6750776440421321,18.368711442721416,0.12400306444842125,0.37407296882080526,33.14943200502234,0.8638549023508736,14.354617206079674,0.5973893917791261,20.75749354690067,0.12400306444842125,0.22058644738441813,56.2151781846869,0.40171535307315664,30.868390640235,0.34798899167744285,35.6341917170075,0.19494781772344055,0.5532455762237917,35.23712183187576,1.0,19.494781772344055,0.27120906970231246,0.5006023630314886,54.17654604344187,0.30333145894048,0.78283983774882,38.74757572542011,0.30333145894048,0.7281629585419498,41.657084500406505
0,76.777493,30.713325,0.3109823217156622,0.5687695797774658,54.676328125237596,0.5687695797774658,54.676328125237596,0.5687695797774658,54.676328125237596,0.3757815807470042,0.41343847898887326,90.891777094874,0.40369450145835584,93.08563267259882,0.752922112995571,49.90975484196128,0.4259363403734798,0.5919736415685427,71.95190975815805,0.9424651614994058,45.19385519734655,0.4780166360591984,89.10491983813114,0.4259363403734798,0.8870584422599114,48.0167168341631,0.30489359403694505,139.6999965574441,0.6664794209787188,63.90840091476437,0.4418308799698966,0.5913686939613266,74.71326847051373,0.5178351517770337,85.32268975052847,0.42365777249648917,104.28957254019411,0.4798702574460817,0.8699146591768392,55.16291194588687,0.43796046235281405,109.56931017656699,0.5103618146065141,0.42667170789672676,119.61463700565868,0.5377639422359906,0.37222642324727234,144.47226436656018,0.5456995778650165,0.16289294587879444,335.00503961114515
0,76.801279,30.691834,0.32518332202674705,0.15152485256950293,214.60725188799555,0.15152485256950293,214.60725188799555,0.15152485256950293,214.60725188799555,0.32518332202674705,0.38817186183656277,83.77302787693132,0.4607076663858467,70.58344059645042,0.731575400168492,44.44973436119542,0.33715723837419925,0.6092586352148273,55.3389347128935,0.8815164279696714,38.24741407834536,0.1669250210614996,201.98124656817123,0.33715723837419925,0.838306655433867,40.21884309145833,0.27647009267059813,121.95070906852378,0.6814574557708508,49.47590425770803,0.33715723837419925,0.6055855096882898,55.674588143257026,0.5529907329401853,60.96978091867375,0.476267902274642,70.79150972886181,0.37663872114978103,0.8332771693344566,45.19969285257205,0.38025273799494524,99.049575063096,0.4147544105656735,0.4944397641112047,83.8837085264022,0.4254016741623125,0.16493681550126368,257.91796262675706,0.4264583993578322,0.306318449873631,139.22060507088747
0,76.788779,30.711419,0.7296061783380641,0.5706042707860064,127.8655305774408,0.5706042707860064,127.8655305774408,0.5706042707860064,127.8655305774408,0.7296061783380641,0.27764652430713316,262.7823921652886,0.2674011812812358,272.8507685875591,0.6345979100408905,114.97141210109748,0.7514224911980728,0.46977510222626073,159.95366455929383,0.8383007723761926,89.63638302135159,0.30987051340299865,242.49564211384597,0.7666706133247693,0.7800545206724216,98.28423437170582,0.29315084052703316,261.52768722969773,0.7024647887323944,109.14007728533058,0.7709760309522805,0.4647319400272603,165.89693209101497,0.3918332576101772,196.7612539207432,0.288391640163562,267.3364701261866,0.7804081750297054,0.7697296683325761,101.3873061071248,0.43306451612903224,180.205984550621,0.7995593031062327,0.4498636983189459,177.73367935533184,0.7995593031062327,0.23569968196274418,339.22799405075773,0.7995593031062327,0.19780781462971378,404.2101696553128
0,76.811415,30.726194,0.6375574713552131,0.7809637241361834,81.63727093219462,0.7809637241361834,81.63727093219462,0.7809637241361834,81.63727093219462,0.6381176848731147,0.30596910913168535,208.55624500265372,0.2875334186485562,221.92818068673523,0.34750326267374526,183.62926435951593,0.6381176848731147,0.24034818747386694,265.49719038030906,0.7111995235862802,89.72414402857801,0.4899839083663824,130.23237579385284,0.6718714791672086,0.6832735704420765,98.33125533196159,0.7063847040786589,95.11410358800647,0.9411831785411097,71.3858358803915,0.6840277254770836,0.15800210331589018,432.92317704753697,0.5946682209241919,115.02678323957102,0.27222736084538096,251.27074786049735,0.7133982692714161,0.8886763047527336,80.27650399319614,0.8624608795915005,82.7165945902744,0.7133982692714161,0.8302269300457408,85.92810513049872,0.7133982692714161,0.6135220404698251,116.27915905435239,0.7299213312390089,0.5555414771359426,131.38916917636288
0,76.791314,30.765309,0.8872127425763265,0.9452684370632245,93.85828488389326,0.9452684370632245,93.85828488389326,0.9452684370632245,93.85828488389326,0.8872127425763265,0.638904875441914,138.8646067167142,0.5293759763216311,167.59595868726876,0.24099317602565154,368.14849167425837,0.8914086325371838,0.401808764285127,221.84897686916366,0.14788292362081723,602.7799631706102,0.7582997615719806,117.55359525489814,0.8914086325371838,0.20858340869851189,427.3631532341256,0.8987256433445696,99.18584599632031,0.3752117076379183,237.57484491859162,0.8981223456452724,0.37080490010688155,242.20886654582932,0.5699087396201595,157.5905549797087,0.5299432705746937,169.47518640463332,0.8981223456452724,0.2730658554632903,328.9032032662948,1.0,89.81223456452724,0.905219660829359,0.5871659952314396,154.16758943483336,0.907785788024278,0.8384609060264738,108.26811142887267,0.9128960968039054,0.8008386088958317,113.99251817573764
0,76.811201,30.741305,0.4722149251619493,0.9255968347639484,51.01734442322035,0.9255968347639484,51.01734442322035,0.9255968347639484,51.01734442322035,0.5232335237631018,0.5091201716738197,102.77210624809503,0.3590285228898426,145.7359207985937,0.11972460658082976,437.03089841422934,0.539481894060651,0.18680704577968527,288.790977775485,0.4568580114449213,118.08524323660478,0.6714279327610871,80.34844362851578,0.5406961409761335,0.5379001251788268,100.51980203506686,0.862325643776824,62.70208300984605,0.763277896995708,70.83870017779041,0.5619405389813799,0.14465978183118738,388.4566476376576,0.46475992489270385,120.90985235250469,0.359799713876967,156.18148578448694,0.5619405389813799,0.7009231938483548,80.17148582230482,1.0,56.19405389813799,0.5619405389813799,0.6689578862660944,84.00237900145693,0.5798455260504923,0.7804005722460657,74.30101241233623,0.6147074991555438,0.7292672567954219,84.2911145986066
0,76.775422,30.74005,0.1195942459383017,1.0,11.959424593830171,1.0,11.959424593830171,1.0,11.959424593830171,0.1195942459383017,0.580038417660423,20.61833187199625,0.43241319461372696,27.657399780581347,0.3766978363251655,31.74805756916214,0.1195942459383017,0.46433690533069416,25.755920876702312,0.2945288961260567,40.60526743261077,0.7216474740875806,16.572391677738697,0.19095582757772178,0.2445274335247716,78.0917808792105,0.7618300067279659,25.06541169175924,0.27297990385834214,69.95233893730682,0.193923660730164,0.5009506908353404,38.71112751771923,0.36994061838782333,52.420213161579944,0.43308599120489094,44.77717235569036,0.25283715862051814,0.33072340259562977,76.44973311116362,0.8819388242635802,28.668332957406363,0.26423430909303075,0.36441198552999793,72.50977453684199,0.275723481461836,0.6903575572608402,39.93922838417751,0.27651988351175666,0.6315414842477841,43.784912061812335
0,76.790582,30.732536,0.713244787222995,1.0,71.3244787222995,1.0,71.3244787222995,1.0,71.3244787222995,0.713244787222995,0.3547580560756358,201.05104732869785,0.2416299380167692,295.1806357594213,0.37113186263678755,192.18096289431776,0.713244787222995,0.3622704701654824,196.88184546126274,0.4907141445034945,145.3483245209199,0.5449174913653755,130.8904189211929,0.713244787222995,0.4310799967438453,165.4553198038592,0.7159470177111558,99.62256557799492,0.5423241967182612,131.5163128510616,0.7337004584514664,0.4059378307032131,180.7420750070188,0.2242792850414578,327.13697045888233,0.32498749869172355,225.7626713043013,0.7337004584514664,0.6111802397925364,120.04649540052523,0.8591945668732774,85.39398254361632,0.7498572523217015,0.44047632891814253,170.23780918339745,0.7663397568557436,0.6307055389517507,121.50515724491979,0.7873696143246028,0.5688037120163738,138.42554077810544
0,76.807241,30.730795,0.7607850486168974,0.9783040366752402,77.7657067839994,0.9783040366752402,77.7657067839994,0.9783040366752402,77.7657067839994,0.7699971620594227,0.4146887535482495,185.68074380387858,0.21290829857270413,361.6567166340317,0.33694044271492735,228.52619170768062,0.7872674097113743,0.12237962605114809,643.2994078461548,0.6594213521329478,119.38761266448209,0.6082199448272185,129.43794698067967,0.7999065063160637,0.5910817330117143,135.3292550998545,0.8358409851140104,95.70079962122877,0.8623479083652066,92.75914031408553,0.7999065063160637,0.17398083612084705,459.7670204093334,0.4978877087303597,160.66002279025287,0.21382784492983462,374.0890278244841,0.8012370533614998,0.8071218199021816,99.27089487663771,1.0,80.12370533614998,0.8158748359922705,0.7456454815624293,109.41859853863559,0.819961902064376,0.7381558431173953,111.08249155103827,0.819961902064376,0.6738409051534576,121.6847917354678
0,76.793766,30.712887,0.5612771975694962,0.5957418783154316,94.21482994558139,0.5957418783154316,94.21482994558139,0.5957418783154316,94.21482994558139,0.5612771975694962,0.15972746105303492,351.3968067038474,0.2647076433044748,212.03664184486658,0.6518183233346505,86.10945373521366,0.5658014768428138,0.4780567829387745,118.35445014808562,0.8665565015387194,65.29308542929819,0.3208679096166972,176.33470343566287,0.6079150167548131,0.8051514171785752,75.50319154688678,0.30324148914514254,200.47224358004738,0.723365784148196,84.03978043703951,0.628778387450292,0.47272814359784937,133.01056769431415,0.39587599238423676,158.83215945057879,0.28682449018692147,219.220606664557,0.6501040709944018,0.7942666235585731,81.84960209982435,0.4507430158901222,144.22942742897163,0.6501040709944018,0.5014189747458419,129.6528659139645,0.6736133245657615,0.24267461771503154,277.5788135192505,0.6932133947276762,0.2357054759253272,294.1015231005028
0,76.781129,30.727619,0.770967179954561,1.0,77.0967179954561,1.0,77.0967179954561,1.0,77.0967179954561,0.7748491201296372,0.5515454126075277,140.48691230453755,0.42232232503866923,183.473397968883,0.5671623565167838,136.61857336378202,0.7748491201296372,0.5571354915741771,139.0773217373594,0.7734254158638844,100.18407777098489,0.767414724159453,100.9687585781374,0.7748491201296372,0.7038479281430626,110.08757561791714,0.6685842989335432,115.89400489446083,0.5995495373259885,129.238548591913,0.7849226489351555,0.6077582697891509,129.15046786734274,0.24010203250929418,326.9121217892113,0.511722884046566,153.38822503465153,0.7849226489351555,0.6915144772190714,113.50776806462902,0.8357168055140973,93.92208505993901,0.7849226489351555,0.2983501126156685,263.08776693719057,0.7871617887387914,0.6859786708637486,114.75018425101152,0.7908943596636719,0.4902309299611951,161.33097920326574
