Ward,x,y,fill_ratio_0,distance_from_0_0_0,fill_per_m_0_0_0_0,distance_from_0_0_1,fill_per_m_0_0_0_1,distance_from_0_1_0,fill_per_m_0_0_1_0,distance_from_0_1_1,fill_per_m_0_0_1_1,distance_from_0_2_0,fill_per_m_0_0_2_0,fill_ratio_1,distance_from_140_0_0,fill_per_m_1_140_0_0,distance_from_96_0_1,fill_per_m_1_96_0_1,distance_from_73_1_0,fill_per_m_1_73_1_0,distance_from_108_1_1,fill_per_m_1_108_1_1,distance_from_97_2_0,fill_per_m_1_97_2_0,fill_ratio_2,distance_from_293_0_0,fill_per_m_2_293_0_0,distance_from_70_0_1,fill_per_m_2_70_0_1,distance_from_296_1_0,fill_per_m_2_296_1_0,distance_from_39_1_1,fill_per_m_2_39_1_1,distance_from_213_2_0,fill_per_m_2_213_2_0,fill_ratio_3,distance_from_99_0_0,fill_per_m_3_99_0_0,distance_from_189_0_1,fill_per_m_3_189_0_1,distance_from_192_1_1,fill_per_m_3_192_1_1,distance_from_62_2_0,fill_per_m_3_62_2_0,fill_ratio_4,distance_from_258_0_0,fill_per_m_4_258_0_0,distance_from_114_1_1,fill_per_m_4_114_1_1,distance_from_225_2_0,fill_per_m_4_225_2_0,fill_ratio_5,distance_from_68_0_0,fill_per_m_5_68_0_0,distance_from_171_1_1,fill_per_m_5_171_1_1,distance_from_267_2_0,fill_per_m_5_267_2_0,fill_ratio_6,distance_from_151_1_1,fill_per_m_6_151_1_1,distance_from_187_2_0,fill_per_m_6_187_2_0,fill_ratio_7,distance_from_105_1_1,fill_per_m_7_105_1_1,distance_from_126_2_0,fill_per_m_7_126_2_0,fill_ratio_8,distance_from_281_2_0,fill_per_m_8_281_2_0,fill_ratio_9,distance_from_265_2_0,fill_per_m_9_265_2_0
2,76.730074,30.734448,0.9344360268055143,1.0,93.44360268055144,1.0,93.44360268055144,1.0,93.44360268055144,1.0,93.44360268055144,1.0,93.44360268055144,0.9347206566195541,0.5228294149593471,178.78119131691048,0.444742662395416,210.1711249343792,0.4401145996489598,212.38119738929302,0.509551282555824,183.43995758997045,0.4592958733107177,203.51166011613768,0.9356492511579724,0.3370063990051239,277.63545556407865,0.30459421806990894,307.17892712698404,0.22127334692367634,422.8476968266337,0.1141352685142187,819.7722433547449,0.27485812783842706,340.4117093120803,0.9356492511579724,0.40061077834885206,233.5556858989971,0.402972034852146,232.18714209319026,0.09921212741340092,943.0795161354347,0.33398399068090767,280.14793441159367,0.9392212643738265,0.26595619082100885,353.1488631546583,0.14233654201855947,659.8595491039539,0.2629573950618256,357.1762125773265,0.9412527226146429,0.2708990877679042,347.4551097126881,0.2737719498469119,343.8090436733835,0.4547386482593604,206.9876238181099,0.9412527226146429,0.35056788218904217,268.4937127546318,0.19315078196944532,487.3149945432478,0.9465767215370049,0.46785149270765286,202.32418540737538,0.13581947406946815,696.9374075567804,0.948814052747339,0.573596429780167,165.41491604314473,0.0,0.2124973435864338,0.0
2,76.761424,30.727588,0.9446142194740232,0.924111045481394,102.21869158396962,0.924111045481394,102.21869158396962,0.924111045481394,102.21869158396962,0.924111045481394,102.21869158396962,0.924111045481394,102.21869158396962,0.9483866438712262,0.3925457767277023,241.59899305937373,0.5233668044890727,181.20878812653612,0.2905256940342587,326.4381303773403,0.8017601890135853,118.28806878501128,0.18370939161252214,516.2428744370092,0.9502836123739578,0.34511518015357356,275.35259734187554,0.5009214412285883,189.70711456136482,0.4651506202008269,204.29589279353783,0.6048789131718842,157.1031146367508,1.0,95.02836123739577,0.9540374080943043,0.36138216184288247,263.9968180026245,0.6024689899586533,158.35460812012562,0.6744831659775546,141.44717855360864,0.45437684583579446,209.96611443512688,0.9565847768035409,0.2764914353219138,345.97266121093674,0.5909037212049616,161.88504869336214,0.5704548139397518,167.6880891226154,0.9565847768035409,0.5225516834022444,183.06031866080335,0.47501476668635556,201.38000834722644,0.6360307147076196,150.39914813599506,0.9586815969413937,0.5645599527466036,169.8104146915442,0.3619137625516834,264.8922743866333,0.9624268517458637,0.7364441819255759,130.68564805949208,0.7277968103957472,132.23839923433218,0.9660789817812694,0.8953691671588896,107.89728049791465,0.9678543770452942,0.2741642055522741,353.01996301656385
2,76.757658,30.722922,0.8633336495718252,0.8721176244310046,98.99279929528883,0.8721176244310046,98.99279929528883,0.8721176244310046,98.99279929528883,0.8721176244310046,98.99279929528883,0.8721176244310046,98.99279929528883,0.8647942974742604,0.3606201782317868,239.80751762548854,0.4586904024106169,188.53551173719603,0.28013805483726195,308.70289935319124,0.6509734361977219,132.84632665281202,0.13672985275575406,632.483894368757,0.8701844489483598,0.25735686961725046,338.12365305908736,0.37272668988951335,233.46448552055847,0.5069775393755477,171.64161750048729,0.5414378218964375,160.71733701581022,1.0,87.01844489483598,0.8802639442613599,0.20616331502575172,426.97409291823175,0.5062829910456692,173.86796709154225,0.609621097172654,144.39525606051257,0.49176158827175,179.00217610630492,0.8917355382230886,0.2496527258350608,357.19038726307986,0.5283055157822751,168.79163884985633,0.5981022802555938,149.09415457202624,0.8962961575995341,0.326993353706751,274.10225542484153,0.5391190990105357,166.25197646392755,0.46952535635672005,190.8940902690198,0.9046198771298184,0.5995341183510354,150.88713876999924,0.31703459919218685,285.3379030032733,0.9049404840613775,0.5943624046331716,152.2539913371352,0.6593080161562627,137.25610213829063,0.9103144860958811,0.7041010407539589,129.28747912673253,0.9103144860958811,0.33955933579808945,268.08701458798265
2,76.764698,30.740955,0.8689049844787182,0.926028043130663,93.83138998049925,0.926028043130663,93.83138998049925,0.926028043130663,93.83138998049925,0.926028043130663,93.83138998049925,0.926028043130663,93.83138998049925,0.8794711450609994,0.5292013447583126,166.18838061771288,0.6427063261038908,136.83872545527686,0.1300684678774958,676.1601481223905,0.833411914230659,105.52658655868375,0.34684924767332215,253.56005554589643,0.8888815750559181,0.4372104464761593,203.3074877830917,0.5723935058013202,155.2920440303619,0.3029601082366447,293.39888351294263,0.5440018859415359,163.39678189120224,0.8744106432700587,101.65493545821242,0.8888815750559181,0.5021626829568284,177.01067905365173,0.6604997745069904,134.577120138973,0.5919806485998934,150.1538229599619,0.15482145053503343,574.1333464995405,0.8999024110196989,0.3776802919109508,238.2709477549009,0.5462363166741832,164.7459869564969,0.6153499241523513,146.24238594964004,0.9077665942945293,0.5911606740191054,153.55666135958018,0.31152884260587926,291.3908666373345,0.689619121807224,131.6330370764119,0.9085100095064129,0.25811774834980117,351.97502508630294,0.28073879709729,323.6139852774139,0.9091080444198297,0.7767414210159486,117.0412726581197,0.6382374646385962,142.4404073387661,0.9150539653017155,0.9146303964577098,100.04631038347797,0.9223605109253787,0.37566110450576035,245.52994703534324
2,76.716595,30.726273,0.3079299415911909,1.0,30.79299415911909,1.0,30.79299415911909,1.0,30.79299415911909,1.0,30.79299415911909,1.0,30.79299415911909,0.37277398712236076,0.5122033508965874,72.77851393784086,0.5012634057398819,74.36688632239843,0.38528132313037483,96.75371338885749,0.5535583535526107,67.3414075914459,0.4802305715475284,77.62396007424266,0.400221593394767,0.39466354643733936,101.40830005902511,0.37075215712173204,107.94855423143473,0.3164185318651027,126.4848778090506,0.16091912767576413,248.70977066267304,0.13878081346101387,288.38395122045944,0.4463579367881887,0.4407276068511048,101.27750788685812,0.23078690077957875,193.40696342835278,0.12345484042324091,361.55563869179804,0.4186682554950971,106.61375227991601,0.47119490831823124,0.3279686445666375,143.67071856544283,0.28924813001593613,162.90335508556987,0.14148708598337473,333.0303292652436,0.5086174364759423,0.28016740126053435,181.54054832488052,0.3518943907656526,144.536954786148,0.4528519948889495,112.31427535185482,0.5444641988266532,0.453569839059337,120.03977159412162,0.29708698835656755,183.26760180192758,0.5687178670328032,0.5138687493718863,110.67376012414849,0.059193430290152615,960.7786949414466,0.6091213459965245,0.6104403256141157,99.78392980243167,0.6117663578183338,0.27833689862604627,219.7934807918729
2,76.757627,30.748752,0.7823854840582735,0.9362678091428677,83.56428325507954,0.9362678091428677,83.56428325507954,0.9362678091428677,83.56428325507954,0.9362678091428677,83.56428325507954,0.9362678091428677,83.56428325507954,0.7823854840582735,0.5812500573378715,134.6039409684712,0.7842536443951085,99.76179130945883,0.2815794060713926,277.8560744104648,0.8597928497380807,90.99697494537342,0.41763070741172265,187.33907018167514,0.7974479195909079,0.49795877177692355,160.1433622195835,0.6209003421924167,128.43412467371118,0.16885773786042585,472.2602172072571,0.3841086942561214,207.6099634076948,0.7069621937010909,112.79923123132028,0.7999089552451398,0.48110602460482743,166.2645891624766,0.6983202297184481,114.54758450398191,0.4541709861196481,176.12506736271558,0.07924552535251324,1009.4058329310717,0.8091443069722468,0.4446666605506271,181.96648832864827,0.3876774033742191,208.71588076315922,0.5641863067988955,143.41792723811477,0.8169675751520918,0.5816353678339129,140.46043626861743,0.17651807748410595,462.82374405853886,0.7243929066172492,112.77962107154602,0.8260544240079296,0.1238498022990193,666.9808176306396,0.20507692448831685,402.80222948973943,0.8307848691831626,0.8111886828802878,102.4157371418564,0.49557351632523877,167.64109497690123,0.8307848691831626,0.9257910332743136,89.73783924487412,0.8385400094841339,0.4278873058539674,195.97216323363355
2,76.760074,30.707197,0.25677656772050794,0.9372924540832962,27.395565450448885,0.9372924540832962,27.395565450448885,0.9372924540832962,27.395565450448885,0.9372924540832962,27.395565450448885,0.9372924540832962,27.395565450448885,0.2900137084283192,0.10958424401965876,264.6490935104616,0.1812034342434159,160.0486821009889,0.5678456281018681,51.07263208096628,0.3665849564681874,79.11227760746556,0.24684530206610075,117.48804048563935,0.2978048281033406,0.2828058396628549,105.30363462733536,0.2987815922620845,99.67308422471785,0.7141270090444737,41.70194157784532,0.7546520473838649,39.462534970352735,1.0,29.780482810334057,0.33588046287525186,0.1948486348761668,172.38019814134998,0.37623320010143335,89.27454110501085,0.730537476000145,45.977170769427474,0.8069989011387102,41.6209318750385,0.37853855597001085,0.3712822865975149,101.95438070557944,0.8223346576020674,46.03217831944862,0.6019465542849552,62.885741811359324,0.39932714282460025,0.28703222923937066,139.12275422269087,0.8605170685761898,46.4054877476546,0.3703404054918914,107.82705232884547,0.4387886558997096,0.9287792979363144,47.24358702596717,0.5548887252001498,79.07687360946782,0.47604128609756086,0.30260949367852874,157.3120791125192,0.7866880803738544,60.51207562104333,0.4839659954841387,0.5003924504606765,96.71728561024152,0.0,0.5522562882639199,0.0
2,76.756212,30.681968,0.9699120461072704,0.6306659112118383,153.79173487331244,0.6306659112118383,153.79173487331244,0.6306659112118383,153.79173487331244,0.6306659112118383,153.79173487331244,0.6306659112118383,153.79173487331244,0.9717484155804138,0.35901046527129715,270.6741194427529,0.35072823623516863,277.06592032950596,0.8398630182642315,115.70320331388726,0.13694007465671243,709.6158067800362,0.6063858152246367,160.25249786234326,0.9718026368033009,0.5070657245700574,191.65220398742102,0.4006882415677909,242.53335535899055,0.899688374883349,108.01547112680011,0.7192041061191842,135.12195335579145,0.9659045460605252,100.61062873829833,0.9718026368033009,0.48901813091587787,198.7252773191088,0.3040927876283162,319.57437872255855,0.7363101586455139,131.98278271632017,0.9594887348353552,101.28338160948378,0.9729066360345371,0.5010581922410345,194.17038801084394,0.8138748166911077,119.54008357083583,0.4425076656445807,219.86209766950554,0.9740825405001179,0.4722120383948807,206.280751293671,0.9408662178376216,103.53039805582954,0.3027929609385415,321.6992024784319,0.9765205421238835,1.0,97.65205421238835,0.7748966804426076,126.01945095004302,0.9773360854236279,0.20328956139181442,480.7605854094685,0.7739134782029063,126.28492886479847,0.0,0.10998533528862818,0.0,0.0,0.6239584722037061,0.0
2,76.712239,30.733528,0.404140321651033,1.0,40.4140321651033,1.0,40.4140321651033,1.0,40.4140321651033,1.0,40.4140321651033,1.0,40.4140321651033,0.404140321651033,0.5545591329125723,72.87596536882691,0.5303320817022183,76.20514307824921,0.5264174056616335,76.771838716671,0.42822428164363135,94.37585372315691,0.5426420068706559,74.47641659400023,0.44210858835247985,0.4455473888844505,99.2281852351148,0.4117866368405635,107.36351032286083,0.3100117173976725,142.61028327047327,0.20583339990945645,214.78952810717692,0.12382493142659318,357.0432733205865,0.0,0.4930028494580704,90.60655036783034,0.30175627812841205,148.0310129352058,0.08168890309179516,0.0,0.46775052595137284,95.49810215617016,0.0,0.3836848552635083,0.0,0.1859337967031504,0.0,0.2189289233309366,0.0,0.0,0.38328539852467314,0.0,0.3429136374530638,0.0,0.49951399430108384,0.0,0.0,0.42247210460440465,0.0,0.3550504647013395,0.0,0.0,0.5498721738435727,0.0,0.05039146760405848,0.0,0.0,0.6456685574285639,0.0,0.0,0.3376607813373812,0.0
2,76.736815,30.711349,0.5706097466388297,1.0,57.060974663882966,1.0,57.060974663882966,1.0,57.060974663882966,1.0,57.060974663882966,1.0,57.060974663882966,0.5937973319218378,0.36900306386990334,160.91935001688455,0.35462644355408907,167.44304964140932,0.5911760546782936,100.44340044269396,0.3029271741692199,196.01983003021488,0.3270044779637049,181.5869114757948,0.0,0.21464058449210466,276.64727680783966,0.1309168041480085,0.0,0.6588640113127504,90.12441440514093,0.5170775394767853,114.83719299095507,0.733782700919161,80.92277607226598,0.0,0.2751260900306387,0.0,0.13944850341739337,0.0,0.47400424228140464,0.0,0.732255479613481,0.0,0.0,0.20784350695262785,0.0,0.5617723308979495,0.0,0.1804949328305444,0.0,0.0,0.0708460994579307,0.0,0.705453688427999,0.0,0.17251001649776102,0.0,0.0,0.7723497525335848,0.0,0.5176714588734386,0.0,0.0,0.37118076832429886,0.0,0.5165590384162149,0.0,0.0,0.4980061277398068,0.0,0.0,0.3468866368135753,0.0
2,76.739919,30.725365,0.3245858299002703,1.0,32.45858299002703,1.0,32.45858299002703,1.0,32.45858299002703,1.0,32.45858299002703,1.0,32.45858299002703,0.34890995317777773,0.38571540681705224,90.45787308757112,0.38486087737502506,90.6587220705691,0.30765675819432703,113.408837571315,0.4566587898816739,76.4049572478797,0.3246863092175824,107.46062992879762,0.0,0.16521193202131093,0.0,0.22959810957160173,164.85066444464863,0.34475031172885257,109.78786568257692,0.273798208976047,138.23830718127527,0.5332176521367596,70.98302309842919,0.0,0.25967231411804714,0.0,0.3052850030082924,0.0,0.2929379245398185,0.0,0.4071832791259385,0.0,0.0,0.11455926336074222,0.0,0.32268078093527375,0.0,0.2816633677179704,0.0,0.0,0.19226912445610947,0.0,0.4270292894326099,0.0,0.3300663568270799,0.0,0.0,0.5246549183401201,0.0,0.22250028338986597,0.0,0.0,0.4104531621949199,0.0,0.29693154172806785,0.0,0.0,0.5214809518411622,0.0,0.0,0.06429026098026734,0.0
2,76.735379,30.734311,0.24348229657629927,1.0,24.34822965762993,1.0,24.34822965762993,1.0,24.34822965762993,1.0,24.34822965762993,1.0,24.34822965762993,0.2824943582106796,0.5261298441432569,53.692897552825535,0.44859228688896186,62.97352104955033,0.3618236958526787,78.07514030968854,0.5129515859244322,55.07232377526882,0.37928527880692214,74.48070726585867,0.0,0.37082024105426065,93.62927139964565,0.30941549813190766,112.2103747219216,0.17579608873047883,197.49943949766524,0.11530585127170974,0.0,0.33917991527145963,102.3634579375487,0.0,0.3209992340039707,0.0,0.40711125701511675,0.0,0.16475949287936345,0.0,0.29287623692726167,0.0,0.0,0.27104535009145053,0.0,0.14331160405821572,0.0,0.2680673451202927,0.0,0.0,0.2759539777079523,0.0,0.2624396191905454,0.0,0.4341790554799982,0.0,0.0,0.3393362409917304,0.0,0.15301943128702966,0.0,0.0,0.47153308633869534,0.0,0.20110522284231427,0.0,0.0,0.6057699823351936,0.0,0.0,0.15891291094123716,0.0
2,76.7473,30.693785,0.7384492092513265,0.900461366616483,82.00787247831374,0.900461366616483,82.00787247831374,0.900461366616483,82.00787247831374,0.900461366616483,82.00787247831374,0.900461366616483,82.00787247831374,0.7547662992198356,0.2527900539070468,298.57436538914226,0.21010150065562624,359.23889018620577,0.6929046670875626,108.92787061058365,0.06568889320576951,1149.0013948865617,0.433189257442572,174.23476834946564,0.7579717581616725,0.4253800203972609,178.1869673742094,0.22475838958768393,337.23847174388504,0.8830654169297266,85.83415720174116,0.7033364091107766,107.76802513607551,0.9602544801126706,78.93446725421543,0.7818035467465245,0.3757661114078966,208.05589514640172,0.26053130008256037,300.0804688337935,0.6926132776455733,112.87735479229319,0.9250254965761741,84.51697273645306,0.7991326508333281,0.41837696080812004,191.00780532698448,0.7577776698557622,105.45740295902853,0.4218833470933903,189.42028793955402,0.8139097207970205,0.3272012044096935,248.7489990342187,0.9310669710067504,87.41688258116929,0.2184838036035161,372.52634171182206,0.8235506630228722,1.0,82.35506630228721,0.737594094507309,111.65364109551062,0.0,0.09598368219124861,0.0,0.7364479627021515,111.82740732978962,0.0,0.18108882521489972,0.0,0.0,0.5616434364528191,0.0
2,76.720504,30.729951,0.3270331615632387,1.0,32.70331615632387,1.0,32.70331615632387,1.0,32.70331615632387,1.0,32.70331615632387,1.0,32.70331615632387,0.3474326946973448,0.5021888912838275,69.1836678842389,0.47566205599696754,73.04191921912724,0.47129170599733916,73.7192465464916,0.5368618211278179,64.7154781778805,0.48940487427811186,70.99085296398393,0.3812623072901509,0.38048802241662516,100.20349783118216,0.34331774971570433,111.0523145412283,0.290182320893692,131.387158981965,0.17502954445790567,217.82740078024023,0.15745895364307322,242.13440929779927,0.40489435242947736,0.4339802145039132,93.29788292130226,0.2892309521862899,139.98998010720862,0.09038745977122556,447.95412267839134,0.4057959165471262,99.77782819370876,0.44629098118275623,0.3114246003136544,143.30627083835697,0.21669652081490676,205.95207505152314,0.19676237336762228,226.8172382475411,0.4544555605712222,0.31149892599392015,145.8931388354425,0.3269140720810447,139.013765200832,0.4407364188400735,103.11277696707131,0.0,0.4157332599986621,109.31421762422491,0.2794571252313387,0.0,0.0,0.4974766431549765,0.0,0.05297191232542756,0.0,0.0,0.6039035847275592,0.0,0.0,0.2600432575459147,0.0
2,76.731578,30.712854,0.519081785136218,1.0,51.908178513621806,1.0,51.908178513621806,1.0,51.908178513621806,1.0,51.908178513621806,1.0,51.908178513621806,0.5459066056724393,0.48340945499164933,112.92840883343284,0.39887180885510753,136.86266954773507,0.39386993421725347,138.6007304054146,0.27791506186304915,196.429298222581,0.41462728791029,131.66200623788978,0.0,0.24635297726575547,221.59529457747843,0.17067725553018168,0.0,0.5658083097583422,96.48260661028415,0.4030130542963291,135.45630838822478,0.3979600531715464,137.1762319664578,0.0,0.35109410682027337,0.0,0.14623027369712668,0.0,0.38599645523023957,0.0,0.5975067316541123,0.0,0.0,0.24064385289205492,0.0,0.4507822352500085,0.0,0.12235420430144177,0.0,0.0,0.21067521047070453,0.0,0.5961859640751218,0.0,0.2082722655850574,0.0,0.0,0.6481560380381063,0.0,0.41666382630628174,0.0,0.0,0.4238897031255326,0.0,0.42561948259995225,0.0,0.0,0.5024881556971948,0.0,0.0,0.2838286921844644,0.0
2,76.718283,30.735031,0.3961726916092554,1.0,39.61726916092554,1.0,39.61726916092554,1.0,39.61726916092554,1.0,39.61726916092554,1.0,39.61726916092554,0.45610155578230654,0.5754927703672583,79.25408958504192,0.5060322795224591,90.13289749277023,0.5019150649441586,90.87225860276796,0.5636872877498862,80.91393325596576,0.518979098834156,87.8843785437412,0.0,0.39782935966110006,114.64753535808593,0.3813534992822883,119.60072652819365,0.25528130798585585,178.66625621002277,0.1647445996568988,0.0,0.16009522809228724,284.89391046645426,0.0,0.4667646955851977,0.0,0.325827119000105,0.0,0.02987781395511676,0.0,0.4402128627945244,0.0,0.0,0.33277316808458496,0.0,0.1793229002555754,0.0,0.23872142281973183,0.0,0.0,0.35137765640864055,0.0,0.28988551622728703,0.0,0.4545881034905297,0.0,0.0,0.39180758323705495,0.0,0.3026502818331408,0.0,0.0,0.5265833420859153,0.0,0.041634282113223404,0.0,0.0,0.6083044498126947,0.0,0.0,0.28436088646150615,0.0
2,76.737422,30.69957,0.22726962726315147,1.0,22.726962726315147,1.0,22.726962726315147,1.0,22.726962726315147,1.0,22.726962726315147,1.0,22.726962726315147,0.3039366905239785,0.42067693601406625,72.24943050213137,0.32588296001834727,93.26559771853883,0.6487080498432842,46.85261584119449,0.15054277195933036,201.8939113238117,0.3956215121168107,76.82511724343203,0.3624666759659322,0.33737864077669905,107.43616582587342,0.17956387126366485,201.85946839701384,0.7876595826007188,46.0181890721279,0.6589710266799175,55.004948820305785,0.5570866141732284,65.06468953734755,0.0,0.33912736029355556,120.53003158801384,0.08927069795887166,0.0,0.6002885864995031,68.09230154932462,0.8770736182249064,46.60387748438751,0.0,0.3304888769971715,0.0,0.7125315342863696,0.0,0.24801238437428333,0.0,0.0,0.2889209540555004,0.0,0.8756020181943277,0.0,0.13891330938001684,0.0,0.0,0.9338735570675025,0.0,0.6445417017047627,0.0,0.0,0.24296689855515635,0.0,0.6843226817521597,0.0,0.0,0.2826905435364269,0.0,0.0,0.47143758122467705,0.0
2,76.725031,30.72097,0.3664615348713979,1.0,36.646153487139784,1.0,36.646153487139784,1.0,36.646153487139784,1.0,36.646153487139784,1.0,36.646153487139784,0.4187960967276587,0.5347204101367634,78.32057441393435,0.458579563769206,91.32463149588378,0.4540668314172128,92.2322591633772,0.3532364272667271,118.55971366492953,0.4727701115903545,88.5834545079146,0.46442156466880474,0.3601590200924036,128.94903050037487,0.3219235905386115,144.26453305015,0.40523262060814447,114.60616471888017,0.28580638229289784,162.49516926212652,0.2611782222290442,177.8178749763919,0.0,0.4155474374127001,124.24375380518417,0.20438533208491305,252.60703878118346,0.2547391364410812,0.0,0.4609740748131207,112.0001673178892,0.0,0.28884556938709727,0.0,0.3288308339345194,0.0,0.10890420420881365,0.0,0.0,0.28907581083362754,0.0,0.4431610615665628,0.0,0.4223702589448802,0.0,0.0,0.5065925800856499,0.0,0.2902884157853536,0.0,0.0,0.4811125266696343,0.0,0.17577399499608592,0.0,0.0,0.5908532748008412,0.0,0.0,0.23579026539164072,0.0
2,76.730468,30.707526,0.3797857801792298,1.0,37.978578017922985,1.0,37.978578017922985,1.0,37.978578017922985,1.0,37.978578017922985,1.0,37.978578017922985,0.4266287256394431,0.4759566762038949,89.63604188560217,0.3901994173934841,109.33607448450468,0.46579996023753745,91.59054574025323,0.24619015101091737,173.2923611637592,0.406182198518416,105.0338314174298,0.45462306993238555,0.274577091635188,165.57210480487296,0.20012620259839045,227.1681888876464,0.6136298806261723,74.08750523499118,0.47507498681787924,95.69501290259805,0.39909410737593676,113.9137515513708,0.0,0.341732433203385,148.0855199226048,0.1125969210023598,0.0,0.45781289168186573,110.53778948738284,0.6723745969728664,75.26403477046034,0.0,0.2683447578379593,0.0,0.52353332699439,0.0,0.11952077588665969,0.0,0.0,0.22247097772437696,0.0,0.6710434188802544,0.0,0.2417211959857201,0.0,0.0,0.7237546137422527,0.0,0.48892269658647897,0.0,0.0,0.32980369445140767,0.0,0.30312826851763813,0.0,0.0,0.5344074960885837,0.0,0.0,0.32758218295919156,0.0
2,76.743991,30.750429,0.3938644056541585,1.0,39.386440565415846,1.0,39.386440565415846,1.0,39.386440565415846,1.0,39.386440565415846,1.0,39.386440565415846,0.3938644056541585,0.619155030433226,63.61321257110186,0.8151987110633727,48.31514087410522,0.3612334407447189,109.03320712561039,0.8804063730755459,44.736659990120465,0.4599087003222342,85.63969443896106,0.3938644056541585,0.5356337271750806,73.53241322785811,0.572234156820623,68.8292372902903,0.1502953813104189,262.0602191631385,0.20008950948800575,196.8441057514654,0.5899928392409595,66.75748915205054,0.0,0.5955424274973147,67.81287102922583,0.7294038668098818,55.36773749903069,0.3433494450411744,117.6219807883029,0.28122090941639816,0.0,0.0,0.4836376655925528,0.0,0.27987826709631225,0.0,0.598532044396706,0.0,0.0,0.5339151450053705,0.0,0.06862692445399213,0.0,0.7548424633011099,0.0,0.0,0.17558181167203724,0.0,0.2521392767633369,0.0,0.0,0.8309165771571787,0.0,0.3837450769781597,0.0,0.0,0.9513426423200859,0.0,0.0,0.46726638023630507,0.0
2,76.75884,30.716926,0.657845304603036,0.9136635944700461,72.00082268623247,0.9136635944700461,72.00082268623247,0.9136635944700461,72.00082268623247,0.9136635944700461,72.00082268623247,0.9136635944700461,72.00082268623247,0.6712203367988259,0.2722811059907834,246.51741234720356,0.3025576036866359,221.84877478538607,0.49216589861751153,136.3809111286004,0.48831797235023044,137.45558730273694,0.1859216589861751,361.02320754825934,0.0,0.19929723502304147,0.0,0.298963133640553,227.94523485956452,0.5350115207373272,127.37524159877903,0.6957834101382488,97.94315403195183,1.0,68.14722171204723,0.0,0.0,,0.3953110599078341,0.0,0.6825460829493087,0.0,0.7203341013824884,0.0,0.0,0.19099078341013825,0.0,0.5968087557603687,0.0,0.5666820276497696,0.0,0.0,0.24965437788018432,0.0,0.6437327188940093,0.0,0.32963133640552994,0.0,0.0,0.7310483870967742,0.0,0.37349078341013825,0.0,0.0,0.4246198156682027,0.0,0.7345391705069124,0.0,0.0,0.5796198156682028,0.0,0.0,0.287926267281106,0.0
2,76.739484,30.740651,0.7648832615421283,1.0,76.48832615421283,1.0,76.48832615421283,1.0,76.48832615421283,1.0,76.48832615421283,1.0,76.48832615421283,0.7648832615421283,0.4474312863549576,170.94988322638858,0.6125127658629723,124.87629714369795,0.36543670352115804,209.3066334531017,0.6856356289685183,111.55827224043644,0.38527596465521063,198.52867339560981,0.0,0.3455441587851339,223.4197130148346,0.4543847964122375,169.90308082334388,0.10733093557124461,0.0,0.16930864526441988,455.9801223921959,0.4255938901469739,181.3968164887575,0.0,0.3190622086053017,0.0,0.5653834199191865,0.0,0.2274232938146619,0.0,0.28710092802273435,0.0,0.0,0.29395675147639977,0.0,0.15839438746059234,0.0,0.4074064206740376,0.0,0.0,0.41636694640557703,0.0,0.205781270813907,0.0,0.563163269837041,0.0,0.0,0.2924292882198837,0.0,0.12820034634341282,0.0,0.0,0.6385773278273611,0.0,0.2687180853425692,0.0,0.0,0.7581102082500778,0.0,0.0,0.2777141334754229,0.0
2,76.732449,30.702766,0.9555236959549347,1.0,95.55236959549347,1.0,95.55236959549347,1.0,95.55236959549347,1.0,95.55236959549347,1.0,95.55236959549347,0.9555236959549347,0.4612164732230141,207.17466773848426,0.37304704857716714,256.1402642372812,0.5352197792431702,178.52921977324849,0.2080570910577487,459.2603362361333,0.3894793906969303,245.33357060180532,0.9557823870202663,0.27120029860827216,352.42674581299775,0.17762748618048024,538.0824823750158,0.6899717388599562,138.52486025000246,0.544755692220188,175.45156492535426,0.47242317057997546,202.314883464943,0.0,0.3232167931604486,0.0,0.07071506016601198,1354.9125946014653,0.5270080517587672,181.80505084728262,0.7476049128170491,128.15957199357908,0.0,0.26479266276816976,0.0,0.5945770604859494,0.0,0.1889052807450987,0.0,0.0,0.20060077140470306,0.0,0.7462274044186915,0.0,0.20335578820141836,0.0,0.0,0.8004301381063259,0.0,0.5589929080535361,0.0,0.0,0.2940225022662235,0.0,0.3772773324327687,0.0,0.0,0.5383391692291285,0.0,0.0,0.3958781393860756,0.0
2,76.729602,30.744926,0.5670162609866678,1.0,56.70162609866678,1.0,56.70162609866678,1.0,56.70162609866678,1.0,56.70162609866678,1.0,56.70162609866678,0.5670162609866678,0.5249020434395019,108.023252733254,0.5124907571852088,110.63931457045851,0.3940790701210031,143.88388117454798,0.5693919437207599,99.58276846725862,0.40951025175008804,138.46204302907196,0.5670162609866678,0.41174925884718777,137.70911514794108,0.38944211406497264,145.59705807576566,0.16481580020316916,344.0302812519821,0.08588388951467447,660.2126012117617,0.2529179652677479,224.1897922855754,0.0,0.35798544645386887,159.85903929209653,0.44812621365932537,127.70332956726567,0.15007567014726306,0.0,0.33311450033516,171.79441151042397,0.0,0.3475367466674038,0.0,0.0,,0.3470875631448375,0.0,0.0,0.35986510673291544,0.0,0.1989675689496707,0.0,0.46776589936906987,0.0,0.0,0.28154823194455,0.0,0.21073617724090749,0.0,0.0,0.5327800313737414,0.0,0.18126282764482712,0.0,0.0,0.6194724512290353,0.0,0.0,0.299764351413546,0.0
2,76.764742,30.727141,0.3732517916293401,0.8670011561212692,43.050898951411845,0.8670011561212692,43.050898951411845,0.8670011561212692,43.050898951411845,0.8670011561212692,43.050898951411845,0.8670011561212692,43.050898951411845,0.39503577463908424,0.3862342997609186,102.27879162560491,0.48925256198718164,80.74270945758157,0.25352729231908944,155.81587726732482,0.6912482742364547,57.1481751727245,0.1510590295316025,261.510864900956,0.4325186293568562,0.30174765127790687,143.33786113168796,0.3989628582011651,108.4107506415476,0.3981883691955416,108.62161298951847,0.6245636484044405,69.25132938200973,1.0,43.25186293568562,0.0,0.22398446532197416,0.0,0.4927209257949736,87.78166436893565,0.6907094992760212,62.619470241861144,0.47582808588970826,90.89808739392262,0.0,0.3125568239216082,0.0,0.6107799890000112,0.0,0.5918667429931194,0.0,0.0,0.35091086641748326,0.0,0.5255749739030878,0.0,0.5246208932439864,0.0,0.0,0.5890381744508424,0.0,0.3937210268152787,0.0,0.0,0.6317697635002413,0.0,0.7500308673154416,0.0,0.0,0.7710318662940139,0.0,0.0,0.31034560168816155,0.0
2,76.752876,30.717853,0.8129857387160935,1.0,81.29857387160935,1.0,81.29857387160935,1.0,81.29857387160935,1.0,81.29857387160935,1.0,81.29857387160935,0.8239561535564583,0.28253432726107564,291.63045833899054,0.3351678902281573,245.83385747231645,0.369283109196973,223.1231629705993,0.41277530133539403,199.6137246804323,0.21658451998379052,380.4316918024078,0.8409588583794411,0.0698325338560564,1204.25081540487,0.1673624789135905,502.4775348921723,0.4493502087436741,187.14998725173731,0.4919659601737803,170.93842388655992,0.6834446947064866,123.04709728423612,0.0,0.14630905372675782,0.0,0.2851542252923825,296.98940787062173,0.4731460451791049,178.98867671890355,0.5559272836934908,152.33608244362216,0.0,0.06303776234320664,0.0,0.5447974291072556,0.0,0.3727982961238703,0.0,0.0,0.1270273581438305,0.0,0.7056195870362167,0.0,0.2759563099018952,0.0,0.0,0.6509692680306471,0.0,0.3591710567236196,0.0,0.0,0.3628370291487216,0.0,0.5169775046884866,0.0,0.0,0.4828434375323953,0.0,0.0,0.20351330210816973,0.0
2,76.740917,30.734954,0.44375021930457115,1.0,44.375021930457116,1.0,44.375021930457116,1.0,44.375021930457116,1.0,44.375021930457116,1.0,44.375021930457116,0.4735556225024402,0.47300303491296597,100.11682537926546,0.4613449939225294,102.64674565471957,0.20923316846442577,226.32913604372197,0.5170360290801231,91.59044938221415,0.2910993723769408,162.6783385466181,0.49546381575392673,0.22650235836435773,218.74554390153872,0.32235821146539667,153.6997657052431,0.19789620138979136,250.3655008405258,0.18727782831719045,264.560850692248,0.41362729434068995,119.78508733174435,0.0,0.33033919165819386,156.69754013730258,0.3880713395662444,133.3861418409329,0.2029722271062831,0.0,0.29080887692931023,177.99779460090738,0.0,0.18209477796209797,0.0,0.1692747551811392,0.0,0.2762993937818685,0.0,0.0,0.3363555052709634,0.0,0.2700384524237258,0.0,0.4097896965851496,0.0,0.0,0.32797700499193494,0.0,0.09392940960622578,0.0,0.0,0.4747689414498781,0.0,0.2374800284379754,0.0,0.0,0.5776119745281361,0.0,0.0,0.13802356070972624,0.0
2,76.750122,30.751839,0.7181230762264944,0.933011161801035,76.96832638532082,0.933011161801035,76.96832638532082,0.933011161801035,76.96832638532082,0.933011161801035,76.96832638532082,0.933011161801035,76.96832638532082,0.7388938466699273,0.6160178156048831,119.94683074943038,0.7879708603061832,93.77172226683788,0.28961177128225474,255.13253256194605,0.8622085579818599,85.69780940233638,0.42331896784896406,174.5477766858671,0.0,0.5071406675442235,147.27478290655858,0.6274320644823919,119.03923300011516,0.11900210974268353,0.0,0.2525830823881566,295.70084824954546,0.5127756640279856,145.65635024283532,0.0,0.48569161692843105,0.0,0.7401229781632617,0.0,0.3115837495717403,0.0,0.2090087815785203,0.0,0.0,0.45476675622554413,0.0,0.2415024253024866,0.0,0.5797374542438286,0.0,0.0,0.5888345925672143,0.0,0.051373135943163166,0.0,0.7279423697639612,0.0,0.0,0.12581820148944228,0.0,0.2193050471536506,0.0,0.0,0.8144328037939306,0.0,0.353508123410931,0.0,0.0,0.9258704942568117,0.0,0.0,0.43827650251546246,0.0
2,76.727024,30.707493,0.8707534503372591,1.0,87.07534503372591,1.0,87.07534503372591,1.0,87.07534503372591,1.0,87.07534503372591,1.0,87.07534503372591,0.8707534503372591,0.47383262278022087,183.768151130688,0.40795259995300276,213.44476060149444,0.49493101480412227,175.93430686130574,0.2681358890865756,324.7433431248402,0.4234700728456812,205.6233736863324,0.0,0.3364161267581993,258.83225597062926,0.22341300480042967,0.0,0.6248783107858605,139.34768343010347,0.5039360166504414,172.79047767313347,0.4165883379771056,209.0201215342502,0.0,0.3608966396992178,0.0,0.15069320890261503,0.0,0.4603209238309443,0.0,0.6954916244251234,0.0,0.0,0.3303652354896103,0.0,0.5384453993084696,0.0,0.1451458592097754,0.0,0.0,0.2451072543556346,0.0,0.6663533519084226,0.0,0.30451676793447247,0.0,0.0,0.7259139279599852,0.0,0.4991859411192051,0.0,0.0,0.34930679109738494,0.0,0.32354224713820534,0.0,0.0,0.5886820638490717,0.0,0.0,0.347158347040854,0.0
2,76.746288,30.747585,0.8030258978326634,0.969224927530863,82.85237771158054,0.969224927530863,82.85237771158054,0.969224927530863,82.85237771158054,0.969224927530863,82.85237771158054,0.969224927530863,82.85237771158054,0.0,0.5639534345277234,144.72381088035107,0.7822036174370467,104.34302320326897,0.3083249210480009,0.0,0.8584698593218926,95.07321581259072,0.44566898506163344,183.13477701982663,0.0,0.6139640849440158,0.0,0.6172981283051019,0.0,0.0,,0.2322624262574437,0.0,0.49952304657473345,0.0,0.0,0.43008233234855564,0.0,0.7330542615557016,0.0,0.2928586643451846,0.0,0.22552951091436135,0.0,0.0,0.39951100697370734,0.0,0.2208803726719579,0.0,0.5683062133602526,0.0,0.0,0.5776600572344109,0.0,0.15942284004926974,0.0,0.7939746427479926,0.0,0.0,0.24978467636626317,0.0,0.1870768774831677,0.0,0.0,0.8093945932930161,0.0,0.3359326523241061,0.0,0.0,0.9610935662224362,0.0,0.0,0.3298943293479167,0.0
2,76.728869,30.724373,0.9994137257706666,1.0,99.94137257706666,1.0,99.94137257706666,1.0,99.94137257706666,1.0,99.94137257706666,1.0,99.94137257706666,0.9994445147464699,0.46941426172902084,212.91311241059398,0.44129945829505496,226.47762102581973,0.4366506161497767,228.8888364704947,0.5150315202584979,194.05501904909468,0.4559429150695347,219.20386998316383,0.0,0.33973770076345555,294.1925846564781,0.3002819400006336,0.0,0.36141381822789626,276.5481208851452,0.23651281401463556,422.5915314959014,0.26010548991034943,384.2606794931523,0.0,0.3968939081952672,0.0,0.23884119491874428,0.0,0.20611714765419584,0.0,0.4172791206006272,0.0,0.0,0.2661481927329173,0.0,0.2798492096176387,0.0,0.14031266829283748,0.0,0.0,0.26638578262109164,0.0,0.40055279247315234,0.0,0.4039344885481674,0.0,0.0,0.4567507206893275,0.0,0.26763708936547664,0.0,0.0,0.47124370386796344,0.0,0.12981911489846992,0.0,0.0,0.5777948490512244,0.0,0.0,0.2113995628346058,0.0
2,76.717378,30.731993,0.8785155613013479,1.0,87.8515561301348,1.0,87.8515561301348,1.0,87.8515561301348,1.0,87.8515561301348,1.0,87.8515561301348,0.8810915761368675,0.5217959988850055,168.8574803217386,0.49577945979944393,177.71845096069381,0.49158393550185475,179.23522566647077,0.5546311583792554,158.86081458380298,0.5089950039668074,173.10416983863465,0.8810915761368675,0.40476445740506467,217.6800754160888,0.3685128403056228,239.09386044897164,0.25925767094795976,339.8516899867264,0.1474151424834359,597.6940776188376,0.12071960031734459,729.8662137885451,0.8889431317040901,0.4557039832464924,195.0703009816038,0.2887264046429516,307.8842521533096,0.0671283887614269,1324.2432123067606,0.42860103923208326,207.40573408239825,0.8973944567651746,0.3383508087284059,265.22604161573406,0.18747632423469204,478.6708190639434,0.19981273809779074,449.11774159562293,0.8981851174243065,0.337921964677545,265.7966072970074,0.2945729785363552,304.9108991215416,0.46269414127552516,194.12070249003975,0.0,0.379984418666152,236.37419675711413,0.307602690281679,0.0,0.0,0.5167642286882376,0.0,0.0,,0.0,0.6196010320846823,0.0,0.0,0.2889336792675343,0.0
2,76.723448,30.733899,0.03038705969683686,1.0,3.038705969683686,1.0,3.038705969683686,1.0,3.038705969683686,1.0,3.038705969683686,1.0,3.038705969683686,0.11013583946160842,0.5289396176358173,20.82200610229929,0.5175181551790037,21.28154120960523,0.39643116770214265,27.781831610262955,0.5721148441539949,19.250652309934363,0.49555956922200656,22.22454096376625,0.0,0.4062263458065096,34.7724065702093,0.38126250627655833,37.04919162879375,0.25365539259403597,0.0,0.10601575322446471,133.23932742341472,0.17183905030989338,82.2017325540418,0.0,0.4543178973717147,0.0,0.4456843509476666,0.0,0.0522059760329154,0.0,0.4008528624852922,0.0,0.0,0.33659589456880984,0.0,0.1764705882352941,0.0,0.2547720578867297,0.0,0.0,0.3949847489001971,0.0,0.29069270720136703,0.0,0.4669759354882226,0.0,0.0,0.3802507625549902,0.0,0.3043549946415055,0.0,0.0,0.5306783179573269,0.0,0.04854870983939505,0.0,0.0,0.6315004534110752,0.0,0.0,0.2847796272286466,0.0
2,76.745047,30.737274,0.6682127985550163,1.0,66.82127985550163,1.0,66.82127985550163,1.0,66.82127985550163,1.0,66.82127985550163,1.0,66.82127985550163,0.6682127985550163,0.4296543442991099,155.52334275708628,0.5137904800315316,130.0555040478772,0.2852782386316764,234.2319560580812,0.7123660595616744,93.80188592451667,0.3655004262262023,182.82134591587868,0.6682127985550163,0.3222453413017773,207.36150780508765,0.47367938623426853,141.06858309103976,0.18515632877164356,360.8911469502803,0.29078709772037725,229.7945141973163,0.5968541756418599,111.9557885033504,0.6976398316082467,0.29715757536870857,234.77100684464324,0.5576963619531242,125.0931293804791,0.3442807776565808,202.63688154676487,0.2594113495329844,268.9318847707321,0.7162647780550004,0.26899914754759524,266.2702780231928,0.279521893360954,256.24639610252956,0.4236780113110351,169.05875663421398,0.0,0.43444824330641535,164.86768886525812,0.2620787006058828,273.30140770658363,0.58374657414961,0.0,0.0,0.31389497419727397,0.0,0.0,,0.0,0.6638037709561215,0.0,0.3944838079873873,0.0,0.0,0.7849711724428718,0.0,0.0,0.2522342502543608,0.0
2,76.739675,30.751624,0.21567515239771717,1.0,21.567515239771716,1.0,21.567515239771716,1.0,21.567515239771716,1.0,21.567515239771716,1.0,21.567515239771716,0.21567515239771717,0.5478066513601892,39.37067063026736,0.7400420928129131,29.14363311118319,0.3793658248104084,56.8514974973043,0.8033987337368677,26.845343830023502,0.48023203228275235,44.91061359912188,0.0,0.46841299659083,47.46358502478218,0.5843682599318166,38.045461423582346,0.09401308008070688,0.0,0.2227962151255827,99.78876920269998,0.5212290405621652,42.65410857849212,0.0,0.5248730258122869,0.0,0.6566826688930634,0.0,0.28158700340917,0.0,0.3016245738537536,0.0,0.0,0.4178929242329368,0.0,0.1377495999443401,0.0,0.5295258470743756,0.0,0.0,0.5471456898351075,0.0,0.13699297293536492,0.0,0.681399151186252,0.0,0.0,0.24092047589229806,0.0,0.25592256313921935,0.0,0.0,0.7553137827871704,0.0,0.320835942391985,0.0,0.0,0.8723213664509845,0.0,0.0,0.4019863633201141,0.0
2,76.727989,30.713761,0.01823258267636163,1.0,1.823258267636163,1.0,1.823258267636163,1.0,1.823258267636163,1.0,1.823258267636163,1.0,1.823258267636163,0.0,0.5058119630251553,0.0,0.42494986876212526,4.2905255458656715,0.430362412168441,4.236564848796673,0.2891471983566736,6.305640441956168,0.44002184580772435,4.1435630639867576,0.0,0.31519913920996434,0.0,0.2457082769526729,0.0,0.48990854105870657,0.0,0.35341299988588015,0.0,0.3048549862240989,0.0,0.0,0.37924485237776945,0.0,0.16316699000635812,0.0,0.3371346125629697,0.0,0.5394691794779831,0.0,0.0,0.25176478260160745,0.0,0.3991098648494433,0.0,0.04480836009716494,0.0,0.0,0.2551150165473842,0.0,0.5382138606759158,0.0,0.2842074373563312,0.0,0.0,0.58792122466946,0.0,0.3664715759956961,0.0,0.0,0.36798774026312786,0.0,0.21757772379725787,0.0,0.0,0.5602226968160551,0.0,0.0,0.2930761831787281,0.0
2,76.742796,30.699565,0.06026739028956085,1.0,6.026739028956085,1.0,6.026739028956085,1.0,6.026739028956085,1.0,6.026739028956085,1.0,6.026739028956085,0.12557421032910304,0.3799349507016323,33.051502657811035,0.2784641819743894,45.09528278960208,0.6240027819825716,20.123982449265796,0.21853905003477475,57.46076516262023,0.35310722906353553,35.56262800456802,0.13187745057195727,0.394888107024506,33.39615658867468,0.12186515566828948,108.21587996073359,0.8768461318168801,15.0399763181596,0.6349772941128339,20.76884509015577,0.8427873010677903,15.647773810173915,0.2076925821910589,0.292640019637524,70.97203671880405,0.18746675939941906,110.78901820057946,0.6145522235404819,33.79575799018775,0.8684285889620749,23.915907978028237,0.0,0.31026265188397495,84.21562732797312,0.6923147731456858,37.74145067875231,0.38385222763163274,0.0,0.0,0.23891298122161764,0.0,0.8668534958883933,0.0,0.0,,0.0,0.9292230904553451,0.0,0.6513623532299635,0.0,0.0,0.19406374013009858,0.0,0.6621118520639856,0.0,0.0,0.288640919690709,0.0,0.0,0.46355807388618414,0.0
2,76.735225,30.752778,0.6675933855635847,1.0,66.75933855635847,1.0,66.75933855635847,1.0,66.75933855635847,1.0,66.75933855635847,1.0,66.75933855635847,0.67105405917178,0.41413698142247496,162.03673887486403,0.551328283502827,121.71587768149372,0.3199582784784365,209.73173826380787,0.603696425050721,111.15753403962923,0.38505911608886173,174.27299630971933,0.0,0.35607665057589694,193.32659782061197,0.4380823364052076,157.13732716108362,0.11127435080422049,0.0,0.1703268397855412,404.1587779464024,0.28684818072542023,239.9843960840451,0.0,0.33763268525055173,0.0,0.49375767173557716,0.0,0.21945138743139164,0.0,0.2630999853720275,0.0,0.0,0.31913148003281755,0.0,0.12448404596999357,0.0,0.40076828655562124,0.0,0.0,0.4108615875802154,0.0,0.142705411713826,0.0,0.5118327577544154,0.0,0.0,0.21870726883033462,0.0,0.2006830627158421,0.0,0.0,0.5700012083977282,0.0,0.24485317967602221,0.0,0.0,0.6514535752672785,0.0,0.0,0.3074927019137204,0.0
2,76.742851,30.7107,0.9309486955069778,1.0,93.09486955069778,1.0,93.09486955069778,1.0,93.09486955069778,1.0,93.09486955069778,1.0,93.09486955069778,0.9375182596948168,0.3049796532371603,307.40354307038893,0.2902740545023239,322.9769402925783,0.532236601029874,176.1468974288363,0.3605234228848045,260.0436477034047,0.26202966191587435,357.7908900999959,0.9402644052138422,0.14708491639505505,639.2663695632721,0.11495438853638308,817.94563668724,0.6014734527781527,156.3268338562316,0.506026884727392,185.81313238334832,0.6781064974638868,138.66028547586907,0.945113560325942,0.20896414726813367,452.28503199317413,0.197845750323041,477.70222953122214,0.41238356058706677,229.18313207744848,0.7261287149717459,130.15785505228462,0.0,0.1401323021735357,0.0,0.5021600354862973,188.2096330925028,0.327476808547569,288.60473036784697,0.0,0.0,,0.6491292356945864,0.0,0.22525120055543768,0.0,0.0,0.7175657171510674,0.0,0.457050008678714,0.0,0.0,0.30720718983240436,0.0,0.45591213284218235,0.0,0.0,0.4369443212281344,0.0,0.0,0.28235713872442186,0.0
2,76.737358,30.730679,0.1957779856835461,1.0,19.57779856835461,1.0,19.57779856835461,1.0,19.57779856835461,1.0,19.57779856835461,1.0,19.57779856835461,0.26638661333419145,0.39393369828254593,67.622194926601,0.44751701399494087,59.5254716588726,0.3216330302531933,82.82315193949103,0.5120018169145345,52.02845078548965,0.33912083264807463,78.55212292741575,0.0,0.20758248557040934,139.47481389644167,0.3080688234695236,93.98071579274178,0.21185066842092898,136.66479675942048,0.15446123001981377,187.442043154646,0.36452631001887403,0.0,0.0,0.2807289586416998,0.0,0.4059550940174957,0.0,0.1897657589925522,0.0,0.3061500990688313,0.0,0.0,0.16208913845358644,0.0,0.182521595438918,0.0,0.2666400394709019,0.0,0.0,0.2745420513904878,0.0,0.30505368512557857,0.0,0.3816147044772847,0.0,0.0,0.35270070248807656,0.0,0.12763824605095192,0.0,0.0,0.47050254916241807,0.0,0.2261823649648756,0.0,0.0,0.5535324107793154,0.0,0.0,0.11694037857607155,0.0
2,76.748739,30.719108,0.8980305489499869,1.0,89.8030548949987,1.0,89.8030548949987,1.0,89.8030548949987,1.0,89.8030548949987,1.0,89.8030548949987,0.8980305489499869,0.2895841887200926,310.11035268158537,0.34170057108730545,262.81212995706045,0.28531036542122357,314.7556688394976,0.41853607554775857,214.5646699092045,0.22428240827143445,400.4016881534279,0.9078513808726589,0.05420663655705274,1674.7974759827443,0.1755440259788735,517.1644980854647,0.402541898398716,225.5296615045612,0.41697771639729764,217.72179787364354,0.6065843006979956,149.6661518980949,0.0,0.15469747303198836,0.0,0.29217834347355454,310.7182312281231,0.3983427270351984,227.9071059310289,0.4691407562241051,193.5136457082797,0.0,0.0,,0.469290060094808,0.0,0.31306222238811543,0.0,0.0,0.13560524056586168,0.0,0.5081463924452242,0.0,0.28307080736068085,0.0,0.0,0.563258183718413,0.0,0.27385129334478,0.0,0.0,0.36909783136127805,0.0,0.4417434959501325,0.0,0.0,0.4879250494569072,0.0,0.0,0.1390858870516218,0.0
2,76.704889,30.732946,0.38019561878585706,1.0,38.019561878585705,1.0,38.019561878585705,1.0,38.019561878585705,1.0,38.019561878585705,1.0,38.019561878585705,0.0,0.6279602093855283,66.69940653474853,0.5670837603480758,73.85958869240486,0.5634753579252914,74.33257320722879,0.6176136677446872,67.81678495943788,0.5784244536768272,0.0,0.0,0.45592901020539667,0.0,0.4578129890213743,0.0,0.3309972814247053,0.0,0.267972973802262,0.0,0.0,,0.0,0.5326689290777096,0.0,0.3376679165158052,0.0,0.16461801869250645,0.0,0.5093984154940381,0.0,0.0,0.39891256988211327,0.0,0.2245985038630771,0.0,0.23726473277570836,0.0,0.0,0.4315416101575301,0.0,0.4070928427215209,0.0,0.5056734150337828,0.0,0.0,0.46696900333224917,0.0,0.39959374789049606,0.0,0.0,0.5850950887679269,0.0,0.10364951857284002,0.0,0.0,0.6403932422232177,0.0,0.0,0.3564831577203243,0.0
2,76.732014,30.741725,0.0057586604981215705,1.0,0.575866049812157,1.0,0.575866049812157,1.0,0.575866049812157,1.0,0.575866049812157,1.0,0.575866049812157,0.023141839594527792,0.5662879871802209,4.0865849388330595,0.49532135294454305,4.67208600173528,0.40211326045899387,5.7550550728201415,0.5542265209179877,4.175520066451716,0.4180879070566016,5.535161195512599,0.0,0.3915612659531849,10.253785445089305,0.3679391060493333,0.0,0.1351227608309964,29.713611422676728,0.054047673553482514,74.2859950432188,0.3178046128312253,12.633501993326085,0.0,0.3647484690665599,0.0,0.42922652091798774,0.0,0.12067904767355349,0.0,0.339001602472386,0.0,0.0,0.3250944314084588,0.0,0.0684699250271848,0.0,0.3246222743661649,0.0,0.0,0.33731328335145655,0.0,0.1704773078463916,0.0,0.44955073542036283,0.0,0.0,0.2906698906884908,0.0,0.1826603903164883,0.0,0.0,0.5163180335374579,0.0,0.15058948091340926,0.0,0.0,0.6066001831397012,0.0,0.0,0.27563240428089053,0.0
2,76.763248,30.749912,0.6178472402012138,0.9009066120152144,68.5806089067509,0.9009066120152144,68.5806089067509,0.9009066120152144,68.5806089067509,0.9009066120152144,68.5806089067509,0.9009066120152144,68.5806089067509,0.6342110066600739,0.5658769994963266,112.07577039260647,0.795899404276013,79.68481987205175,0.17198707817357625,368.755032875204,0.8591625128089342,73.81735087423601,0.411379543915105,154.1668797199488,0.0,0.4870347534605832,130.30987352465942,0.638023863695573,99.47188614224657,0.21147333136495475,300.1108305994169,0.41699810688295674,152.1959838138445,0.7208433923267972,0.0,0.0,0.5429685464682078,0.0,0.7126630425343453,0.0,0.4815551348628793,0.0,0.0,,0.0,0.43658926307379686,0.0,0.41860465116279066,0.0,0.585693940288657,0.0,0.0,0.6539156260312278,0.0,0.21873317470517745,0.0,0.7373430362818486,0.0,0.0,0.12637858867256022,0.0,0.24576653872205917,0.0,0.0,0.8111485488997343,0.0,0.5207461312676938,0.0,0.0,0.9279833961477674,0.0,0.0,0.42070618476127625,0.0
2,76.761443,30.701343,0.0,0.7563601695354356,86.10090843909539,0.7563601695354356,0.0,0.7563601695354356,86.10090843909539,0.7563601695354356,86.10090843909539,0.7563601695354356,86.10090843909539,0.0,0.10786640276065038,0.0,0.0,,0.5848039876060892,0.0,0.262489766733334,0.0,0.39279163514647825,0.0,0.0,0.386936652193287,0.0,0.31914320355651354,0.0,0.8752422304894352,0.0,0.7132405517155618,0.0,0.9576057782982207,0.0,0.0,0.2721478979056778,0.0,0.4136934061492865,0.0,0.672048415009482,0.0,0.9497611374211132,0.0,0.0,0.3794650721769138,0.0,0.7685157359143618,0.0,0.5678297184426782,0.0,0.0,0.311941056384004,0.0,0.9264551964269061,0.0,0.2821376387320076,0.0,0.0,1.0,0.0,0.5808661229650048,0.0,0.0,0.23086249598441438,0.0,0.7188157390232024,0.0,0.0,0.2752981896185453,0.0,0.0,0.5323163970611094,0.0
2,76.713972,30.720256,0.12020905537060844,1.0,12.020905537060845,1.0,12.020905537060845,1.0,12.020905537060845,1.0,12.020905537060845,1.0,12.020905537060845,0.12020905537060844,0.5758194857442714,20.876170110018606,0.5064124540843099,23.73738133829455,0.5022984082560784,23.931800976228512,0.3831729928284065,31.372006279273645,0.5193493090781879,23.14608939866925,0.0,0.4041210425048102,0.0,0.38182963092531047,39.621805683794925,0.37730278117894,40.09718506067093,0.280951548014693,53.848357653635674,0.20374322196956446,74.25414840596636,0.0,0.4671820885079587,0.0,0.2443939128913766,0.0,0.18880531747419976,0.0,0.4406436942452335,0.0,0.0,0.3391079237362253,0.0,0.32017491691446565,0.0,0.1573552562532797,0.0,0.0,0.35187685849221617,0.0,0.4118803568305055,0.0,0.4608361028511457,0.0,0.0,0.4822319398285814,0.0,0.30901521777155855,0.0,0.0,0.5269476998425747,0.0,0.14683925135560608,0.0,0.0,0.6144341437817037,0.0,0.0,0.2907398985481896,0.0
2,76.753596,30.742354,0.5444890979608495,0.9237065851075411,58.94610980796009,0.9237065851075411,58.94610980796009,0.9237065851075411,58.94610980796009,0.9237065851075411,58.94610980796009,0.9237065851075411,58.94610980796009,0.5809462094439564,0.5434470608031198,106.9002394797056,0.6343003632548425,91.58850334924843,0.2173689263691342,267.26276802664887,0.8487394957983193,68.44811774636713,0.364155556215419,159.5324304485672,0.6128064426740079,0.42232582078767905,145.1027648584365,0.5909968227573714,103.69031085732084,0.18320119567261534,334.4991501961083,0.37854717858875,161.88376966870882,0.7121873484376082,86.04567941544855,0.6196763703163027,0.40037216299947537,154.7750886759614,0.7028634775464956,88.16454263343199,0.43943937999227956,141.01521131929272,0.25083390246557985,247.04649739336432,0.6331924852259163,0.36482861695915114,173.558886499524,0.3663825954410032,172.82275225540187,0.5581455196919757,113.44577048210597,0.6399592128205949,0.548623689758589,116.64811869538413,0.19146598568756124,334.24172472331225,0.730983559501539,87.54768893256448,0.0,0.35065474953232173,185.19118469801248,0.12949490750363749,0.0,0.0,0.7962902475477823,0.0,0.49053260880323857,0.0,0.0,0.9482733022537637,0.0,0.0,0.3467252625431798,0.0
2,76.749047,30.743196,0.647474714154603,1.0,64.7474714154603,1.0,64.7474714154603,1.0,64.7474714154603,1.0,64.7474714154603,1.0,64.7474714154603,0.6789972035237344,0.5382953089441778,126.13842109371747,0.7160505631944312,94.82531519765936,0.31763592205159585,213.76587356307894,0.7947830410586907,85.43176797271317,0.4594385267063165,147.78847746866572,0.0,0.42396397085540527,167.54325197114102,0.545791818859842,130.1454143158448,0.08374290030789236,0.0,0.305109865942514,232.8089331896462,0.5822034384502113,122.00598228137598,0.0,0.40007840737411793,0.0,0.6652961312654185,0.0,0.3688206383507678,0.0,0.23215276051328143,0.0,0.0,0.36841903960528577,0.0,0.29335832169971887,0.0,0.4951999388040006,0.0,0.0,0.5048574324453539,0.0,0.23493526610697824,0.0,0.6582681532194833,0.0,0.0,0.28898854487387887,0.0,0.11756325180241341,0.0,0.0,0.74411466600371,0.0,0.41329291847545463,0.0,0.0,0.8681799927329751,0.0,0.0,0.3509303704270333,0.0
2,76.745708,30.691201,0.0,0.8729244841644945,46.614336990711855,0.8729244841644945,46.614336990711855,0.8729244841644945,46.614336990711855,0.8729244841644945,0.0,0.8729244841644945,46.614336990711855,0.0,0.2654750651657071,0.0,0.24185309310341538,0.0,0.7164694986298493,0.0,0.0,,0.4611536001069386,0.0,0.0,0.43513505771819777,0.0,0.24585374237346397,0.0,0.8850601052199403,0.0,0.7267145980731957,0.0,0.9609387681055638,0.0,0.0,0.4047052982345584,0.0,0.2055035184707781,0.0,0.6978316289994558,0.0,0.9446497283568694,0.0,0.0,0.42825088558525015,0.0,0.7867147890349747,0.0,0.3641163721081226,0.0,0.0,0.35697440157352506,0.0,0.9322372127218738,0.0,0.2040140165945786,0.0,0.0,1.0,0.0,0.7420488289268903,0.0,0.0,0.1537051359170462,0.0,0.7409221544307907,0.0,0.0,0.15132766176849705,0.0,0.0,0.5690851975977008,0.0
2,76.750081,30.70896,0.6034485933813779,1.0,60.34485933813779,1.0,60.34485933813779,1.0,60.34485933813779,1.0,60.34485933813779,1.0,60.34485933813779,0.6240319824017622,0.2497752168070152,249.83742998165843,0.3179546179652529,196.26448151476714,0.4684385060860654,133.2153472215006,0.39757137470633164,156.96099420203655,0.24062919957847112,259.33344061939596,0.6297476306674062,0.15286223932400686,411.9706956095239,0.14580453046899924,431.91225172615765,0.7319714211131845,86.03445605973032,0.47881237129349435,131.52284034895877,0.8088037666895479,77.86160952797951,0.0,0.13973296723482834,0.0,0.3013641681088241,208.96566258003213,0.5423994276488162,116.10403672386336,0.6994866241915056,90.02997468254571,0.0,0.1458915433178966,0.0,0.533011708062224,0.0,0.4451674030531842,0.0,0.0,0.10442508677114654,0.0,0.6979977376659288,0.0,0.18107373855539335,0.0,0.0,0.7569537768410469,0.0,0.4270880666711785,0.0,0.0,0.3463401428944341,0.0,0.5044714936238918,0.0,0.0,0.3933174132046832,0.0,0.0,0.4120348438119363,0.0
2,76.749401,30.722265,0.00756287497814212,1.0,0.756287497814212,1.0,0.756287497814212,1.0,0.756287497814212,1.0,0.756287497814212,1.0,0.756287497814212,0.0,0.35804927368768574,18.916297898982464,0.4744758996368439,14.274627496938168,0.26569206008583696,25.491791969253537,0.5594255529877847,0.0,0.28584103664575766,23.69487181780793,0.0,0.11247523935292177,0.0,0.29077253218884125,0.0,0.44507263123142954,0.0,0.4578243644767251,0.0,0.6674438758666227,0.0,0.0,0.20891795972268076,0.0,0.41972391878507764,0.0,0.4372214427203698,0.0,0.4689357048530869,0.0,0.0,0.05254415648728954,0.0,0.5156611092769892,0.0,0.3429349620336745,0.0,0.0,0.24661604489930672,0.0,0.5120501815780786,0.0,0.4011637504126775,0.0,0.0,0.5729923241994057,0.0,0.2530228623308023,0.0,0.0,0.5047664245625619,0.0,0.48519519643446685,0.0,0.0,0.6276514526246286,0.0,0.0,0.15378425222845823,0.0
2,76.750709,30.746168,0.23754413087432746,0.9870426383061763,24.066248169579307,0.9870426383061763,24.066248169579307,0.9870426383061763,24.066248169579307,0.9870426383061763,24.066248169579307,0.9870426383061763,24.066248169579307,0.23754413087432746,0.5891599180407845,40.31912619994008,0.7705434676553811,30.828128567117645,0.2907503171041077,81.70038582942321,0.8508830129768759,27.91736669454266,0.43545711776758705,54.55052201055304,0.0,0.47238755000487853,62.18838777114461,0.5968094448238852,49.2234504543294,0.05716655283442287,0.0,0.2910625426870914,100.9302669685886,0.6214655088301297,47.27055600119268,0.0,0.44812176797736364,0.0,0.6837447555859109,0.0,0.35261001073275444,0.0,0.20353205190750318,0.0,0.0,0.41570884964386773,0.0,0.27907112889062347,0.0,0.541086935310762,0.0,0.0,0.5550395160503464,0.0,0.2143233486193775,0.0,0.7114742901746511,0.0,0.0,0.2615279539467265,0.0,0.159156990925944,0.0,0.0,0.7991804078446678,0.0,0.400282954434579,0.0,0.0,0.9256707971509416,0.0,0.0,0.39786320616645526,0.0
2,76.755728,30.720117,0.07319592376844364,1.0,7.319592376844364,1.0,7.319592376844364,1.0,7.319592376844364,1.0,7.319592376844364,1.0,7.319592376844364,0.11054429100045093,0.27188798554652216,40.6580271571198,0.36272809394760613,30.475800701673354,0.3550316169828365,31.136463828176478,0.43710930442637763,25.289850817867894,0.20866305329719964,52.97741466621896,0.1710475391641464,0.1051490514905149,162.67149987518044,0.2018789521228546,84.72777244259441,0.39822944896115625,42.95200659076083,0.5130261969286359,33.340897636059665,0.7511833785004517,22.77041053618621,0.21318821179995745,0.14130984643179764,150.8657869095141,0.27705510388437216,76.9479460262644,0.5022673893405601,42.445162939974615,0.5339385727190605,39.92747905705803,0.0,0.09863595302619693,0.0,0.5636585365853658,45.64848968751287,0.41141824751580847,62.54015481801643,0.0,0.16320686540198737,0.0,0.5739747064137307,0.0,0.30271906052393854,0.0,0.0,0.625040650406504,0.0,0.2715808491418248,0.0,0.0,0.38924119241192406,0.0,0.5369918699186992,0.0,0.0,0.5010298102981029,0.0,0.0,0.20448057813911472,0.0
2,76.764892,30.731457,0.6079050927934446,0.9213808730132792,65.97761149581443,0.9213808730132792,65.97761149581443,0.9213808730132792,65.97761149581443,0.9213808730132792,65.97761149581443,0.9213808730132792,65.97761149581443,0.0,0.53557305794307,117.73993106945746,0.6355545388193513,99.21781857150606,0.1212457923461551,0.0,0.833513077769426,75.65368391534629,0.3055328605509984,206.38806186397142,0.0,0.37040426157717565,0.0,0.5498436768086102,0.0,0.47831628484591,0.0,0.6241816181356689,0.0,0.9475581990696862,0.0,0.0,0.3781060383236925,0.0,0.6860028105493643,0.0,0.7044674662570672,0.0,0.33699358366831156,0.0,0.0,0.36254997440003484,0.0,0.6108042746494983,0.0,0.6049108358660957,0.0,0.0,0.5032081658441997,0.0,0.3852740285630249,0.0,0.5867076266108914,0.0,0.0,0.43617983158491014,0.0,0.33980413303266993,0.0,0.0,0.7757878797782062,0.0,0.7551336100308288,0.0,0.0,0.8258439818294715,0.0,0.0,0.4465832216739109,0.0
2,76.727572,30.739281,0.6926259522261645,1.0,69.26259522261645,1.0,69.26259522261645,1.0,69.26259522261645,1.0,69.26259522261645,1.0,69.26259522261645,0.0,0.5275863361955829,131.28201105826201,0.5161573362330796,134.18891946416073,0.34622970490082117,200.048101714603,0.5707825565263039,0.0,0.49418425887734824,140.1554055565472,0.0,0.40479208069293937,0.0,0.37981176647043385,0.0,0.1880760433462072,0.0,0.0,,0.3274738460384716,0.0,0.0,0.45291536990513326,0.0,0.4442686264951817,0.0,0.12082192808129288,0.0,0.36011099028834975,0.0,0.0,0.335108178034422,0.0,0.09320184483857662,0.0,0.3346207206869399,0.0,0.0,0.3935355656380067,0.0,0.2251378004424613,0.0,0.4655817615958604,0.0,0.0,0.31474745959728523,0.0,0.2379091829464922,0.0,0.0,0.5293261839589036,0.0,0.15467396602797256,0.0,0.0,0.6302148562000826,0.0,0.0,0.2832652142937493,0.0
2,76.761706,30.696475,0.34124782762615635,0.7337682941339785,46.50621052370629,0.7337682941339785,46.50621052370629,0.7337682941339785,46.50621052370629,0.7337682941339785,46.50621052370629,0.7337682941339785,46.50621052370629,0.0,0.2866775076349502,131.95637692152314,0.0666818704636497,0.0,0.6811962083052393,55.533082526274775,0.2285229841748304,165.53663251421344,0.41605520961408793,90.92284960808097,0.0,0.45397215722048145,0.0,0.31474834410819813,0.0,0.9212013643755205,0.0,0.6918355610201087,0.0,1.0,0.0,0.0,0.3574346567247055,0.0,0.3783464879228969,0.0,0.6720342680363305,0.0,0.9181473842858843,0.0,0.0,0.4468230674651965,0.0,0.7474219648593978,0.0,0.6270574703525958,0.0,0.0,0.30785705786697337,0.0,0.916620394241066,0.0,0.35369650577083245,0.0,0.0,0.9770852338079562,0.0,0.707720223694126,0.0,0.0,0.15985800975687145,0.0,0.7181414349740213,0.0,0.0,0.2543628286994804,0.0,0.0,0.5930670685757347,0.0
2,76.746844,30.686661,0.1771497894473859,0.8572543732037043,20.664786903955616,0.8572543732037043,20.664786903955616,0.8572543732037043,20.664786903955616,0.8572543732037043,20.664786903955616,0.8572543732037043,20.664786903955616,0.0,0.3175850690132349,79.89161362863457,0.3087765674342689,0.0,0.829516020295923,30.586972411668704,0.07097363658943334,357.49025760934575,0.5809530568072951,43.673724288957054,0.0,0.47521555547670574,0.0,0.3192970939928325,0.0,0.8932068977752544,0.0,0.7010520526558564,0.0,0.9637015221942306,0.0,0.0,0.4559929744881666,0.0,0.2618688571124436,0.0,0.7192633857289855,0.0,0.9568622928715892,0.0,0.0,0.46881985594152503,0.0,0.8018486321541354,0.0,0.4092271936983288,0.0,0.0,0.35688180818223747,0.0,0.9370453819678529,0.0,0.260493914771316,0.0,0.0,1.0,0.0,0.7603519852393287,0.0,0.0,0.17283468757761772,0.0,0.7593052549409217,0.0,0.0,0.18685022886137032,0.0,0.0,0.5996522726466309,0.0
2,76.724239,30.739403,0.44869362262253065,1.0,44.86936226225306,1.0,44.86936226225306,1.0,44.86936226225306,1.0,44.86936226225306,1.0,44.86936226225306,0.4867340322956384,0.5437853213632635,89.50849042327987,0.4691279056642109,103.75294805933575,0.46471061879642095,104.73916725988683,0.5310903248624771,91.64806992514418,0.48304198303822043,100.76433299528041,0.5033985426761921,0.4479595445754664,112.37589393329381,0.33513436227772464,150.20797606514236,0.2947617148404283,170.78152193160875,0.10235011701671344,491.8397334064491,0.22876579349372023,220.0497438835893,0.5418669691118898,0.42693416210765534,126.92049903826931,0.4875721477646421,111.13575121059962,0.05070473409739101,1068.6713553631894,0.39839863944554393,136.01124990437026,0.0,0.3780354737483727,143.33759838436916,0.1445288101921181,0.0,0.37754633636096835,143.52330215537202,0.0,0.302926546614793,0.0,0.27294618736219495,0.0,0.5089587393800747,0.0,0.0,0.3463694718068735,0.0,0.3456696290833565,0.0,0.0,0.491221865193736,0.0,0.10650402221436257,0.0,0.0,0.6741592480829577,0.0,0.0,0.3260063061097022,0.0
2,76.751162,30.728939,0.7622851347766157,1.0,76.22851347766158,1.0,76.22851347766158,1.0,76.22851347766158,1.0,76.22851347766158,1.0,76.22851347766158,0.0,0.4821000848540831,161.28305637665827,0.5806811956907014,133.9023473495233,0.23348836210137378,0.0,0.8133854630992148,95.59376051355433,0.4069236635481896,191.0790207842135,0.0,0.2403518759197001,0.0,0.5336892192350243,0.0,0.4062147560176582,0.0,0.39762193746576296,0.0,0.8357912374732817,0.0,0.0,0.326827853621336,0.0,0.4743343250878079,0.0,0.5398223434764395,0.0,0.3968485837960924,0.0,0.0,0.1779572722097507,0.0,0.3844212199654139,0.0,0.44523689326645255,0.0,0.0,0.4877068989591949,0.0,0.38872837026455137,0.0,0.5048603129934157,0.0,0.0,0.47014532604375897,0.0,0.2556256108956939,0.0,0.0,0.7564687812160986,0.0,0.48910323197387784,0.0,0.0,0.7406579950806114,0.0,0.0,0.1758412906413465,0.0
2,76.747891,30.715129,0.28487290196192283,1.0,28.487290196192284,1.0,28.487290196192284,1.0,28.487290196192284,1.0,28.487290196192284,1.0,28.487290196192284,0.0,0.29433192751540993,0.0,0.34610001390369377,88.6222944253817,0.337247995550818,90.94843479412178,0.4224220234508968,72.61027036950227,0.2294665616165361,133.66730697807915,0.0,0.0,,0.1810538999860963,0.0,0.6144876488853872,0.0,0.5003197849562033,0.0,0.6886499513370719,0.0,0.0,0.1603466654307828,0.0,0.2969087454233675,0.0,0.48180933401306947,0.0,0.5198498401075219,0.0,0.0,0.05384437132131436,0.0,0.5522825230569588,0.0,0.3831116466607962,0.0,0.0,0.14138202715854845,0.0,0.5585855308893729,0.0,0.3578718079436437,0.0,0.0,0.6133382768688882,0.0,0.3258655049358113,0.0,0.0,0.37331417713305837,0.0,0.5249200537609492,0.0,0.0,0.5251332437317514,0.0,0.0,0.19184316633452286,0.0
2,76.74777,30.729357,0.6588854702326572,1.0,65.88854702326572,1.0,65.88854702326572,1.0,65.88854702326572,1.0,65.88854702326572,1.0,65.88854702326572,0.6615945803033669,0.3568846927844134,185.38048666128205,0.5279082107708173,125.3237905387661,0.28624062634535097,231.13231296005804,0.6008450055566124,110.1106898093423,0.2790921196223506,237.05240448873798,0.6615945803033669,0.21383446301098308,309.3956750411115,0.38604939878455363,171.37562767520058,0.3388832710926002,195.22786656606178,0.40147775853265383,164.78984607301894,0.7131486468897988,92.77092275063961,0.6900882676708389,0.33048327509736586,208.8118581696842,0.43194401337591737,159.76335967186114,0.43727035171854506,157.81730111787306,0.4834753356494228,142.73494773914072,0.0,0.15567525355172657,0.0,0.39258717874270377,178.36045086103135,0.46009751604409244,152.18953322081953,0.0,0.34319840610326285,0.0,0.4333657051891751,0.0,0.4603878615552507,0.0,0.0,0.5092460027432645,0.0,0.1985162343188394,0.0,0.0,0.5454891320671599,0.0,0.4824541204032799,0.0,0.0,0.6801794135020675,0.0,0.0,0.02978544467916821,0.0
2,76.752546,30.683652,0.5336025467268785,0.6980586140878259,76.44093718751009,0.6980586140878259,76.44093718751009,0.6980586140878259,76.44093718751009,0.6980586140878259,76.44093718751009,0.6980586140878259,76.44093718751009,0.0,0.3968016078591044,135.6009246342347,0.25290861365467415,0.0,0.74147774033422,72.56679734956344,0.10002339019171294,537.9408238304595,0.5098282120364195,105.53881415687897,0.0,0.48571898850415396,0.0,0.3104224961666075,0.0,0.8939298120987933,0.0,0.7507731757816223,0.0,0.9267886999384926,0.0,0.0,0.4586123552190448,0.0,0.36598719603579566,0.0,0.7334730969480132,0.0,0.9485069260956572,0.0,0.0,0.4794729410134017,0.0,0.7993381442048635,0.0,0.5323261112506823,0.0,0.0,0.4153058484142317,0.0,0.9471728188646228,0.0,0.2724610813198999,0.0,0.0,1.0,0.0,0.7646513561979678,0.0,0.0,0.17144144222189497,0.0,0.7737648679320471,0.0,0.0,0.07198981227205392,0.0,0.0,0.6072526920378055,0.0
2,76.760178,30.737124,0.0,0.8916237586436103,75.87431124607961,0.8916237586436103,75.87431124607961,0.8916237586436103,0.0,0.8916237586436103,75.87431124607961,0.8916237586436103,75.87431124607961,0.0,0.44999355139537883,0.0,0.5598678532099169,0.0,0.0,,0.7444467593281545,0.0,0.27349028244888235,0.0,0.0,0.3609631239024971,0.0,0.5900473228369891,0.0,0.3302876077661041,0.0,0.4580295048463744,0.0,0.910939809716559,0.0,0.0,0.4238221375636179,0.0,0.5770806670833457,0.0,0.6375586574997271,0.0,0.19648402234193477,0.0,0.0,0.30333244044961655,0.0,0.5657509648104606,0.0,0.5502048672083494,0.0,0.0,0.5475758207089496,0.0,0.33857158447176006,0.0,0.6052759506731351,0.0,0.0,0.3966288679226564,0.0,0.30876911019177156,0.0,0.0,0.68959393632747,0.0,0.6823417363612012,0.0,0.0,0.8230701310554877,0.0,0.0,0.3013780172028929,0.0
2,76.752629,30.749529,0.8178342161750216,0.9355778484908915,87.41487600355298,0.9355778484908915,87.41487600355298,0.9355778484908915,87.41487600355298,0.9355778484908915,87.41487600355298,0.9355778484908915,87.41487600355298,0.0,0.6307301466189209,130.85179976522392,0.7960947864011169,103.67129173696793,0.31682172491828015,0.0,0.8674880563238623,95.13926358941977,0.4454145821230698,185.29293418702085,0.0,0.4661198442770066,0.0,0.6417070569568121,0.0,0.15136170913788768,0.0,0.2812204659551039,0.0,0.5772935759929942,0.0,0.0,0.5053974144433944,0.0,0.6554845534235648,0.0,0.33836802996540455,0.0,0.23931572056566638,0.0,0.0,0.41575264668394996,0.0,0.2705643657929647,0.0,0.5287125107297999,0.0,0.0,0.604588452567782,0.0,0.07542507348287134,0.0,0.6801262431394312,0.0,0.0,0.1547432218012191,0.0,0.18931268587481467,0.0,0.0,0.8215428368290083,0.0,0.37827854993800564,0.0,0.0,0.8704707239038263,0.0,0.0,0.3998855488021642,0.0
2,76.724063,30.726649,0.025642065806435688,1.0,2.5642065806435688,1.0,2.5642065806435688,1.0,2.5642065806435688,1.0,2.5642065806435688,1.0,2.5642065806435688,0.10963313082564444,0.5307553580965502,20.656057287640415,0.4539656493571832,24.150093951136014,0.44941446008808256,24.39466028844666,0.5176977793602018,21.177052557794404,0.4682771271778756,23.412019178976504,0.10963313082564444,0.35283327012237126,31.07222025508563,0.3161451117286005,34.67810405993582,0.3231653985773663,33.92477391090436,0.2045480932219788,53.59772809354367,0.22571731541754061,48.57098828365951,0.1546725786743381,0.4105668088268303,37.672937838376555,0.2947359458810963,52.47835591005136,0.12922900686548447,119.68874668776031,0.3812162821118137,40.57344503165041,0.0,0.2809120954820932,72.51385821193816,0.24793919363452713,82.1573207656439,0.1815986439313606,0.0,0.0,0.28300966740713795,0.0,0.3800165638521018,0.0,0.41556692492859737,0.0,0.0,0.42722354234231447,0.0,0.24272235423423144,0.0,0.0,0.4766906352314682,0.0,0.08145699977553658,0.0,0.0,0.5854857310928272,0.0,0.0,0.22739692098113734,0.0
2,76.733378,30.717856,0.20185345212294836,1.0,20.185345212294838,1.0,20.185345212294838,1.0,20.185345212294838,1.0,20.185345212294838,1.0,20.185345212294838,0.26709791841248304,0.399831529141874,66.80261533794838,0.3861746361746361,69.16505989577624,0.44746039142590865,59.691969061514044,0.4514481324826152,59.16469671580017,0.35991827371137713,74.21071335396327,0.3327012839554566,0.2531005806867876,131.45022546083172,0.22325077066456378,149.02581655825196,0.5118019212846799,65.00586850481906,0.31769302458957627,104.72413877681744,0.5830167037063588,57.06548060122551,0.3327012839554566,0.3106047028460821,107.11405233304671,0.1863574449781346,178.52857125965244,0.3360904007455731,98.99160559700658,0.5761165674958778,57.748952681843704,0.0,0.1698329629364112,0.0,0.41951035916553153,88.66335182907984,0.1526901570005018,243.59916383159478,0.0,0.16597964011757116,0.0,0.5560882500537673,0.0,0.3257401964298516,0.0,0.0,0.6196859989963438,0.0,0.37758979138289483,0.0,0.0,0.40190157000501825,0.0,0.37653236791167827,0.0,0.0,0.5224657681554233,0.0,0.0,0.21525736611943505,0.0
2,76.714692,30.737373,0.3516226872396344,1.0,35.16226872396344,1.0,35.16226872396344,1.0,35.16226872396344,1.0,35.16226872396344,1.0,35.16226872396344,0.3975760854952093,0.5905569775844719,67.32222301756497,0.5235535264441098,75.93800163958043,0.5195823512328878,76.51839685313085,0.5791634867998946,68.6466074876324,0.5360411165215747,74.16895332117822,0.4345609128329208,0.4442515888077694,97.81865136355387,0.4032971560172084,107.75203999067587,0.30675977766821777,141.6616337826822,0.19437146697103339,223.57237901470495,0.09038475825133216,480.79003721461623,0.4495476738818193,0.48568553425138616,92.55941183727695,0.48771164405303,92.17489050413957,0.07069097097935394,635.9336527052579,0.4600755063586079,97.71171637453297,0.0,0.3701432459629762,130.66646990351302,0.14664307374364308,0.0,0.28418891447790523,170.18718480790739,0.0,0.3743913228470895,0.0,0.34748458468125915,0.0,0.532130724604402,0.0,0.0,0.41338042913005596,0.0,0.33923156408922983,0.0,0.0,0.5433823877028642,0.0,0.0658283074554087,0.0,0.0,0.6472610372331443,0.0,0.0,0.3242721200537594,0.0
2,76.756675,30.701723,0.48587175918632564,0.900207255034524,53.97332186216293,0.900207255034524,53.97332186216293,0.900207255034524,53.97332186216293,0.900207255034524,53.97332186216293,0.900207255034524,53.97332186216293,0.0,0.22829086637037693,224.8327461670568,0.11833486650337481,0.0,0.6692564310018065,76.69296854432451,0.2095935806355082,244.88947731738332,0.3728928147893646,137.64615561150353,0.0,0.4373746217872699,0.0,0.2994004012102807,0.0,0.9596240593170557,0.0,0.6811486583838541,0.0,0.9063362408148337,0.0,0.0,0.3073691910403759,0.0,0.3307435689981934,0.0,0.6590155940017954,0.0,0.9341217152293658,0.0,0.0,0.3292805922839061,0.0,0.7432808361133584,0.0,0.5409910558923603,0.0,0.0,0.2519644895652077,0.0,0.9324149090626973,0.0,0.2896250568011792,0.0,0.0,1.0,0.0,0.6989038757799771,0.0,0.0,0.15087501523934074,0.0,0.7105522737096435,0.0,0.0,0.3324060425371562,0.0,0.0,0.4953949482970729,0.0
2,76.739592,30.718233,0.5391612766752545,1.0,53.91612766752545,1.0,53.91612766752545,1.0,53.91612766752545,1.0,53.91612766752545,1.0,53.91612766752545,0.5545072943230983,0.4246042291484758,130.59391693651688,0.33045442466117464,167.80144338864645,0.3248737709274515,170.68392217078272,0.4086025587487187,135.70822855862428,0.348003113017729,159.33975116333195,0.5783549702068056,0.15804259519380434,365.9487934234318,0.16145932196955318,358.2047559420989,0.48278349341331006,119.7959288371272,0.33505751490072516,172.61363929657497,0.5279032686686155,109.55699737670322,0.5783549702068056,0.27723890512888655,208.6124852996127,0.28008617744201053,206.49179316481946,0.3161041722030295,182.9634092381849,0.5516874833909116,104.8338031256363,0.0,0.11486845601913367,0.0,0.3882635435253028,158.58325745496103,0.2293667666375612,268.4438481907147,0.0,0.12082874606127329,0.0,0.5502258836035078,0.0,0.34250787745339967,0.0,0.0,0.6081014388216089,0.0,0.35026194905280744,0.0,0.0,0.358310238791238,0.0,0.3602463839641623,0.0,0.0,0.5137713070878099,0.0,0.0,0.17598990167419612,0.0
2,76.736806,30.748459,0.6832480282896458,1.0,68.32480282896458,1.0,68.32480282896458,1.0,68.32480282896458,1.0,68.32480282896458,1.0,68.32480282896458,0.0,0.38485218371069857,183.23426753407682,0.5330977036162678,132.27989449731314,0.256632954179633,0.0,0.5819495117501878,121.17564594055536,0.332734198948385,211.93525707304542,0.0,0.32361975533855564,0.0,0.41116267839896986,0.0,0.11518805665843974,0.0,0.12860821976606931,0.0,0.3643564223629145,0.0,0.0,0.36715983474621744,0.0,0.46880700718961266,0.0,0.17954582036699215,0.0,0.2690471080588046,0.0,0.0,0.2846603712844726,0.0,0.07021273741817792,0.0,0.3707479343277176,0.0,0.0,0.42343599098615736,0.0,0.1483327073720356,0.0,0.48786752870479666,0.0,0.0,0.22847810923918874,0.0,0.15975426547912866,0.0,0.0,0.5448747183174161,0.0,0.20981999141538793,0.0,0.0,0.6351003326537182,0.0,0.0,0.27239376542547483,0.0
2,76.754223,30.73939,0.7046807627366467,1.0,70.46807627366466,1.0,70.46807627366466,1.0,70.46807627366466,1.0,70.46807627366466,1.0,70.46807627366466,0.7193512437222469,0.5031551121343907,142.96808804560274,0.7818176004093118,92.01011122615283,0.11947855376481624,602.0756203144466,0.8594696000682186,83.69711315736473,0.42033341860663426,171.138246896197,0.7248133003108619,0.405847616611239,178.59247427961606,0.5880340240470708,123.26043573506593,0.21619979534407777,335.2516125916473,0.44234458940905597,163.85716422555683,0.7579410761490577,95.6292412588969,0.7248133003108619,0.47504690031551117,152.57720865654818,0.6796495267331798,106.64515633443716,0.4642278502600835,156.13309281310578,0.24040675364543362,301.4945667374471,0.7248133003108619,0.3439285409738211,210.74531885564934,0.3869702396179756,187.30466224648472,0.5238019101219409,138.37545955915388,0.7248133003108619,0.6075402916346891,119.30291871846558,0.2114458088172593,342.7891545191502,0.7099428668883772,102.09459579299116,0.0,0.29223160228532447,248.5642773306827,0.12734501577556068,0.0,0.0,0.8005350899633324,0.0,0.5123326511469258,0.0,0.0,0.9439434638014838,0.0,0.0,0.32443293254881894,0.0
2,76.756494,30.708804,0.9771741842213173,1.0,97.71741842213173,1.0,97.71741842213173,1.0,97.71741842213173,1.0,97.71741842213173,1.0,97.71741842213173,0.9777598097049607,0.14430842472158464,677.5486681331046,0.2503400493071496,390.5726680213753,0.48349698206239905,202.2266624156039,0.3331951883023038,293.4495587066676,0.2010222732296183,486.39376821100393,0.9778172158772042,0.29160290742157613,335.3249199479189,0.20777012666836692,470.6245462505545,0.6121843917368018,159.7259304673027,0.6089432967780328,160.57607022704946,0.8767958854033835,111.52164741595978,0.9784514367356976,0.13819816373374139,708.0061053639068,0.3190406358922044,306.68552110906995,0.5839709257842387,167.55139571746565,0.693955623565417,140.99625444471408,0.9791099699128304,0.2839517980107116,344.8155555880281,0.682904021083057,143.37446254306766,0.47711043101249684,205.21663461329456,0.0,0.19744112896369975,0.0,0.8448525036130239,115.94578044767037,0.18682521465612514,524.3247442529768,0.0,0.7929949842727195,0.0,0.4632002890419111,0.0,0.0,0.28152894669727113,0.0,0.6319285046331719,0.0,0.0,0.4174105245260563,0.0,0.0,0.38426634361982487,0.0
2,76.76223,30.718974,0.0,0.8502376506535393,12.536851341040647,0.8502376506535393,12.536851341040647,0.8502376506535393,12.536851341040647,0.8502376506535393,12.536851341040647,0.8502376506535393,0.0,0.0,0.19919156340179936,0.0,0.40213885588185366,0.0,0.2924694449159735,0.0,0.512413002885758,0.0,0.0,,0.0,0.2626464097776269,0.0,0.33369758954337125,0.0,0.5105457477508063,0.0,0.6991279069767441,0.0,1.0,0.0,0.0,0.1712145645900526,0.0,0.4431548124257342,0.0,0.7076578679341369,0.0,0.5025886946189102,0.0,0.0,0.2549970293668308,0.0,0.6287026820573756,0.0,0.6009590901374978,0.0,0.0,0.2882893396706841,0.0,0.5194046002376506,0.0,0.36627906976744184,0.0,0.0,0.5998132744865049,0.0,0.42304999151247663,0.0,0.0,0.45375360719741975,0.0,0.7555381089797997,0.0,0.0,0.5964925309794602,0.0,0.0,0.3442539466983534,0.0
2,76.735219,30.742392,0.38855810127034573,1.0,38.85581012703457,1.0,38.85581012703457,1.0,38.85581012703457,1.0,38.85581012703457,1.0,38.85581012703457,0.44004354490105624,0.4762197380383178,92.40346624726615,0.650535371561332,67.64329260758257,0.3985066837267248,110.4231278597112,0.7198474696117714,61.13010929084474,0.4173036129162598,105.44925356046694,0.0,0.45995656419408065,95.67067396289576,0.500648169972053,87.89476748224611,0.20051180174416647,219.4601719566158,0.15067005623084953,0.0,0.3731691302737466,117.92067167459764,0.0,0.3545405569211085,0.0,0.5042762382571804,0.0,0.1412084581972457,0.0,0.3242533418633624,0.0,0.0,0.38174686016364184,0.0,0.14032459005353715,0.0,0.38119128590188217,0.0,0.0,0.4646116030842789,0.0,0.1852419273376208,0.0,0.52819118488838,0.0,0.0,0.2673743223677565,0.0,0.2564480285531499,0.0,0.0,0.6752500084177918,0.0,0.244898818142025,0.0,0.0,0.7129869692582241,0.0,0.0,0.32354624734839554,0.0
2,76.736267,30.703417,0.6194903460096145,1.0,61.94903460096145,1.0,61.94903460096145,1.0,61.94903460096145,1.0,61.94903460096145,1.0,61.94903460096145,0.6329982981596121,0.45118451664297937,140.2969904351796,0.36138394271592417,175.15949751458598,0.5265644943738854,120.21287134300279,0.19483646699919432,324.8869720893828,0.37812197307793277,167.40584870193408,0.0,0.28996895000316836,218.2986482355078,0.16232902133668878,0.0,0.7165307286338907,88.34210074513646,0.5362778024206324,118.03552101213326,0.4981035060244235,127.08167890883591,0.0,0.3106176505200648,0.0,0.0,,0.5390297554925905,0.0,0.7429005947477527,0.0,0.0,0.28344211393447816,0.0,0.587025989662071,0.0,0.20531018313161395,0.0,0.0,0.18572967492554335,0.0,0.7415065132573528,0.0,0.16592285478921306,0.0,0.0,0.7967085192863026,0.0,0.5507798709116749,0.0,0.0,0.28240107905528344,0.0,0.3656838693908588,0.0,0.0,0.4214018666208008,0.0,0.0,0.4169661527877104,0.0
2,76.74202,30.744061,0.8381152896481102,1.0,83.81152896481102,1.0,83.81152896481102,1.0,83.81152896481102,1.0,83.81152896481102,1.0,83.81152896481102,0.0,0.4457405776154761,189.0256399141936,0.6348981005567481,132.7085367645649,0.23901683927853656,0.0,0.6972008654824723,120.84953144913423,0.3792899964935987,222.1424205710884,0.0,0.3676590067476845,0.0,0.4794105824902291,0.0,0.052912451145566974,0.0,0.19794063063910577,0.0,0.4825150304885871,0.0,0.0,0.42317987838773957,0.0,0.5529252794430809,0.0,0.24685920515868603,0.0,0.25484695841065946,0.0,0.0,0.31797928657561425,0.0,0.1862155667114232,0.0,0.42788358747616073,0.0,0.0,0.4950696576555004,0.0,0.13297813202883801,0.0,0.5772306271327045,0.0,0.0,0.23516835002437378,0.0,0.15871169684167316,0.0,0.0,0.6499157608463255,0.0,0.2854552762787675,0.0,0.0,0.7649770373474502,0.0,0.0,0.3023373158070282,0.0
2,76.761523,30.688901,0.6726021182251263,0.6455847991888198,104.18493729565098,0.6455847991888198,104.18493729565098,0.6455847991888198,104.18493729565098,0.6455847991888198,104.18493729565098,0.6455847991888198,104.18493729565098,0.0,0.32169466120001766,210.3213776003822,0.31293920557245514,0.0,0.8305426971740951,81.46392056722095,0.19293744213728342,350.6798035714261,0.5834766124410351,115.95882828484994,0.0,0.47837587620685096,0.0,0.36579817484459726,0.0,0.8938500198386458,0.0,0.7028523563902481,0.0,0.9639201163867213,0.0,0.0,0.45926905612132435,0.0,0.5011330070978266,0.0,0.7209540184278975,0.0,0.957122073799762,0.0,0.0,0.47201869241282013,0.0,0.8030419256712076,0.0,0.6322884979940925,0.0,0.0,0.44148481241458365,0.0,0.9374245029317109,0.0,0.3892077767491072,0.0,0.0,1.0,0.0,0.7617951770048054,0.0,0.0,0.1478375876206851,0.0,0.7607547502534938,0.0,0.0,0.053194021954767884,0.0,0.0,0.602063219150906,0.0
2,76.744077,30.754541,0.4971747640084273,0.9364091589985021,53.09375279286675,0.9364091589985021,53.09375279286675,0.9364091589985021,53.09375279286675,0.9364091589985021,53.09375279286675,0.9364091589985021,53.09375279286675,0.0,0.6134902632142093,89.18847334808179,0.8009758185319923,68.31199984322963,0.22523432484485342,0.0,0.8633254868392894,63.37848334619336,0.4612026535416221,118.63821591184798,0.0,0.5336186603894715,0.0,0.6453498823025894,0.0,0.16511876738711748,0.0,0.2904001711962337,0.0,0.5856109565589557,0.0,0.0,0.5909180398031243,0.0,0.718921463727798,0.0,0.3497367857907126,0.0,0.24108709608388615,0.0,0.0,0.48389471431628506,0.0,0.28903916113845496,0.0,0.5937684570939439,0.0,0.0,0.661014337684571,0.0,0.06915471859619088,0.0,0.7432484485341323,0.0,0.0,0.18599614808474213,0.0,0.262512304729296,0.0,0.0,0.8159982880376632,0.0,0.38837577573293386,0.0,0.0,0.9311619944361224,0.0,0.0,0.46823881874598755,0.0
2,76.751598,30.701793,0.5801723692273323,0.905459890802184,64.07488339581047,0.905459890802184,64.07488339581047,0.905459890802184,64.07488339581047,0.905459890802184,64.07488339581047,0.905459890802184,64.07488339581047,0.0,0.268910121797564,220.79808559698938,0.16474170516589667,0.0,0.6866652666946661,86.46839001535972,0.18986770264594707,312.71690373414225,0.3192986140277194,185.9539549564122,0.0,0.2885237295254095,0.0,0.15716085678286434,0.0,0.7832843343133137,0.0,0.6979420411591768,0.0,0.9112767744645107,0.0,0.0,0.25722385552288957,0.0,0.22450650986980258,0.0,0.6769634607307854,0.0,0.9375892482150358,0.0,0.0,0.28095338093238137,0.0,0.7567933641327174,0.0,0.4261129777404452,0.0,0.0,0.29133767324653503,0.0,0.935972280554389,0.0,0.13138387232255355,0.0,0.0,1.0,0.0,0.7147522049559009,0.0,0.0,0.13422931541369174,0.0,0.7257979840403191,0.0,0.0,0.273530029399412,0.0,0.0,0.4358147837043259,0.0
2,76.760024,30.686268,0.6734324333249173,0.6206805846609791,108.4990331528981,0.6206805846609791,108.4990331528981,0.6206805846609791,108.4990331528981,0.6206805846609791,108.4990331528981,0.6206805846609791,108.4990331528981,0.0,0.3254741383089725,209.64352268469764,0.3167585862217117,0.0,0.8314847127112031,82.0622963414107,0.1776517111066296,384.0860550839532,0.5857920718287754,116.48082686548184,0.0,0.48127559207007514,0.0,0.36932371173793727,0.0,0.8944401090759235,0.0,0.7045042043332252,0.0,0.9641206849687416,0.0,0.0,0.46227498706696246,0.0,0.5039062157493709,0.0,0.7225052389762295,0.0,0.9573604327964297,0.0,0.0,0.4749537479504424,0.0,0.8041368183850801,0.0,0.6343326114214066,0.0,0.0,0.4445896062218871,0.0,0.937772361002727,0.0,0.39260317933519806,0.0,0.0,1.0,0.0,0.7631193609764224,0.0,0.0,0.13312698927653904,0.0,0.7620847179720998,0.0,0.0,0.03868512656840481,0.0,0.0,0.6042753553297266,0.0
2,76.721468,30.736991,0.46349404380057235,1.0,46.34940438005724,1.0,46.34940438005724,1.0,46.34940438005724,1.0,46.34940438005724,1.0,46.34940438005724,0.46349404380057235,0.5522385855034786,83.9300360328865,0.4789731015229176,96.76828246239114,0.4746303490450376,97.65368875655095,0.5397864074801696,85.86619399407533,0.49262913780114925,94.08579562901589,0.0,0.3839052275513671,127.38370432886704,0.34746451203119694,140.7432077331656,0.2335485014549698,209.39235187573553,0.11898994076721961,0.0,0.1981196177196118,246.8370904385651,0.0,0.437561854680276,0.0,0.4397775447200107,0.0,0.0,,0.40955553257802924,0.0,0.0,0.3152779213873174,0.0,0.16039380197639552,0.0,0.31479785521204157,0.0,0.0,0.31584661516418266,0.0,0.2864296370699715,0.0,0.4437731724249989,0.0,0.0,0.35849126279561,0.0,0.2774043929747855,0.0,0.0,0.5006573213784546,0.0,0.06936586951062794,0.0,0.0,0.605909983899319,0.0,0.0,0.26422103723836393,0.0
2,76.744586,30.725718,0.09390071578941839,1.0,9.39007157894184,1.0,9.39007157894184,1.0,9.39007157894184,1.0,9.39007157894184,1.0,9.39007157894184,0.0,0.4122449330718145,29.474630499173276,0.3991345789890231,30.442782252104287,0.26443515364233855,0.0,0.4618044802312377,26.31149674287252,0.2617425415505316,46.42259147278258,0.0,0.1292711881903582,0.0,0.24273080761157564,0.0,0.3179690994804033,0.0,0.3514503974398679,0.0,0.6061646192491655,0.0,0.0,0.21273356044182928,0.0,0.31667010770448367,0.0,0.36912012663019167,0.0,0.383753139947008,0.0,0.0,0.07929871649289426,0.0,0.4492016792264547,0.0,0.29336567908881317,0.0,0.0,0.2584735556243763,0.0,0.39914318158356565,0.0,0.34111868139430856,0.0,0.0,0.4643422456212794,0.0,0.1973607239943567,0.0,0.0,0.41424073500567776,0.0,0.4079436358005575,0.0,0.0,0.5299714393861189,0.0,0.0,0.0943532569422938,0.0
2,76.743005,30.717842,0.47918187762973097,1.0,47.9181877629731,1.0,47.9181877629731,1.0,47.9181877629731,1.0,47.9181877629731,1.0,47.9181877629731,0.0,0.44513696310736484,113.09117658217986,0.3543468511756038,142.06719413765222,0.32974565955538476,152.6663397659519,0.42970630497057566,0.0,0.37126932264352985,135.5917654052034,0.0,0.12011385372907574,0.0,0.19138226114970303,0.0,0.42468173123564246,0.0,0.3395751535286419,0.0,0.6677191730045853,0.0,0.0,0.30302115080127767,0.0,0.30577597173791676,0.0,0.32129815216495977,0.0,0.5484656288038952,0.0,0.0,0.06694855532064835,0.0,0.390873397215892,0.0,0.3349349734127747,0.0,0.0,0.15220156869205495,0.0,0.5470561855339868,0.0,0.26178120681291933,0.0,0.0,0.6028664781307488,0.0,0.3542278721982739,0.0,0.0,0.3812086433650916,0.0,0.3638560171329728,0.0,0.0,0.4627000906070674,0.0,0.0,0.16628684916211345,0.0
2,76.756082,30.691572,0.3072899649262866,0.7548995626351478,40.706072719610724,0.7548995626351478,40.706072719610724,0.7548995626351478,40.706072719610724,0.7548995626351478,40.706072719610724,0.7548995626351478,40.706072719610724,0.0,0.31870884416308726,113.70615801444471,0.15619893740888235,0.0,0.7080124849564103,51.18434909695151,0.26132305313934034,138.67570334748046,0.4463763294619532,81.1852148134523,0.0,0.3517215737307124,0.0,0.3814956508125985,0.0,0.8949932976527109,0.0,0.7185111983014197,0.0,0.9173116249033787,0.0,0.0,0.3885306693541286,0.0,0.4091660714460437,0.0,0.6989716544524134,0.0,0.9418412375370586,0.0,0.0,0.40787452423118703,0.0,0.7733628171384402,0.0,0.5947770613387083,0.0,0.0,0.3396182108157295,0.0,0.9403246480044617,0.0,0.37805152490631394,0.0,0.0,1.0,0.0,0.7341858849544535,0.0,0.0,0.19356574660235024,0.0,0.7444693404303201,0.0,0.0,0.2536324765417845,0.0,0.0,0.5545238398090075,0.0
2,76.735551,30.722152,0.8681422543775054,1.0,86.81422543775054,1.0,86.81422543775054,1.0,86.81422543775054,1.0,86.81422543775054,1.0,86.81422543775054,0.8681422543775054,0.506759466371989,171.31248886039393,0.4931692406405675,176.03333355703472,0.3491930524983737,248.6138392978333,0.5580904173313253,155.55584317838404,0.4670581839893774,185.87454071830376,0.0,0.36084054432195917,242.45041015560562,0.331147015051732,264.1906283164409,0.41317850872893513,211.7388395654091,0.22013492197873685,0.0,0.48399918013064447,180.75637638067107,0.0,0.4180175202516643,0.0,0.407751330059797,0.0,0.23843048488143087,0.0,0.4771283184657749,0.0,0.0,0.27803373940630766,0.0,0.3213976990188303,0.0,0.25875789792626525,0.0,0.0,0.3474641975528682,0.0,0.4572108400987408,0.0,0.4330781638491084,0.0,0.0,0.5204566315845758,0.0,0.2797002129878,0.0,0.0,0.5088180513844207,0.0,0.27864864142300805,0.0,0.0,0.6287061213941344,0.0,0.0,0.21641877500824327,0.0
2,76.724986,30.715899,0.3988227808969005,1.0,39.88227808969005,1.0,39.88227808969005,1.0,39.88227808969005,1.0,39.88227808969005,1.0,39.88227808969005,0.42282874407788523,0.5163194804573125,81.8928512446168,0.43716740731285053,96.72009784006974,0.4424649556011201,95.56208660716246,0.3042500059836765,138.97411200069809,0.4519191645191916,93.5629150686149,0.44559678099126016,0.3297564244740348,135.12906737207382,0.2617339896761634,170.24796112365283,0.4895764354839996,91.01679506913752,0.35598886238341804,125.17155115693757,0.3084625142610957,144.45735231675127,0.0,0.39243344157139326,121.77516746051657,0.180946378280052,264.10392138659125,0.3400563263417397,140.53156598662434,0.5380920847926856,0.0,0.0,0.26766181855897114,0.0,0.40071484988950146,0.0,0.0,,0.0,0.270940873297644,0.0,0.5368634365451049,0.0,0.299423173582467,0.0,0.0,0.5855147158551471,0.0,0.3687699954524058,0.0,0.0,0.3814234767554112,0.0,0.2230395481127484,0.0,0.0,0.569566223342721,0.0,0.0,0.3080955154338963,0.0
2,76.747066,30.750712,0.6954672066898622,0.934209477590131,74.44446062395728,0.934209477590131,74.44446062395728,0.934209477590131,74.44446062395728,0.934209477590131,74.44446062395728,0.934209477590131,74.44446062395728,0.7121159357087863,0.6228446939841834,114.33282527519933,0.7917356689308266,89.94364705968596,0.30222548906738456,235.62404941629927,0.8646551953169972,82.35837124042406,0.43355856853142516,164.24907438017127,0.7342629976548452,0.53368343679983,137.58399587174128,0.6340474145183717,115.80569226239936,0.15244555832056608,481.65588144642413,0.26586314083546614,276.18081820121733,0.5874742071750547,124.98642301006596,0.7589256141054275,0.4948325791053765,153.37017935995914,0.7254049362817595,104.62096081059036,0.34344972945208513,220.9713821339043,0.2230625492609747,340.22995640452103,0.0,0.482248337303731,159.37942222183025,0.25497923290146035,0.0,0.5959227410798892,128.97722484566683,0.0,0.5961441387189047,0.0,0.0,,0.7505734198850503,0.0,0.0,0.16129260797562855,0.0,0.2532080517893357,0.0,0.0,0.8177366076568159,0.0,0.3649872917755205,0.0,0.0,0.9449782587518487,0.0,0.0,0.4660420301277907,0.0
2,76.755438,30.729956,0.435583314812933,1.0,43.5583314812933,1.0,43.5583314812933,1.0,43.5583314812933,1.0,43.5583314812933,1.0,43.5583314812933,0.0,0.44400027569095046,103.8294404638076,0.5494290899901211,83.90582339132536,0.18025593309899604,0.0,0.7551060261446918,61.0514266799588,0.35060996622785856,131.48599478432251,0.0,0.30737243549980475,0.0,0.45598134491235326,0.0,0.378741930296138,0.0,0.48785811105750454,0.0,0.8720564247478577,0.0,0.0,0.277953913662784,0.0,0.5576079215199761,0.0,0.5555287522687068,0.0,0.3654972775518644,0.0,0.0,0.24064373836928804,0.0,0.47375192409309164,0.0,0.5264893054885473,0.0,0.0,0.40681645874974154,0.0,0.3883451650699566,0.0,0.5902543249017851,0.0,0.0,0.48134491235325205,0.0,0.2091690215268684,0.0,0.0,0.6942472488340571,0.0,0.5856939370965148,0.0,0.0,0.8424311346980036,0.0,0.0,0.23838077515105566,0.0
2,76.761229,30.756097,0.7978136488586345,0.9469237435008665,84.25320986345132,0.9469237435008665,84.25320986345132,0.9469237435008665,84.25320986345132,0.9469237435008665,84.25320986345132,0.9469237435008665,84.25320986345132,0.8026028482598211,0.6491634448740168,123.63648239860184,0.8040511265164644,99.81987734251204,0.33311391814424746,240.93945180407385,0.8726586455139314,91.97214195788405,0.47107052393014265,170.37849058431917,0.8107776516198286,0.5513431542461005,147.0549956729717,0.6556875749900013,123.6530449173438,0.22472836955072656,360.78117473139804,0.3497033728836155,231.84724955159723,0.63403212904946,127.87642999028223,0.8132015094143209,0.5287211705105985,153.80536183731644,0.733318890814558,110.89329889088643,0.4044377416344487,201.06963957615352,0.12125883215571256,670.6328066643932,0.8178094333695237,0.5029412744967338,162.6053527199297,0.3394714038128249,240.90672268243281,0.6114934675376617,133.73968436043108,0.0,0.6200256632449007,133.57969770936722,0.15175476603119584,0.0,0.7569990667910945,109.40943562769277,0.0,0.0,,0.285336955072657,0.0,0.0,0.8285145313958139,0.0,0.4429742700973203,0.0,0.0,0.9399163444874017,0.0,0.0,0.48770163978136244,0.0
2,76.746865,30.707631,0.6895267510315611,1.0,68.95267510315611,1.0,68.95267510315611,1.0,68.95267510315611,1.0,68.95267510315611,1.0,68.95267510315611,0.0,0.33979898652200424,209.27346992110566,0.3237767825227612,0.0,0.6252759730019555,113.72724373804213,0.270705860089573,262.6870100322364,0.33067347925734353,215.04873370807414,0.0,0.20535545322651866,0.0,0.0,,0.7007506465653189,0.0,0.5324544250299629,0.0,0.7843100149288252,0.0,0.0,0.27281902479026054,0.0,0.18852372842153958,0.0,0.494606699047499,0.0,0.7724195210160013,0.0,0.0,0.19777539477280853,0.0,0.5924746104838201,0.0,0.34489791627241956,0.0,0.0,0.12532853928804222,0.0,0.752707163733468,0.0,0.12526545974473813,0.0,0.0,0.8273197502050086,0.0,0.5432935932210518,0.0,0.0,0.22404802455896886,0.0,0.5420530288694043,0.0,0.0,0.42196009167560294,0.0,0.0,0.35284593872873693,0.0
2,76.764624,30.706718,0.0,0.7436967398952389,0.0,0.7436967398952389,108.62572048588731,0.7436967398952389,108.62572048588731,0.7436967398952389,108.62572048588731,0.7436967398952389,108.62572048588731,0.0,0.0,,0.10172191384567275,0.0,0.44326088656086315,0.0,0.2717144867484951,0.0,0.18347861777812527,0.0,0.0,0.3103158470799781,0.0,0.3158568524743961,0.0,0.5950863888671722,0.0,0.6875048862481433,0.0,1.0,0.0,0.0,0.23096317723399268,0.0,0.48707098741302485,0.0,0.7307090923305449,0.0,0.6368051755140334,0.0,0.0,0.3032698772574467,0.0,0.7422895004299899,0.0,0.6324368696739896,0.0,0.0,0.3090747400515988,0.0,0.6873094363224143,0.0,0.36301891955281057,0.0,0.0,0.7613751856774295,0.0,0.45807599093112344,0.0,0.0,0.21993980142287547,0.0,0.7134410913923853,0.0,0.0,0.42192752716753973,0.0,0.0,0.38549566101164884,0.0
2,76.7537,30.695318,0.04821203886055603,0.8394026248302912,5.743613068913556,0.8394026248302912,5.743613068913556,0.8394026248302912,5.743613068913556,0.8394026248302912,5.743613068913556,0.8394026248302912,5.743613068913556,0.1410694432548862,0.2263388143007995,62.326668844084296,0.22404585910393726,62.964539411300876,0.6990395735907879,20.180465968507114,0.16189470508372303,87.13653925984353,0.43012017901141447,32.79768077357341,0.14210947719236985,0.40503846734047366,35.08542734853705,0.2143209131593503,66.30686436405283,0.8789259315130488,16.16853845098551,0.709840599386534,20.01991395183443,0.9588474883089455,14.82086347673484,0.20740537252578004,0.3706642530296173,55.95505119000716,0.31373258912857643,66.10896658898878,0.6817317845828934,30.423309755562837,0.9393774827776941,22.079023217854054,0.20740537252578004,0.3977874993714487,52.13974115664898,0.7753507316337306,26.749877708731777,0.4807965002262785,43.137870685033754,0.20740537252578004,0.3203902046563082,64.73524143731852,0.9286267410871423,22.334632780763002,0.19081812239151205,108.69270168178001,0.0,1.0,0.0,0.7283049228138985,29.95084305142322,0.0,0.0,,0.7271182179313119,0.0,0.0,0.17259516266908032,0.0,0.0,0.5461256096947754,0.0
2,76.756587,30.685461,0.10142082844921652,0.6666371171490626,15.213798607997164,0.6666371171490626,15.213798607997164,0.6666371171490626,15.213798607997164,0.6666371171490626,15.213798607997164,0.6666371171490626,15.213798607997164,0.10142082844921652,0.3827401267674305,26.498613904374913,0.23550374540135632,43.06548427770033,0.7354549886973094,13.79021558190262,0.14049909135233368,72.18610986947989,0.4984087584770179,20.348925801209234,0.16085021402758537,0.5022295111032312,32.02723266385739,0.35579983156774964,45.20806356732551,0.9199592216657063,17.48449390358249,0.7449669784140774,21.59158978697435,0.9250831080182615,17.38765010769282,0.20826402246532044,0.44599973405434157,46.6959970070173,0.4126678781968885,50.46770865115781,0.727263862417446,28.636652146174956,0.9473073002083241,21.984842977513285,0.27358615259365265,0.4635255529453482,59.022884683535395,0.794663357120695,34.42793104050221,0.6328620185275475,43.22998451229442,0.27534347582203916,0.4016843225034351,68.54722985104416,0.9459332476397323,29.10812961792695,0.25017508089180446,110.06031249815786,0.2868588598667154,1.0,28.68588598667154,0.7591684765746198,37.78592877842177,0.0,0.15213864633659857,188.5509479505001,0.7684854394752005,0.0,0.0,0.0,,0.0,0.5963920039005364,0.0
2,76.744236,30.729776,0.9270345447963066,1.0,92.70345447963066,1.0,92.70345447963066,1.0,92.70345447963066,1.0,92.70345447963066,1.0,92.70345447963066,0.9330117935988936,0.38799437389961544,240.47044399677011,0.5052474205510038,184.66433585774394,0.29879314245246835,312.26010943250344,0.5862357257374421,159.15300836113875,0.3191533309071595,292.3396697590172,0.9373045741424664,0.2035723770274125,460.4281719499948,0.33011045648132664,283.9366508208403,0.3503624506978528,267.52426587824715,0.37151934217903193,252.28957626943352,0.5713639359096677,164.04685616885936,0.9391404343716101,0.24581730911093844,382.0481306903298,0.45304861855629547,207.29352124818658,0.35187717003216323,266.89439223515643,0.4765070965584397,197.08844656344635,0.943678937780754,0.14660319271360986,643.6960343859878,0.42665906028386236,221.17869409661918,0.37983062683807256,248.4473002181202,0.9465922520519479,0.2880032261554653,328.67418351104635,0.5176110712213162,182.87712622112969,0.44578976875940557,212.34050630776753,0.9488869523278403,0.575711377115935,164.8199063012014,0.2706626405295616,350.57921199294714,0.9511857097285646,0.5341254463012324,178.08282985119595,0.39761382525646954,239.22350011723793,0.0,0.6617159606172973,0.0,0.0,0.0,
