Ward,x,y,fill_ratio,distance_from_0,fill_p_m,fill_ratio_0,distance_from_0_0.0516817211686077,fill_per_m_0,fill_ratio_1,distance_from_10,fill_per_m_1,fill_ratio_2,distance_from_56,fill_per_m_2,fill_ratio_3,distance_from_199,fill_per_m_3,fill_ratio_4,distance_from_249,fill_per_m_4,fill_ratio_5,distance_from_35,fill_per_m_5
0,76.777493,30.713325,0.9900538501042633,0.25829825645856025,383.29869650633947,0.9900538501042633,0.5687695797774658,1.740694097057067,0.9907760314285834,0.8300745381873177,1.1935988707618943,0.9911933602163109,0.34255158258615104,2.893559424636515,0.9918474350960313,0.28959706168305066,3.4249223018069093,0.9919464898816528,0.16945014583558388,5.853913462217557,0.0,0.8870584422599114,0.0
0,76.791314,30.765309,0.8670723185801037,0.5640410522081261,153.72503742159566,0.8670723185801037,0.9452684370632245,0.9172762832047352,0.8758481692367622,0.310630601003042,2.819581092167365,0.888224545577503,0.6037079667845103,1.4712818025383936,0.8936643097856092,0.6668667269588096,1.3400943151881204,0.8967045193626818,0.8483186713804161,1.0570373488344074,0.8967045193626818,0.20858340869851189,4.299021312183011
0,76.771895,30.70311,0.8631034258755935,0.3605608375278408,239.3780289044699,0.8631034258755935,0.6911546201734095,1.248784860410891,0.8761752044429066,0.7423592694991443,1.1802576467241332,0.8813092791782604,0.3235249863642348,2.7240841243280483,0.8813092791782604,0.3704602305854916,2.378957864884445,0.8813092791782604,0.14183076604788505,6.213808919855314,0.8906674175283323,0.7943538528089676,1.121247683735383
0,76.801226,30.728631,0.8492234104941779,0.3165503978649712,268.2743146816153,0.8492234104941779,0.8373997456329327,1.014119498988274,0.8555499971311071,0.6417058166999767,1.3332433256267509,0.8663831763411789,0.5598411503620838,1.547551793541499,0.8785738855675826,0.3326757858125471,2.6409312701304715,0.8785738855675826,0.5927142004308668,1.4822892465355368,0.881734447742789,0.7020790614374336,1.2558905345183344
0,76.808706,30.702568,0.8530094554673601,0.19611161804962765,434.96120421152153,0.8530094554673601,0.40247475408515654,2.1194110855630917,0.8611579358716127,0.7485476677103995,1.1504383394923359,0.8694243843471957,0.46297433625645623,1.877910536850133,0.8730390803525734,0.3928395235746001,2.222380967191005,0.8730390803525734,0.47633478650463645,1.832826627588904,0.8801544861442795,0.7953847547899279,1.106577013003902
0,76.781181,30.69936,0.8714605901877177,0.2367468283637006,368.0981055631895,0.8714605901877177,0.44935471255377396,1.93936007755439,0.878520317321167,0.7675847812726968,1.1445254501587865,0.878520317321167,0.3473657746242807,2.5290929086821983,0.878520317321167,0.3766504646442073,2.3324551534830507,0.878520317321167,0.09588990073933366,9.161760629091999,0.878520317321167,0.8167122930517534,1.0756790669067313
0,76.811415,30.726194,0.8093611554785136,0.3023773781139925,267.6659082523675,0.8093611554785136,0.7809637241361834,1.0363620363720996,0.8096355512826146,0.6243300432066697,1.296806969474323,0.8132655675647459,0.5702646883671426,1.426119456727008,0.8248984987055316,0.34907441430254804,2.3631021493044164,0.8396420197754135,0.6128504998542884,1.3700601043403688,0.8535059871952869,0.6832735704420765,1.2491423993512152
0,76.801829,30.716223,0.7851759613930136,0.30429556804913704,258.0306924701003,0.7851759613930136,0.7981855617037704,0.9837010327736484,0.8035533111456472,0.7257881868485395,1.1071457564427623,0.8128269099740921,0.43406254021361473,1.8726032188220538,0.8265488129484622,0.1475099729764509,5.603341904756608,0.8396451048299346,0.5102560802985459,1.6455366966693792,0.8468138593161622,0.8539312829751641,0.9916651095926545
0,76.775071,30.752306,0.7948113035416484,0.550549946526163,144.36679334122465,0.7948113035416484,1.0,0.7948113035416484,0.7957552257566568,0.25208736177076,3.1566644998264155,0.7970972903792449,0.4370850895092807,1.8236661682377522,0.8116215728740627,0.5265854593086979,1.5412912729104988,0.8262481677458196,0.7026278035696784,1.1759400404425955,0.83285769698323,0.13172878999848517,6.322518387915106
0,76.813526,30.722955,0.7464914051180241,0.2740215268988118,272.42071583437377,0.7464914051180241,0.7093455926241063,1.0523663118234132,0.7589542900902783,0.6234712926863339,1.2173043073405871,0.7695786870140267,0.5692823489072044,1.3518400640583912,0.775052191496028,0.3475737525875316,2.229892751469609,0.7972021214966495,0.6339865130868775,1.2574433446779112,0.7972021214966495,0.6825495599608854,1.1679769034534788
0,76.771048,30.761639,0.7607850486168974,0.5663026521060842,134.34248379157884,0.7607850486168974,0.986910614286325,0.7708753331901814,0.7721279955641238,0.29137776257854914,2.649920806348339,0.7824571791003674,0.5702646090710897,1.3720949304129544,0.7824571791003674,0.6487581755225922,1.2060844990046977,0.7863170146022864,0.7749497712991066,1.0146683613882794,0.7953461555659672,0.15807292779891421,5.0315140400115395
0,76.813366,30.729052,0.7319939418114051,0.318257635965816,230.00043332503995,0.7319939418114051,0.8434704597462035,0.8678358955589965,0.7366358568539528,0.7573330559600583,0.9726709418752784,0.7414271914741578,0.5813397129186603,1.2753768149637776,0.7635192667896764,0.2930361972123986,2.605545915668098,0.7635192667896764,0.6595459746203454,1.1576437370104202,0.7810165736881067,0.8477610775951737,0.9212696764796047
0,76.780351,30.73344,0.7068573438476171,0.46330909840167195,152.56711907582653,0.7068573438476171,1.0,0.7068573438476171,0.7254746478197026,0.3047437526471834,2.380605480892728,0.7254746478197026,0.3310885218127912,2.191180303827962,0.7322617675967471,0.36898559932232106,1.984526683267908,0.7516990253827207,0.5222045743329098,1.4394723109099123,0.7730117328731059,0.35400254129606096,2.1836332870464266
0,76.770601,30.750721,0.7030189588951778,0.5567754785663125,126.26614963457799,0.7030189588951778,1.0,0.7030189588951778,0.7141442433254548,0.26045007577626617,2.7419621253591973,0.7218836356661601,0.4433792690233673,1.628140253955164,0.7218836356661601,0.5473072991928947,1.3189731559047546,0.7359522268513846,0.6748052726183343,1.0906142211897545,0.7600009101546127,0.1414372819229549,5.373412864145734
0,76.800424,30.724398,0.7296061783380641,0.3513966973773291,207.63034592627784,0.7296061783380641,1.0,0.7296061783380641,0.7403815001464721,0.6393030658401742,1.1581072259890703,0.7549107984736492,0.38392807282068464,1.9662818426571107,0.7549107984736492,0.1474563020048026,5.119556019037166,0.7589502316323332,0.5410035181772491,1.4028563699352472,0.7589502316323332,0.7042357737197744,1.0776933804761961
0,76.801279,30.691834,0.7024840839871093,0.08823673701665048,796.1356094282462,0.7024840839871093,0.15152485256950293,4.636098119052034,0.7174531884721846,0.7991238416175231,0.8977997540656186,0.7174531884721846,0.4288458298230834,1.6729862775351312,0.7319991886593867,0.3717270429654591,1.9691846544707916,0.7319991886593867,0.31708508845829825,2.3085260559506136,0.753570755584093,0.838306655433867,0.898920163283305
0,76.781066,30.702775,0.6576128923003434,0.22698417370657092,289.71750830102314,0.6576128923003434,0.4532523510971787,1.450875854716414,0.6796085001598995,0.7554760971786834,0.8995764428522484,0.6846114966473076,0.31338166144200624,2.184593359729827,0.7053242160199593,0.26536050156739815,2.6579849369210513,0.721302633383105,0.0488146551724138,14.776354167318352,0.7481359044899053,0.8071610501567398,0.9268731492242192
0,76.787096,30.696067,0.662522284353982,0.23368557383804786,283.5101343539215,0.662522284353982,0.42927435925164914,1.5433539648372017,0.6680209581791353,0.7948974442161422,0.8403863454836978,0.6898958520659513,0.39699361955228724,1.7378008564570557,0.7020234527355645,0.4124941422443315,1.7018992049582535,0.7171714047891219,0.13786453264121698,5.202000768794622,0.7418553790300607,0.8368209509390434,0.886516259180155
0,76.775578,30.718136,0.6454722959071678,0.3197784515154191,201.84984099094132,0.6454722959071678,0.7405391895115938,0.8716247634819634,0.6662396631014204,0.6125924495290896,1.0875740692095865,0.6736482134563051,0.24362368071255724,2.7651179535831667,0.6988906470974409,0.4147760193590166,1.6849832547635883,0.7159039877619902,0.2742868179184513,2.6100561200678514,0.7358954257684319,0.67253269106236,1.0942150999470102
0,76.792508,30.72101,0.690937738102466,0.31465673721288473,219.5846001018576,0.690937738102466,0.892940177365688,0.7737783063372056,0.690937738102466,0.7294407551267594,0.9472157036007639,0.7035701688459051,0.3002408497960434,2.343352576186243,0.7211470009232583,0.23984741538932744,3.0066907319083307,0.7211470009232583,0.44669980091606454,1.6143884538215023,0.7296450766152929,0.8028929819432263,0.9087700266719819
0,76.785954,30.75735,0.6375574713552131,0.5272569393341772,120.91969280865682,0.6375574713552131,1.0,0.6375574713552131,0.6516264003150284,0.24305187252849497,2.6810178153991915,0.6578464249774689,0.5451407304024192,1.2067460534307375,0.69102919874804,0.5646615491974878,1.2237936153615372,0.7180123268545612,0.8246010700162828,0.8707390190997243,0.7180123268545612,0.09797627355198883,7.328430657995628
0,76.767338,30.709891,0.6311386259972629,0.35703352662408383,176.7729299724227,0.6311386259972629,0.7488116061323181,0.8428536908731328,0.6658656262913162,0.7361251157526494,0.9045549622505454,0.6883158723994932,0.31447679802448814,2.1887652021498085,0.6883158723994932,0.43049696470830334,1.5988867026411746,0.7120388226266186,0.2991151353019858,2.3804840965594942,0.714818640596078,0.7930136845354461,0.9013950888058441
0,76.799059,30.741536,0.6150072266991697,0.43588045408608794,141.09539001666352,0.6150072266991697,0.982006476784155,0.6262761409814492,0.6520123687828855,0.3226565867568553,2.020762617420927,0.6556352186663039,0.4407639510593852,1.4874973715306599,0.6614810830528176,0.5498856062866805,1.2029430766877671,0.69505572610764,0.776440421322546,0.8951823050681986,0.695433980091232,0.37407296882080526,1.8590864298039416
0,76.79506,30.736182,0.5924145688620425,0.40062696847496543,147.87186472172343,0.5924145688620425,1.0,0.5924145688620425,0.6202529298833476,0.26807734224801927,2.313708889688645,0.6527477525506005,0.4266191543293781,1.5300479266494356,0.6527477525506005,0.35644049324663557,1.83129516684553,0.6666897329026996,0.6964598410540881,0.9572550972840995,0.6914611252601124,0.47400903714044307,1.4587509331710082
0,76.810006,30.737167,0.6323058305935795,0.3805963559297089,166.1355451102527,0.6323058305935795,0.9209729691228319,0.6865628544948615,0.6491555221883164,0.5164476417726176,1.2569628935862731,0.6575120335323237,0.5313935681470138,1.2373353253504535,0.665596477849852,0.4231157329914408,1.5730837356107397,0.6810311223619224,0.7577549058014886,0.8987485493631818,0.6906405465715184,0.5716727803696713,1.2081046540731164
0,76.793766,30.712887,0.5908332605690108,0.24407127228485367,242.07406920034973,0.5908332605690108,0.5957418783154316,0.99176049573634,0.6038846824295351,0.7419741111949324,0.8138891550501575,0.630348558033214,0.24893726574942224,2.532158277450177,0.6395423169831878,0.13823328663289866,4.62654352335265,0.6595507804534885,0.28986600567589893,2.2753643667720613,0.6902897700980448,0.8051514171785752,0.8573415575879746
0,76.774891,30.736846,0.6451727904094499,0.4364544393096479,147.8213376475074,0.6451727904094499,1.0,0.6451727904094499,0.6451727904094499,0.41302295258862937,1.5620749073769795,0.6538012014076855,0.28993098487062474,2.255023559139185,0.665468210887916,0.4823752894364139,1.3795653000082566,0.6737204030763716,0.6083897219162376,1.107382946829481,0.6834186662853347,0.47232650675538973,1.446919993925444
0,76.784379,30.732329,0.6011150117432088,0.4421354212659072,135.95721646144446,0.6011150117432088,1.0,0.6011150117432088,0.6038817299117154,0.37887799032444186,1.593868594463874,0.6154938470908453,0.29238604589232614,2.1050725769502234,0.6426698659536915,0.3763370467356087,1.7076975852584395,0.6426698659536915,0.536882517420443,1.1970400322244137,0.6638674602702548,0.506879410589854,1.309714788962752
0,76.804139,30.741704,0.6118528947223795,0.42600987058350265,143.62411224987088,0.6118528947223795,1.0,0.6118528947223795,0.6118528947223795,0.4215714499579672,1.4513622655978822,0.6118528947223795,0.5250757165724288,1.1652660281385925,0.6183589860815009,0.4590785034029273,1.3469569616043973,0.6319219187939222,0.7788385135368563,0.8113644970177998,0.6611686036131217,0.5156212213687713,1.2822757796080995
0,76.773296,30.7083,0.5978999788110851,0.28003120124805,213.51191443894456,0.5978999788110851,0.603833663031175,0.9901733133089939,0.598632678459144,0.7417884080354592,0.8070127167995971,0.598632678459144,0.2969396282700913,2.0160080415896453,0.6281894488955626,0.40265098221747364,1.5601339041469782,0.6510924378689178,0.1454655086691138,4.475923150620804,0.6510924378689178,0.7976007870434038,0.816313685299168
0,76.778731,30.756758,0.5487337893665861,0.5539104583051246,99.06543217212791,0.5487337893665861,0.8862341250529818,0.6191747461019752,0.5854879999484117,0.24768057016373368,2.363883446979165,0.5890324311630075,0.5037205067424373,1.1693636119209894,0.5890324311630075,0.5825575736644636,1.0111145366419583,0.6284061440521933,0.6716299587133641,0.935643408843801,0.6500628879643344,0.12529630618043672,5.18820472670752
0,76.794879,30.751573,0.5200680211778108,0.4868719277072969,106.81823937289542,0.5200680211778108,0.9956059830860444,0.522363294328319,0.5502529996799239,0.23263209638747606,2.3653356876577036,0.5904006421126698,0.59146677902509,0.9981974694940983,0.6098414923067323,0.538527904013804,1.1324231999148189,0.6395321942368251,0.8125319770066511,0.7870855699647007,0.6395321942368251,0.27930097009460175,2.289760017733593
0,76.766896,30.748096,0.5467102793432796,0.5053375719934459,108.18714254446341,0.5467102793432796,0.9822726145747908,0.5565769331561191,0.5520665695136866,0.3259111628173097,1.6939173385207087,0.5781829501658116,0.5652070261095112,1.022957825109885,0.6148081131659971,0.6373657810920603,0.964607971442375,0.6361564688371915,0.676949630957603,0.9397397380028022,0.6390297107196394,0.19988366105315353,3.19700823645464
0,76.769145,30.746104,0.5187906217433661,0.49103209411395327,105.65309843534808,0.5187906217433661,1.0,0.5187906217433661,0.5187906217433661,0.3123357744452548,1.6610028827623076,0.5471961679709247,0.3688643334565545,1.48346185396473,0.5896060326280651,0.5301975202565665,1.112049774096926,0.6202104971979002,0.674765962973694,0.9191490549769764,0.6202104971979002,0.1802959307030602,3.439958377204646
0,76.807241,30.730795,0.578280140996174,0.36013402800262956,160.5735909498537,0.578280140996174,0.9783040366752402,0.5911047274847758,0.578280140996174,0.5290856510788011,1.0929802004969624,0.5793990567238467,0.47222037128350014,1.2269675176211348,0.5793990567238467,0.45889361248450766,1.2625999599055377,0.5931498313457061,0.7320521875874569,0.8102562104219428,0.5931498313457061,0.5910817330117143,1.0034988364865454
0,76.779187,30.743609,0.3701587002554444,0.4874606305006917,75.93612224134665,0.3701587002554444,1.0,0.3701587002554444,0.42656245167419315,0.15811720660608072,2.697761115505242,0.477859435258147,0.3642301460302125,1.3119711272292907,0.5043442222046753,0.4653241146100662,1.083855760682653,0.5482690280892105,0.6572064047985668,0.8342417604059329,0.5893596888112317,0.2049354387448044,2.8758310052227283
0,76.80172,30.703948,0.4722149251619493,0.17441792011303095,270.737619652804,0.4722149251619493,0.34862034476672354,1.354524864227095,0.4722149251619493,0.7745190327704888,0.6096879549529153,0.501351151427959,0.3453648683100939,1.4516564868949242,0.5479187216480075,0.36074013061128435,1.5188737685478566,0.5479187216480075,0.3241552430821125,1.6902972675632857,0.5854092252835625,0.8201349257712144,0.7137962387506819
0,76.811201,30.741305,0.5015162946871996,0.40627851529155506,123.44150030362783,0.5015162946871996,0.9255968347639484,0.541830174705707,0.5417356917277029,0.48590620529327605,1.1148976609605759,0.5536241417548045,0.504247138769671,1.0979222273935159,0.5586199633711181,0.5471320636623748,1.020996575546763,0.5721087233538192,0.7798082081545065,0.7336531179990672,0.5748318623459777,0.5379001251788268,1.0686590975506334
0,76.769624,30.713988,0.5026370931051921,0.31313101580667,160.51974021491532,0.5026370931051921,0.7142473479253391,0.7037297297150528,0.5114622778344292,0.6928852781880847,0.7381630032202706,0.5419543064077037,0.2988899333064769,1.8132236854293535,0.5475474984334255,0.4250704981871895,1.288133382035609,0.5678449986538997,0.23246497471017413,2.4427120660299937,0.5678449986538997,0.7519247124121571,0.755188636947795
0,76.808811,30.708145,0.5085706911647028,0.1988343684690784,255.77604871855584,0.5085706911647028,0.44747940910194983,1.1365231132877323,0.5480560989928396,0.7242586172632323,0.7567132595036121,0.5480560989928396,0.5545410382670524,0.9883057540800257,0.5506361046365635,0.26517543665952703,2.0764973995067075,0.5506361046365635,0.5260339611809128,1.0467691162000652,0.5558007785630117,0.775608894384702,0.7165992842358181
0,76.797529,30.689395,0.3930977246667604,0.11621974312934782,338.2366146079489,0.3930977246667604,0.19744299239898655,1.9909429040277153,0.3993563357305298,0.8076743565808774,0.49445216686230126,0.4374058036496576,0.4413588478463796,0.9910434690139079,0.48623438318998274,0.38485131350846785,1.2634343865355786,0.5219728517999,0.3125166688891852,1.6702240352657334,0.5467081921875009,0.8464461928257101,0.6458865274854776
0,76.770566,30.75625,0.42754101835854963,0.5722093034664782,74.71759298013515,0.42754101835854963,1.0,0.42754101835854963,0.42754101835854963,0.31176803443131745,1.3713433422974508,0.42754101835854963,0.4583926336185463,0.9326960928310423,0.4657162617353421,0.5840034980023663,0.7974545757488855,0.5081489336427957,0.7022496956395,0.7236015007169957,0.546212287033098,0.17808947341346731,3.0670666635358406
0,76.789598,30.725341,0.417411003148779,0.4027413926745749,103.6424392280079,0.417411003148779,1.0,0.417411003148779,0.417411003148779,0.539527858308768,0.7736597781201088,0.4330638504768501,0.23049187516749095,1.8788681820656656,0.46229485319206487,0.30942578020318173,1.4940411651818508,0.4939227918222893,0.48567495797500426,1.016982209421861,0.5390913613036827,0.6037956488902966,0.8928374397769634
0,76.764835,30.753958,0.4401524937396013,0.5711349208685329,77.06628988300264,0.4401524937396013,1.0,0.4401524937396013,0.46097983350108696,0.3350569924153274,1.3758251400098198,0.4768521317747383,0.5313136171930699,0.8974965375326691,0.48461267470964114,0.5963030089590188,0.8126953368148213,0.5165455238508264,0.7147630541406472,0.7226807833147786,0.5318684485076087,0.20112696381174894,2.6444412943330047
0,76.80957,30.744244,0.43194501864211576,0.4194507402937627,102.97872363739366,0.43194501864211576,0.9656761427167689,0.4472980117608688,0.45130453351262867,0.45644292345745946,0.9887425356364197,0.45899247994644876,0.5635030890342109,0.8145340972897184,0.45899247994644876,0.48044364630275926,0.9553513372038794,0.49374277393015675,0.7988231174962446,0.6180877382188154,0.5244771225399634,0.5993516981217317,0.8750740578254591
0,76.77424,30.748268,0.3745401188473625,0.5357636946987313,69.90770792298133,0.3745401188473625,1.0,0.3745401188473625,0.42623171770030827,0.11963299728044392,3.5628273753029442,0.4506291199073027,0.4896391323059455,0.9203290549615061,0.5029188877313593,0.5589191367011876,0.8998061699938402,0.5223808906845584,0.6914173740259503,0.7555217880089782,0.5223808906845584,0.07612925674623887,6.861762652245602
0,76.814484,30.719424,0.41038292303562973,0.2569687693168104,159.701478170555,0.41038292303562973,0.6401701253941483,0.6410529119629876,0.45465556345246355,0.6376402434553055,0.7130283386580697,0.45465556345246355,0.5854904548898829,0.7765379600218651,0.45465556345246355,0.251252719317543,1.8095547968093912,0.48628465662863357,0.5588105888391875,0.8702137474502559,0.5166810477192393,0.6944953679939381,0.743966153743662
0,76.805606,30.74516,0.363629602379294,0.416247215926373,87.35904733201,0.363629602379294,0.9545060804805886,0.38096101199922,0.363629602379294,0.3789360002699936,0.9596069049132473,0.40031740425508333,0.4806448346851762,0.8328757023203889,0.40211486827294746,0.4825010406002857,0.8333968933469474,0.4444260591617771,0.7996197590307229,0.5557967448184349,0.4972350874392192,0.43126975734326306,1.1529560767310005
0,76.801987,30.752503,0.3042422429595377,0.46546767531078603,65.36270059062632,0.3042422429595377,0.9591201326270673,0.3172097348495922,0.3349620700895869,0.29343738627633337,1.141511224388256,0.3948167235351314,0.6093364603129676,0.6479453458805756,0.43746282482060406,0.5349965630180744,0.8176927761044789,0.4690020393954727,0.8199526909546723,0.5719867067567189,0.49489706128466066,0.4243459625571146,1.1662584422917663
0,76.805815,30.70505,0.2848404943774676,0.17531569187295795,162.47290321500515,0.2848404943774676,0.37867966514782236,0.7521937948959486,0.3393006510680046,0.7353502172300519,0.46141368169590885,0.39412163801710537,0.4423545618310904,0.8909632046873693,0.43492345197801097,0.29474409240224647,1.4755968421055148,0.4731490686595538,0.4540743880470489,1.0420078320086366,0.4856582730540197,0.7846455441347886,0.6189524386957992
0,76.779344,30.723923,0.3143559810763267,0.33357862616391454,94.23744701252465,0.3143559810763267,0.9272729752212632,0.33901126149105765,0.32060947298079373,0.6566433471068746,0.48825511503828833,0.36140801961018765,0.1750194329664935,2.064959378992944,0.41689559509107205,0.4647138239986908,0.8971017722344462,0.4363851786831748,0.46701850563896957,0.9344066100466777,0.4782952339029878,0.7285794160564034,0.656476457284322
0,76.812959,30.734825,0.32533033076326434,0.34278201316731916,94.9088103419428,0.32533033076326434,0.9281492009936105,0.35051512236932253,0.3451123721990825,0.6061688872358231,0.5693336947279191,0.38140480394378434,0.5494879185983184,0.6941095355048114,0.4230116478629141,0.37106308364660406,1.1399992791139126,0.470616037824061,0.7455134761759276,0.6312642934881089,0.4761335317308299,0.6679507445437759,0.7128273089298507
0,76.803858,30.724407,0.23956189066697242,0.3509600761388946,68.25901490064764,0.23956189066697242,0.9664167510976022,0.24788673250426527,0.30205926162928126,0.6626004728132388,0.45586937230336083,0.32880006035975373,0.4851739277271192,0.6776952378708275,0.3725108138479525,0.1676325565687268,2.2221865577479796,0.41867287873155545,0.548436339074637,0.7633937594980884,0.4751507089735248,0.7254441067207025,0.6549790736069193
0,76.772117,30.729533,0.3677158030594335,0.37855061372266213,97.13781717147961,0.3677158030594335,1.0,0.3677158030594335,0.36840105063572776,0.49917706672887263,0.7380167783946379,0.3792442962926675,0.40712517657426484,0.9315176710116537,0.4331347218960853,0.5373041483612612,0.8061257729297548,0.4331347218960853,0.5566139211798401,0.7781600592704919,0.46907987770538107,0.5558752251726864,0.843858219368669
0,76.790582,30.732536,0.375582952639944,0.4218595158900696,89.0303379425997,0.375582952639944,1.0,0.375582952639944,0.375582952639944,0.3769813119977672,0.99629064011048,0.375582952639944,0.26536498005605236,1.415344830205593,0.4188316978413449,0.38217953041597374,1.0959030102566665,0.4233100807665216,0.6195997255526741,0.6831992709308176,0.45055829624022775,0.4310799967438453,1.0451848836492332
0,76.788734,30.715511,0.32078006497173583,0.2902108537171676,110.53344865053195,0.32078006497173583,0.7087351887572334,0.45260919742707206,0.3664588591759313,0.6890387817940024,0.5318406871407264,0.3664588591759313,0.15086201732421195,2.4290995551808656,0.39795692589381493,0.24002300310302274,1.6579949452719902,0.42909875118182617,0.2532378065582805,1.694449802000922,0.44362199830097016,0.7522374111924472,0.5897366864508111
0,76.80233,30.744275,0.2944488920695857,0.4409334863960596,66.77852808963185,0.2944488920695857,0.9822090113324663,0.29978231585366527,0.2944488920695857,0.32178958986744177,0.9150354807651832,0.33700435597804335,0.447069623088944,0.7538073234535032,0.38185689876732937,0.5549630082944474,0.688076309700136,0.4086855064675051,0.77895680111904,0.5246574725073232,0.43718929288144653,0.372627230703662,1.173261793175627
0,76.804076,30.697282,0.3109823217156622,0.144595217770975,215.07095912966392,0.3109823217156622,0.28439924350611756,1.0934709877629223,0.3149482220348216,0.7796422092709097,0.40396507306774554,0.3269620626573237,0.4831911690918214,0.6766722646687914,0.3712375473473829,0.4114207418271643,0.9023306547420933,0.397724043263815,0.35305299316839706,1.1265278894664716,0.43450985843007034,0.8245300860704774,0.5269787795140931
0,76.782452,30.758257,0.3253996981592677,0.5445942365996527,59.7508523393498,0.3253996981592677,0.9855464900521143,0.3301718401351732,0.36802345556366306,0.26327938421655406,1.3978438025400208,0.3691857031850945,0.5515328000568197,0.6693812283640438,0.3691857031850945,0.640704209096478,0.5762186324727299,0.41874573048517194,0.8243649955165708,0.5079615616414835,0.4268846909389546,0.12486128004119428,3.4188716533910006
0,76.798588,30.701914,0.3180034749718639,0.17773427918248808,178.9207329247696,0.3180034749718639,0.36708039920968644,0.866304699614897,0.37198889068247626,0.7751760474188156,0.479876657594267,0.37198889068247626,0.3317391965145144,1.1213293291563178,0.37198889068247626,0.3394498201529966,1.0958582641605574,0.37198889068247626,0.30164648665079286,1.2331948394715324,0.42239216297800397,0.8223111606464361,0.513664635958428
0,76.805758,30.701109,0.17052412368729153,0.16121625997115355,105.77352663918853,0.17052412368729153,0.3365490967186924,0.5066842411697978,0.23498658559855445,0.7661197820654623,0.3067230361354586,0.2714050799599059,0.4008336405718734,0.6771015515880593,0.29523254997986864,0.34028716562205563,0.8675982517300477,0.3615285612665487,0.40941583712260865,0.8830351160995292,0.42101837504570017,0.8513682356314777,0.4945197124172973
0,76.788779,30.711419,0.35949115121975517,0.24645061274149083,145.867420340657,0.35949115121975517,0.5706042707860064,0.6300183325381647,0.3799434722610421,0.7201272149023171,0.5276060457076048,0.3885843366019349,0.21035892776010903,1.8472443301530428,0.3885843366019349,0.1474329850068151,2.6356675650565755,0.3975998150455193,0.24918218991367563,1.5956189131464815,0.4100690517990706,0.7800545206724216,0.5256928085559756
0,76.806562,30.739112,0.29214464853521815,0.38834270351946154,75.22856638931997,0.29214464853521815,0.951190204395525,0.3071358884744551,0.3004312999410478,0.4379303300849545,0.6860253316612412,0.3037168919734315,0.5356220184809123,0.5670358601664821,0.37175587978072605,0.4472548996046671,0.8311946500962307,0.37175587978072605,0.785979500366494,0.47298419310857365,0.4039639282265565,0.5897189411326468,0.6850109434346489
0,76.775276,30.693654,0.2420552715115004,0.26169310923380334,92.49585219121762,0.2420552715115004,0.4186982935903675,0.5781138237652209,0.2497198114412923,0.7371548327341799,0.3387616825559658,0.2764052307187433,0.3903078444608405,0.7081723686608481,0.33997415720772756,0.4429836266306651,0.7674643864234263,0.37771920498635303,0.19691213638718386,1.9182119087045622,0.39135143625541274,0.7736691731683961,0.5058382184890693
0,76.767487,30.724379,0.3308980248526492,0.3375131231664361,98.0400470797324,0.3308980248526492,0.9633280591455816,0.34349463997356966,0.3308980248526492,0.6731170449612838,0.49159061909014906,0.3308980248526492,0.39084531694134456,0.8466214395049491,0.37498418180550536,0.7482532170211574,0.5011461003780788,0.38877277781823366,0.5723847263256648,0.6792158489516315,0.38910930725090515,0.7469930128680847,0.5209008659357031
0,76.790682,30.718419,0.24185229090045168,0.3059537475838656,79.04864470867678,0.24185229090045168,0.7998076306508496,0.30238807637236786,0.2949961050169749,0.6770375120230843,0.43571604198929037,0.3470277624378748,0.2026418723949984,1.712517548009195,0.3490119530741925,0.21568451426739338,1.6181595338898898,0.37569627143106504,0.3711830714972748,1.0121589595009948,0.3824403595395912,0.7446873998076307,0.5135582522792571
0,76.811364,30.712464,0.17711067940704894,0.20510405321873254,86.35162329930644,0.17711067940704894,0.5006646308604276,0.35375113097698097,0.208072678877461,0.7009161128076163,0.29685817614321514,0.28226278545859923,0.5168433027962397,0.5461283602428307,0.34476000105833704,0.2822345967307347,1.2215369945848793,0.34476000105833704,0.5013951260403569,0.6876014208215251,0.37800766087718146,0.7566253517753427,0.4995968744507778
0,76.795277,30.745213,0.18340450985343382,0.44020251376092784,41.66366708960686,0.18340450985343382,1.0,0.18340450985343382,0.18340450985343382,0.26276607600579516,0.6979763622507684,0.23214242772860982,0.5453582971135629,0.42566956248264354,0.2949404473038726,0.48175638025186673,0.6122190787585936,0.3252338113241283,0.7909394851220328,0.4111993615718256,0.372619858426069,0.4017496935250195,0.927492576675391
0,76.775422,30.74005,0.3379951568515358,0.5031299365182155,67.17850247404209,0.3379951568515358,1.0,0.3379951568515358,0.3379951568515358,0.19916729233499417,1.6970414815050898,0.3387230860341703,0.38404009477656326,0.8819992772661962,0.3387230860341703,0.4819758768294704,0.7027801645641595,0.3509220747713895,0.6741324336710317,0.520553614162162,0.35657507400881133,0.2445274335247716,1.4582211446336095
0,76.796545,30.723682,0.23763754399239967,0.35103366398806896,67.69651129541712,0.23763754399239967,1.0,0.23763754399239967,0.24383926961273789,0.6049696732537665,0.40306031920786,0.2663064469626915,0.3493305755094055,0.7623336336201163,0.3255775829076568,0.14656063951700815,2.2214530721249615,0.34813777409745766,0.5405148559130167,0.6440854868075676,0.35555846895394033,0.6699835089582693,0.5306973443373018
0,76.786322,30.7382,0.22879816549162246,0.44597670699280806,51.30271646570818,0.22879816549162246,1.0,0.22879816549162246,0.30488799078549034,0.25963897169634903,1.1742766842493144,0.30488799078549034,0.30509201711639367,0.9993312629650828,0.30488799078549034,0.4498883474319909,0.6776970164393509,0.3409002679986541,0.6394117064692487,0.5331467418403436,0.3409002679986541,0.3108121486794196,1.0968048367706122
0,76.770598,30.733668,0.1987156815341724,0.4066464545374268,48.86694063525471,0.1987156815341724,1.0,0.1987156815341724,0.1987156815341724,0.3950657497888768,0.5029939488309632,0.20283635132510025,0.38875618289299074,0.5217572356423026,0.23381079069818625,0.595114006514658,0.39288403253608745,0.270815344520233,0.5944022198093859,0.45560957798421176,0.33699694614111775,0.4478465436120159,0.7524830791885472
0,76.769154,30.698312,0.16162871409461377,0.29713301739616754,54.396080082582735,0.16162871409461377,0.5040780997719593,0.32064220637185636,0.16162871409461377,0.7614061953825924,0.2122765943786396,0.20316928328688805,0.38858464969955225,0.5228443363472424,0.2347375402666046,0.3477870066747674,0.6749462624005361,0.29616081962088653,0.21276029095993476,1.3919929244534501,0.3258507395652451,0.807422141584966,0.40356923941372425
0,76.778147,30.738008,0.13949386065204183,0.4406195115729158,31.65857548025486,0.13949386065204183,1.0,0.13949386065204183,0.1818845533159631,0.29402661025441185,0.618598953198774,0.24495407150813192,0.3789233424260981,0.6464475636148111,0.3051926662347272,0.46316316873573454,0.6589312079105754,0.3051926662347272,0.6242721149028558,0.4888776207507183,0.3242812141094755,0.41038801981851586,0.7901819703530357
0,76.773727,30.699978,0.05147875124998935,0.2706904502595198,19.017571990676057,0.05147875124998935,0.4963299451290816,0.1037188099472845,0.11305772789643939,0.7708194656831879,0.14667212353833692,0.1857073749687641,0.36786902941441035,0.5048192702288122,0.20505041835780607,0.3984438247728704,0.5146281749370651,0.26304264447498216,0.19133759107672932,1.374756747980056,0.3237524827812485,0.8205541063236484,0.3945534856095789
0,76.805002,30.713908,0.22210781047073025,0.26618196803343835,83.44209493665949,0.22210781047073025,0.681907299416851,0.3257155491086119,0.25093977360209957,0.8353609491252765,0.30039682111650506,0.2801003596810988,0.44790619344460086,0.625354959990619,0.3209198399150258,0.16629800924994972,1.9297876226087345,0.32256265460463374,0.48837472350693745,0.6604818781127023,0.32256265460463374,0.9016690126684094,0.3577395364292693
0,76.770453,30.710377,0.1694927466860925,0.318257635965816,53.25645877175361,0.1694927466860925,0.7032455988205707,0.2410150123518052,0.2047246922555938,0.7900875899748504,0.25911645095211594,0.22181836982864014,0.3008737316798196,0.7372473781283515,0.2641895112148109,0.4231094441071893,0.624399939292969,0.2641895112148109,0.2368723441158616,1.115324425909289,0.30891981448632544,0.8472812418697425,0.3646012672304829
0,76.76597,30.7442,0.1198653673336828,0.5035322167603685,23.804905295806893,0.1198653673336828,1.0,0.1198653673336828,0.13032294364256047,0.3294069505743431,0.39562900362403913,0.16813887962862503,0.3845224524790771,0.437266740978601,0.21833742192630134,0.6059684915090755,0.3603115095680372,0.224637740630305,0.614542230536151,0.3655367027166256,0.2739819010554426,0.2006449790040823,1.3655058921253556
0,76.790718,30.708712,0.006952130531190703,0.22668491645326191,3.066869485612246,0.006952130531190703,0.5105915113208171,0.013615836489734568,0.10260473959277422,0.746577234604462,0.13743352306628315,0.16494647162941312,0.2526050587312286,0.6529816641752844,0.21667723155209756,0.2740864338044355,0.7905434375008134,0.2555661639810765,0.30097130291611873,0.8491379792853649,0.2555661639810765,0.8048775097517044,0.317521810318586
0,76.807766,30.733979,0.19967378215835974,0.36934232086264585,54.06198284886398,0.19967378215835974,1.0,0.19967378215835974,0.19967378215835974,0.5522806365061232,0.3615440574225997,0.22066346122339286,0.45352389554498845,0.4865531086476205,0.2459596209444338,0.37684297213293305,0.6526846435593615,0.2459596209444338,0.7462077942778205,0.3296127738554023,0.2459596209444338,0.7238131923598012,0.3398109119046968
0,76.77055,30.741327,0.045227288910538066,0.482942336561387,9.364945975240504,0.045227288910538066,1.0,0.045227288910538066,0.10092574665221073,0.3008167245687816,0.33550576949099814,0.15399186626403993,0.3582921923569208,0.42979408859302604,0.1861220521749285,0.5271022531033501,0.35310426217896496,0.19713822244631934,0.6740923589524795,0.292449869558923,0.24561465150969686,0.23430040023567175,1.0482895089493856
0,76.781129,30.727619,0.12706051265188478,0.3615714439898351,35.141191253880336,0.12706051265188478,1.0,0.12706051265188478,0.1679717507081439,0.6322759219559849,0.2656621023753567,0.17422342640747576,0.2597215815038941,0.6708084303146891,0.1929908198157773,0.3960136766980543,0.48733372398884495,0.20581485482731948,0.5494966215299449,0.3745516291879577,0.22627363759514624,0.7038479281430626,0.3214808604922885
0,76.779421,30.710251,0.009197051616629648,0.25906847594658505,3.5500465979218188,0.009197051616629648,0.5791049359023567,0.015881494089320575,0.009197051616629648,0.8200002193246992,0.011215913605735085,0.10334684879959595,0.3251050016997664,0.31788760018843537,0.10334684879959595,0.2957154920001316,0.3494806717787716,0.1622529399060244,0.14623474322560837,1.1095375580870235,0.17184410812670592,0.8778580749871148,0.19575386161279915
0,76.783378,30.716465,0.020584494295802447,0.2956563545560691,6.962304032568577,0.020584494295802447,0.7479769647023781,0.027520224909590725,0.04856757904295744,0.6949684754008837,0.06988457859896717,0.05728099441709994,0.13848483344089757,0.4136264816431777,0.10245438073434462,0.31947823065084646,0.3206928388379478,0.10245438073434462,0.3331678498734052,0.3075158085429747,0.1434036887305549,0.6944223799831207,0.20650787311036922
0,76.786779,30.705302,0.034388521115218396,0.20006083262198412,17.189032288091926,0.034388521115218396,0.4186600414758844,0.08213948719345177,0.034388521115218396,0.8351744245734349,0.0411752564535035,0.034388521115218396,0.30033057511857586,0.1145022317545964,0.06733980306524959,0.32558569287312894,0.20682666511237,0.0726610698117482,0.07871178366835718,0.9231282334789548,0.08388418925934536,0.8829332895304189,0.09500625953740911
0,76.768841,30.702185,0.9296976523425731,0.3208626458265878,289.7494190847737,0.9296976523425731,0.6175198746152539,1.50553478610194,0.9302492191222799,0.8451479502237664,1.1006939304248227,0.93429886820232,0.42220103102517137,2.212924174850292,0.0,0.48978416451082957,0.0,0.0,0.2602394395452915,0.0,0.0,0.8973506807409787,0.0
0,76.781403,30.706507,0.9636199770892528,0.25143496305889973,383.24820278217265,0.9636199770892528,0.4967193572460046,1.9399686423172988,0.9647948934777305,0.7580853064033106,1.2726732536937575,0.9662697249852003,0.32070826993341794,3.0129242541385257,0.0,0.2731995231680251,0.0,0.0,0.0,,0.0,0.8092187515143292,0.0
0,76.774077,30.720803,0.9507143064099162,0.35762222941747857,265.8431798153347,0.9507143064099162,0.7962882048369125,1.1939324237568376,0.9520491219449176,0.782939724291613,1.215992869446382,0.9520491219449176,0.2397373997771612,3.971216517864375,0.0,0.4450549450549451,0.0,0.0,0.3022305726083062,0.0,0.0,0.7310532409935988,0.0
0,76.801385,30.731702,0.9093204020787821,0.3543058703480215,256.64841544555566,0.9093204020787821,1.0,0.9093204020787821,0.0,0.4350950554547846,0.0,0.0,0.43844588139183893,0.0,0.0,0.35851068248847284,0.0,0.0,0.743564891098157,0.0,0.0,0.4994946068318079,0.0
0,76.778559,30.751855,0.9656320330745594,0.545683336767433,176.95831410115167,0.9656320330745594,1.0,0.9656320330745594,0.9656320330745594,0.24541719484676036,3.934655164148154,0.9662382392863917,0.5525438052341524,1.7487088446805181,0.9695727181103674,0.4994920480801215,1.9411174248660754,0.0,0.7506540442862152,0.0,0.0,0.0,
0,76.786832,30.700819,0.8154614284548342,0.22557619285903513,361.50154771182986,0.8154614284548342,0.42064000292740045,1.9386207274146894,0.8220304974175752,0.7917977898126463,1.0381823591754185,0.0,0.38755122950819665,0.0,0.0,0.40360619145199056,0.0,0.0,0.12482618559718969,0.0,0.0,0.8343548741217798,0.0
0,76.788215,30.721767,0.9218742350231168,0.3278387739283157,281.1974385997098,0.9218742350231168,0.9100764003322939,1.012963565132021,0.0,0.765147285132577,0.0,0.0,0.0,,0.0,0.4483514687657465,0.0,0.0,0.4506530117528497,0.0,0.0,0.8369990058423784,0.0
0,76.794488,30.691011,0.8925589984899778,0.13853157899900903,644.3000252645373,0.8925589984899778,0.2393984095494854,3.7283413877713305,0.8969528298818119,0.8043644132458415,1.1151075496519662,0.0,0.43174457839496755,0.0,0.0,0.4473014904115164,0.0,0.0,0.3006850128016006,0.0,0.0,0.8438035166251251,0.0
0,76.798519,30.718065,0.8870864242651173,0.33627684730030716,263.7964615723061,0.8870864242651173,0.8450888288888067,1.049696072105855,0.8888528108516556,0.6276214077005584,1.4162244944897293,0.0,0.40588822724414686,0.0,0.0,0.0,,0.0,0.34753609251519524,0.0,0.0,0.6849749109245354,0.0
0,76.782044,30.751951,0.7080725777960455,0.49890108811899647,141.92644487220642,0.0,1.0,0.0,0.0,0.0,,0.0,0.552475539603717,0.0,0.0,0.5005850828457643,0.0,0.0,0.769162692364423,0.0,0.0,0.2684301096415753,0.0
